kind,path,url,vertical,title,query_count,status,source
page,dentistry/index.html,https://theindustryguides.com/dentistry/,dentistry,Dentistry Atlas (Quick Answers),65,active,content/_live/pages.json
page,dentistry/anxiety-trust/index.html,https://theindustryguides.com/dentistry/anxiety-trust/,dentistry,Dentistry: Anxiety & Trust,27,active,content/_live/pages.json
page,dentistry/best-top-near-me/index.html,https://theindustryguides.com/dentistry/best-top-near-me/,dentistry,Dentistry Provider Selection Guide,27,active,content/_live/pages.json
page,dentistry/choosing-a-dentist/index.html,https://theindustryguides.com/dentistry/choosing-a-dentist/,dentistry,How to Choose the Right Dentist,5,active,content/_live/pages.json
page,dentistry/clear-aligners/index.html,https://theindustryguides.com/dentistry/clear-aligners/,dentistry,Clear Aligners vs Braces Questions,4,active,content/_live/pages.json
page,dentistry/cosmetic-restorative/index.html,https://theindustryguides.com/dentistry/cosmetic-restorative/,dentistry,Cosmetic & Restorative Dentistry Questions,5,active,content/_live/pages.json
page,dentistry/cost-financing/index.html,https://theindustryguides.com/dentistry/cost-financing/,dentistry,Dental Implant Cost & Financing Questions,6,active,content/_live/pages.json
page,dentistry/cost-insurance/index.html,https://theindustryguides.com/dentistry/cost-insurance/,dentistry,Dentistry: Cost & Insurance,26,active,content/_live/pages.json
page,dentistry/dental-bridge-vs-implant/index.html,https://theindustryguides.com/dentistry/dental-bridge-vs-implant/,dentistry,Dental Bridge vs Implant Questions,4,active,content/_live/pages.json
page,dentistry/dental-red-flags/index.html,https://theindustryguides.com/dentistry/dental-red-flags/,dentistry,Dental Red Flags Questions,4,active,content/_live/pages.json
page,dentistry/emergency-open-now/index.html,https://theindustryguides.com/dentistry/emergency-open-now/,dentistry,Dentistry: Emergency & Open Now,25,active,content/_live/pages.json
page,dentistry/insurance-billing/index.html,https://theindustryguides.com/dentistry/insurance-billing/,dentistry,Dental Insurance & Billing Questions,4,active,content/_live/pages.json
page,dentistry/pediatric-family/index.html,https://theindustryguides.com/dentistry/pediatric-family/,dentistry,Pediatric & Family Dentistry Questions,5,active,content/_live/pages.json
page,dentistry/recovery-aftercare/index.html,https://theindustryguides.com/dentistry/recovery-aftercare/,dentistry,Dental Recovery & Aftercare Questions,4,active,content/_live/pages.json
page,dentistry/root-canal-treatment/index.html,https://theindustryguides.com/dentistry/root-canal-treatment/,dentistry,Root Canal Pain & Timeline Questions,5,active,content/_live/pages.json
page,dentistry/specialists/index.html,https://theindustryguides.com/dentistry/specialists/,dentistry,Dentistry: Specialists,25,active,content/_live/pages.json
page,dentistry/treatment-comparison/index.html,https://theindustryguides.com/dentistry/treatment-comparison/,dentistry,Dental Treatment Comparison Questions,4,active,content/_live/pages.json
page,neuro/index.html,https://theindustryguides.com/neuro/,neuro,Neuropsych Evaluation Intake & Provider Comparison Guide,68,active,content/_live/pages.json
page,neuro/adhd-testing/index.html,https://theindustryguides.com/neuro/adhd-testing/,neuro,ADHD Testing Questions,5,active,content/_live/pages.json
page,neuro/adhd-therapy-selection/index.html,https://theindustryguides.com/neuro/adhd-therapy-selection/,neuro,ADHD Therapy Selection Questions,6,active,content/_live/pages.json
page,neuro/adult-vs-child/index.html,https://theindustryguides.com/neuro/adult-vs-child/,neuro,Adult vs Child Evaluation Questions,4,active,content/_live/pages.json
page,neuro/autism-evaluation/index.html,https://theindustryguides.com/neuro/autism-evaluation/,neuro,Autism Evaluation Questions,4,active,content/_live/pages.json
page,neuro/autism-therapy-selection/index.html,https://theindustryguides.com/neuro/autism-therapy-selection/,neuro,Autism Therapy Selection Questions,6,active,content/_live/pages.json
page,neuro/best-top-near-me/index.html,https://theindustryguides.com/neuro/best-top-near-me/,neuro,Neuro Evaluation & Therapy Selection Guide,32,active,content/_live/pages.json
page,neuro/cost-timeline/index.html,https://theindustryguides.com/neuro/cost-timeline/,neuro,Neuro: Cost & Timeline,30,active,content/_live/pages.json
page,neuro/insurance-school-docs/index.html,https://theindustryguides.com/neuro/insurance-school-docs/,neuro,"Insurance, School & Documentation Questions",4,active,content/_live/pages.json
page,neuro/report-results/index.html,https://theindustryguides.com/neuro/report-results/,neuro,Testing Results & Report Questions,4,active,content/_live/pages.json
page,neuro/situations/index.html,https://theindustryguides.com/neuro/situations/,neuro,Neuro: Common Situations,27,active,content/_live/pages.json
page,neuro/therapy-after-evaluation/index.html,https://theindustryguides.com/neuro/therapy-after-evaluation/,neuro,Therapy After Evaluation Questions,6,active,content/_live/pages.json
page,neuro/therapy-red-flags-and-fit/index.html,https://theindustryguides.com/neuro/therapy-red-flags-and-fit/,neuro,Therapy Red Flags & Fit Questions,6,active,content/_live/pages.json
page,neuro/trust-questions/index.html,https://theindustryguides.com/neuro/trust-questions/,neuro,Neuro: Trust & Questions to Ask,29,active,content/_live/pages.json
page,personal-injury/index.html,https://theindustryguides.com/personal-injury/,personal_injury,Personal Injury Claim Lifecycle & Lawyer Comparison Guide,74,active,content/_live/pages.json
page,personal-injury/best-top-near-me/index.html,https://theindustryguides.com/personal-injury/best-top-near-me/,personal_injury,How to Find a Good Personal Injury Lawyer Near You,4,active,content/_live/pages.json
page,personal-injury/cost-fees/index.html,https://theindustryguides.com/personal-injury/cost-fees/,personal_injury,Personal Injury Lawyer Cost & Contingency Fee Questions,4,active,content/_live/pages.json
page,personal-injury/evidence-documents/index.html,https://theindustryguides.com/personal-injury/evidence-documents/,personal_injury,"Evidence, Records & Paperwork Questions",6,active,content/_live/pages.json
page,personal-injury/insurance-fault/index.html,https://theindustryguides.com/personal-injury/insurance-fault/,personal_injury,Should You Give a Recorded Statement After an Accident?,4,active,content/_live/pages.json
page,personal-injury/medical-treatment/index.html,https://theindustryguides.com/personal-injury/medical-treatment/,personal_injury,Medical Treatment & Care Questions After an Injury,6,active,content/_live/pages.json
page,personal-injury/process-timeline/index.html,https://theindustryguides.com/personal-injury/process-timeline/,personal_injury,How Long Does a Personal Injury Lawsuit Take?,4,active,content/_live/pages.json
page,personal-injury/questions-to-ask/index.html,https://theindustryguides.com/personal-injury/questions-to-ask/,personal_injury,Questions to Ask a Personal Injury Lawyer,4,active,content/_live/pages.json
page,personal-injury/settlement-offers/index.html,https://theindustryguides.com/personal-injury/settlement-offers/,personal_injury,How to Tell Whether a Settlement Offer Is Fair,8,active,content/_live/pages.json
page,personal-injury/situations/index.html,https://theindustryguides.com/personal-injury/situations/,personal_injury,Can You File a Personal Injury Claim in This Situation?,4,active,content/_live/pages.json
page,personal-injury/switching-lawyers/index.html,https://theindustryguides.com/personal-injury/switching-lawyers/,personal_injury,Switching Personal Injury Lawyers & Replacing Bad Fit Counsel,4,active,content/_live/pages.json
page,personal-injury/trust-red-flags/index.html,https://theindustryguides.com/personal-injury/trust-red-flags/,personal_injury,Personal Injury Lawyer Red Flags & Trust Questions,4,active,content/_live/pages.json
page,trt/index.html,https://theindustryguides.com/trt/,trt,TRT Clinic Evaluation Framework & Monitoring Questions,65,active,content/_live/pages.json
page,trt/best-top-near-me/index.html,https://theindustryguides.com/trt/best-top-near-me/,trt,TRT Provider Selection Guide,26,active,content/_live/pages.json
page,trt/clinic-selection/index.html,https://theindustryguides.com/trt/clinic-selection/,trt,TRT Clinic Selection Questions,4,active,content/_live/pages.json
page,trt/cost-insurance/index.html,https://theindustryguides.com/trt/cost-insurance/,trt,TRT: Cost & Insurance,26,active,content/_live/pages.json
page,trt/fertility-pct/index.html,https://theindustryguides.com/trt/fertility-pct/,trt,"TRT Fertility, PCT & Family Planning Questions",4,active,content/_live/pages.json
page,trt/hair-loss-cost/index.html,https://theindustryguides.com/trt/hair-loss-cost/,trt,Hair Loss: Costs,25,active,content/_live/pages.json
page,trt/hair-loss-provider/index.html,https://theindustryguides.com/trt/hair-loss-provider/,trt,Hair Loss: Choosing a Provider,26,active,content/_live/pages.json
page,trt/labs-dosing/index.html,https://theindustryguides.com/trt/labs-dosing/,trt,TRT Labs & Dosing Questions,4,active,content/_live/pages.json
page,trt/medication-costs/index.html,https://theindustryguides.com/trt/medication-costs/,trt,TRT Medication & Supply Cost Questions,4,active,content/_live/pages.json
page,trt/peptide-clinic-selection/index.html,https://theindustryguides.com/trt/peptide-clinic-selection/,trt,Peptide Clinic Selection Questions,10,active,content/_live/pages.json
page,trt/peptide-cost-safety/index.html,https://theindustryguides.com/trt/peptide-cost-safety/,trt,Peptide Cost & Safety Questions,12,active,content/_live/pages.json
page,trt/peptide-red-flags/index.html,https://theindustryguides.com/trt/peptide-red-flags/,trt,Peptide Clinic Red Flag Questions,7,active,content/_live/pages.json
page,trt/peptide-types-uses/index.html,https://theindustryguides.com/trt/peptide-types-uses/,trt,Peptide Types & Uses Questions,14,active,content/_live/pages.json
page,trt/safety-red-flags/index.html,https://theindustryguides.com/trt/safety-red-flags/,trt,TRT: Safety & Red Flags,25,active,content/_live/pages.json
page,trt/side-effects-monitoring/index.html,https://theindustryguides.com/trt/side-effects-monitoring/,trt,TRT Side Effects & Monitoring Questions,4,active,content/_live/pages.json
page,uscis-medical/index.html,https://theindustryguides.com/uscis-medical/,uscis-medical,USCIS Medical Exam & Civil Surgeon 5-Step Framework,68,active,content/_live/pages.json
page,uscis-medical/after-exam-filing/index.html,https://theindustryguides.com/uscis-medical/after-exam-filing/,uscis-medical,USCIS After-Exam Filing Questions,4,active,content/_live/pages.json
page,uscis-medical/civil-surgeon-near-me/index.html,https://theindustryguides.com/uscis-medical/civil-surgeon-near-me/,uscis-medical,Civil Surgeon Selection Guide,27,active,content/_live/pages.json
page,uscis-medical/correction-mistakes/index.html,https://theindustryguides.com/uscis-medical/correction-mistakes/,uscis-medical,"I-693 Corrections, Rejections, Denials, RFEs & Refiling",6,active,content/_live/pages.json
page,uscis-medical/cost/index.html,https://theindustryguides.com/uscis-medical/cost/,uscis-medical,USCIS: Cost,26,active,content/_live/pages.json
page,uscis-medical/delays-rfe/index.html,https://theindustryguides.com/uscis-medical/delays-rfe/,uscis-medical,USCIS: Delays & RFEs,25,active,content/_live/pages.json
page,uscis-medical/exam-day-documents/index.html,https://theindustryguides.com/uscis-medical/exam-day-documents/,uscis-medical,USCIS Exam-Day & Document Questions,4,active,content/_live/pages.json
page,uscis-medical/process-documents/index.html,https://theindustryguides.com/uscis-medical/process-documents/,uscis-medical,USCIS: Process & Documents,26,active,content/_live/pages.json
page,uscis-medical/timeline-validity/index.html,https://theindustryguides.com/uscis-medical/timeline-validity/,uscis-medical,Current I-693 Timing & Validity Rules,6,active,content/_live/pages.json
page,uscis-medical/vaccines-labs/index.html,https://theindustryguides.com/uscis-medical/vaccines-labs/,uscis-medical,USCIS Vaccines & Lab Questions,4,active,content/_live/pages.json
page,anxiety-trust/index.html,https://theindustryguides.com/anxiety-trust/,dentistry,Dentistry: Anxiety & Trust,0,active,content/_live/pages.json
page,best-top-near-me/index.html,https://theindustryguides.com/best-top-near-me/,dentistry,Dentistry Provider Selection Guide,0,active,content/_live/pages.json
page,cosmetic-restorative/index.html,https://theindustryguides.com/cosmetic-restorative/,dentistry,Cosmetic & Restorative Dentistry Questions,0,active,content/_live/pages.json
page,cost-insurance/index.html,https://theindustryguides.com/cost-insurance/,dentistry,Dental Cost & Insurance Questions,0,active,content/_live/pages.json
page,dental-red-flags/index.html,https://theindustryguides.com/dental-red-flags/,dentistry,Dental Red Flags Questions,0,active,content/_live/pages.json
page,dentistry-second-opinion-do-i-need-a-second-opinion-for-dental-work/index.html,https://theindustryguides.com/dentistry-second-opinion-do-i-need-a-second-opinion-for-dental-work/,dentistry,second opinion do i need a second opinion for dental work,0,active,content/_live/pages.json
page,dentistry-second-opinion-how-to-get-a-second-opinion-for-dental-treatment/index.html,https://theindustryguides.com/dentistry-second-opinion-how-to-get-a-second-opinion-for-dental-treatment/,dentistry,second opinion how to get a second opinion for dental treatment,0,active,content/_live/pages.json
page,dentistry-second-opinion-is-it-worth-getting-a-second-opinion-dentist/index.html,https://theindustryguides.com/dentistry-second-opinion-is-it-worth-getting-a-second-opinion-dentist/,dentistry,second opinion is it worth getting a second opinion dentist,0,active,content/_live/pages.json
page,dentistry-second-opinion-what-to-ask-for-dental-second-opinion/index.html,https://theindustryguides.com/dentistry-second-opinion-what-to-ask-for-dental-second-opinion/,dentistry,second opinion what to ask for dental second opinion,0,active,content/_live/pages.json
page,dentistry-second-opinion-when-should-i-get-a-second-opinion-dentist/index.html,https://theindustryguides.com/dentistry-second-opinion-when-should-i-get-a-second-opinion-dentist/,dentistry,second opinion when should i get a second opinion dentist,0,active,content/_live/pages.json
page,dentistry-sedation-fear-cost-of-sedation-dentistry/index.html,https://theindustryguides.com/dentistry-sedation-fear-cost-of-sedation-dentistry/,dentistry,sedation fear cost of sedation dentistry,0,active,content/_live/pages.json
page,dentistry-sedation-fear-dentist-for-people-with-dental-anxiety-sedation/index.html,https://theindustryguides.com/dentistry-sedation-fear-dentist-for-people-with-dental-anxiety-sedation/,dentistry,sedation fear dentist for people with dental anxiety sedation,0,active,content/_live/pages.json
page,dentistry-sedation-fear-is-sedation-dentistry-safe-for-anxiety/index.html,https://theindustryguides.com/dentistry-sedation-fear-is-sedation-dentistry-safe-for-anxiety/,dentistry,sedation fear is sedation dentistry safe for anxiety,0,active,content/_live/pages.json
page,dentistry-sedation-fear-nitrous-oxide-vs-iv-sedation-dentist/index.html,https://theindustryguides.com/dentistry-sedation-fear-nitrous-oxide-vs-iv-sedation-dentist/,dentistry,sedation fear nitrous oxide vs iv sedation dentist,0,active,content/_live/pages.json
page,dentistry-sedation-fear-what-sedation-options-do-dentists-offer/index.html,https://theindustryguides.com/dentistry-sedation-fear-what-sedation-options-do-dentists-offer/,dentistry,sedation fear what sedation options do dentists offer,0,active,content/_live/pages.json
page,emergency-open-now/index.html,https://theindustryguides.com/emergency-open-now/,dentistry,Emergency Dentist Open Now Questions,0,active,content/_live/pages.json
page,pediatric-family/index.html,https://theindustryguides.com/pediatric-family/,dentistry,Pediatric & Family Dentistry Questions,0,active,content/_live/pages.json
page,second-opinion/index.html,https://theindustryguides.com/second-opinion/,dentistry,Dental Second Opinion Checklist,0,active,content/_live/pages.json
page,sedation-fear/index.html,https://theindustryguides.com/sedation-fear/,dentistry,Sedation Dentistry for Fearful Patients,0,active,content/_live/pages.json
page,civil-surgeon-vs-panel-physician/index.html,https://theindustryguides.com/civil-surgeon-vs-panel-physician/,uscis-medical,Civil surgeon vs panel physician,5,active,content/_live/pages.json
page,uscis-medical-exam-vs-physical/index.html,https://theindustryguides.com/uscis-medical-exam-vs-physical/,uscis-medical,USCIS medical exam vs routine physical,5,active,content/_live/pages.json
page,i-693-rejection-vs-denial-vs-rfe/index.html,https://theindustryguides.com/i-693-rejection-vs-denial-vs-rfe/,uscis-medical,I-693 rejection vs denial vs RFE,5,active,content/_live/pages.json
page,neuropsych-eval-vs-iq-test-vs-psych-eval/index.html,https://theindustryguides.com/neuropsych-eval-vs-iq-test-vs-psych-eval/,neuro,Neuropsych evaluation vs psychological evaluation vs IQ test,5,active,content/_live/pages.json
page,adhd-evaluation-vs-neuropsychological-evaluation/index.html,https://theindustryguides.com/adhd-evaluation-vs-neuropsychological-evaluation/,neuro,ADHD evaluation vs neuropsychological evaluation,5,active,content/_live/pages.json
page,school-iep-evaluation-vs-private-neuropsych-evaluation/index.html,https://theindustryguides.com/school-iep-evaluation-vs-private-neuropsych-evaluation/,neuro,School IEP evaluation vs private neuropsych evaluation,5,active,content/_live/pages.json
page,ssdi-eval-vs-school-iep-eval-vs-forensic-eval/index.html,https://theindustryguides.com/ssdi-eval-vs-school-iep-eval-vs-forensic-eval/,neuro,SSDI evaluation vs school IEP evaluation vs forensic evaluation,5,active,content/_live/pages.json
page,personal-injury-vs-workers-comp/index.html,https://theindustryguides.com/personal-injury-vs-workers-comp/,personal_injury,Personal injury claim vs workers compensation claim,5,active,content/_live/pages.json
page,comparative-negligence-vs-contributory-negligence/index.html,https://theindustryguides.com/comparative-negligence-vs-contributory-negligence/,personal_injury,Comparative negligence vs contributory negligence,5,active,content/_live/pages.json
page,settlement-demand-vs-lawsuit-filing/index.html,https://theindustryguides.com/settlement-demand-vs-lawsuit-filing/,personal_injury,Settlement demand vs lawsuit filing,5,active,content/_live/pages.json
page,cosmetic-vs-general-dentistry/index.html,https://theindustryguides.com/cosmetic-vs-general-dentistry/,dentistry,Cosmetic dentistry vs general dentistry,5,active,content/_live/pages.json
page,dental-insurance-vs-medical-insurance/index.html,https://theindustryguides.com/dental-insurance-vs-medical-insurance/,dentistry,Dental insurance vs medical insurance,5,active,content/_live/pages.json
page,dentist-vs-oral-surgeon-vs-endodontist/index.html,https://theindustryguides.com/dentist-vs-oral-surgeon-vs-endodontist/,dentistry,Dentist vs oral surgeon vs endodontist,5,active,content/_live/pages.json
page,dental-implant-vs-bridge-vs-denture/index.html,https://theindustryguides.com/dental-implant-vs-bridge-vs-denture/,dentistry,Dental implant vs bridge vs denture,5,active,content/_live/pages.json
page,invisalign-vs-braces-vs-clear-aligners/index.html,https://theindustryguides.com/invisalign-vs-braces-vs-clear-aligners/,dentistry,Invisalign vs braces vs clear-aligner alternatives,5,active,content/_live/pages.json
page,trt-vs-clomiphene-vs-enclomiphene/index.html,https://theindustryguides.com/trt-vs-clomiphene-vs-enclomiphene/,trt,TRT vs clomiphene vs enclomiphene,5,active,content/_live/pages.json
page,trt-vs-peptide-therapy/index.html,https://theindustryguides.com/trt-vs-peptide-therapy/,trt,TRT vs peptide therapy,5,active,content/_live/pages.json
page,telehealth-trt-vs-in-person-trt/index.html,https://theindustryguides.com/telehealth-trt-vs-in-person-trt/,trt,Telehealth TRT vs in-person TRT,5,active,content/_live/pages.json
page,prp-vs-microneedling-for-hair-loss/index.html,https://theindustryguides.com/prp-vs-microneedling-for-hair-loss/,trt,PRP or microneedling for hair loss: a head-to-head decision guide,5,active,content/_live/pages.json
page,trt-vs-hair-loss-treatment/index.html,https://theindustryguides.com/trt-vs-hair-loss-treatment/,trt,TRT vs hair-loss treatment,5,active,content/_live/pages.json
page,uscis-medical/question-program/uscis-medical-q-001/index.html,https://theindustryguides.com/uscis-medical/question-program/uscis-medical-q-001/,uscis-medical,How does I-693 validity and expiration work?,5,active,content/_live/pages.json
page,uscis-medical/question-program/uscis-medical-q-002/index.html,https://theindustryguides.com/uscis-medical/question-program/uscis-medical-q-002/,uscis-medical,What should I verify about I-693 validity and expiration?,5,active,content/_live/pages.json
page,uscis-medical/question-program/uscis-medical-q-003/index.html,https://theindustryguides.com/uscis-medical/question-program/uscis-medical-q-003/,uscis-medical,What mistakes cause problems with I-693 validity and expiration?,5,active,content/_live/pages.json
page,uscis-medical/question-program/uscis-medical-q-004/index.html,https://theindustryguides.com/uscis-medical/question-program/uscis-medical-q-004/,uscis-medical,When should I get professional help with I-693 validity and expiration?,5,active,content/_live/pages.json
page,uscis-medical/question-program/uscis-medical-q-005/index.html,https://theindustryguides.com/uscis-medical/question-program/uscis-medical-q-005/,uscis-medical,How does choosing a civil surgeon work?,5,active,content/_live/pages.json
page,uscis-medical/question-program/uscis-medical-q-006/index.html,https://theindustryguides.com/uscis-medical/question-program/uscis-medical-q-006/,uscis-medical,What should I verify about choosing a civil surgeon?,5,active,content/_live/pages.json
page,uscis-medical/question-program/uscis-medical-q-007/index.html,https://theindustryguides.com/uscis-medical/question-program/uscis-medical-q-007/,uscis-medical,What mistakes cause problems with choosing a civil surgeon?,5,active,content/_live/pages.json
page,uscis-medical/question-program/uscis-medical-q-008/index.html,https://theindustryguides.com/uscis-medical/question-program/uscis-medical-q-008/,uscis-medical,When should I get professional help with choosing a civil surgeon?,5,active,content/_live/pages.json
page,uscis-medical/question-program/uscis-medical-q-009/index.html,https://theindustryguides.com/uscis-medical/question-program/uscis-medical-q-009/,uscis-medical,How does documents to bring to the exam work?,5,active,content/_live/pages.json
page,uscis-medical/question-program/uscis-medical-q-010/index.html,https://theindustryguides.com/uscis-medical/question-program/uscis-medical-q-010/,uscis-medical,What should I verify about documents to bring to the exam?,5,active,content/_live/pages.json
page,uscis-medical/question-program/uscis-medical-q-011/index.html,https://theindustryguides.com/uscis-medical/question-program/uscis-medical-q-011/,uscis-medical,What mistakes cause problems with documents to bring to the exam?,5,active,content/_live/pages.json
page,uscis-medical/question-program/uscis-medical-q-012/index.html,https://theindustryguides.com/uscis-medical/question-program/uscis-medical-q-012/,uscis-medical,When should I get professional help with documents to bring to the exam?,5,active,content/_live/pages.json
page,uscis-medical/question-program/uscis-medical-q-013/index.html,https://theindustryguides.com/uscis-medical/question-program/uscis-medical-q-013/,uscis-medical,How does USCIS vaccination requirements work?,5,active,content/_live/pages.json
page,uscis-medical/question-program/uscis-medical-q-014/index.html,https://theindustryguides.com/uscis-medical/question-program/uscis-medical-q-014/,uscis-medical,What should I verify about USCIS vaccination requirements?,5,active,content/_live/pages.json
page,uscis-medical/question-program/uscis-medical-q-015/index.html,https://theindustryguides.com/uscis-medical/question-program/uscis-medical-q-015/,uscis-medical,What mistakes cause problems with USCIS vaccination requirements?,5,active,content/_live/pages.json
page,uscis-medical/question-program/uscis-medical-q-016/index.html,https://theindustryguides.com/uscis-medical/question-program/uscis-medical-q-016/,uscis-medical,When should I get professional help with USCIS vaccination requirements?,5,active,content/_live/pages.json
page,uscis-medical/question-program/uscis-medical-q-017/index.html,https://theindustryguides.com/uscis-medical/question-program/uscis-medical-q-017/,uscis-medical,How does correcting I-693 mistakes work?,5,active,content/_live/pages.json
page,uscis-medical/question-program/uscis-medical-q-018/index.html,https://theindustryguides.com/uscis-medical/question-program/uscis-medical-q-018/,uscis-medical,What should I verify about correcting I-693 mistakes?,5,active,content/_live/pages.json
page,uscis-medical/question-program/uscis-medical-q-019/index.html,https://theindustryguides.com/uscis-medical/question-program/uscis-medical-q-019/,uscis-medical,What mistakes cause problems with correcting I-693 mistakes?,5,active,content/_live/pages.json
page,uscis-medical/question-program/uscis-medical-q-020/index.html,https://theindustryguides.com/uscis-medical/question-program/uscis-medical-q-020/,uscis-medical,When should I get professional help with correcting I-693 mistakes?,5,active,content/_live/pages.json
page,uscis-medical/question-program/uscis-medical-q-021/index.html,https://theindustryguides.com/uscis-medical/question-program/uscis-medical-q-021/,uscis-medical,"How does rejection, denial, and RFE notices work?",5,active,content/_live/pages.json
page,uscis-medical/question-program/uscis-medical-q-022/index.html,https://theindustryguides.com/uscis-medical/question-program/uscis-medical-q-022/,uscis-medical,"What should I verify about rejection, denial, and RFE notices?",5,active,content/_live/pages.json
page,uscis-medical/question-program/uscis-medical-q-023/index.html,https://theindustryguides.com/uscis-medical/question-program/uscis-medical-q-023/,uscis-medical,"What mistakes cause problems with rejection, denial, and RFE notices?",5,active,content/_live/pages.json
page,uscis-medical/question-program/uscis-medical-q-024/index.html,https://theindustryguides.com/uscis-medical/question-program/uscis-medical-q-024/,uscis-medical,"When should I get professional help with rejection, denial, and RFE notices?",5,active,content/_live/pages.json
page,uscis-medical/question-program/uscis-medical-q-025/index.html,https://theindustryguides.com/uscis-medical/question-program/uscis-medical-q-025/,uscis-medical,How does sealed-envelope handling work?,5,active,content/_live/pages.json
page,uscis-medical/question-program/uscis-medical-q-026/index.html,https://theindustryguides.com/uscis-medical/question-program/uscis-medical-q-026/,uscis-medical,What should I verify about sealed-envelope handling?,5,active,content/_live/pages.json
page,uscis-medical/question-program/uscis-medical-q-027/index.html,https://theindustryguides.com/uscis-medical/question-program/uscis-medical-q-027/,uscis-medical,What mistakes cause problems with sealed-envelope handling?,5,active,content/_live/pages.json
page,uscis-medical/question-program/uscis-medical-q-028/index.html,https://theindustryguides.com/uscis-medical/question-program/uscis-medical-q-028/,uscis-medical,When should I get professional help with sealed-envelope handling?,5,active,content/_live/pages.json
page,uscis-medical/question-program/uscis-medical-q-029/index.html,https://theindustryguides.com/uscis-medical/question-program/uscis-medical-q-029/,uscis-medical,How does pregnancy and age exceptions work?,5,active,content/_live/pages.json
page,uscis-medical/question-program/uscis-medical-q-030/index.html,https://theindustryguides.com/uscis-medical/question-program/uscis-medical-q-030/,uscis-medical,What should I verify about pregnancy and age exceptions?,5,active,content/_live/pages.json
page,uscis-medical/question-program/uscis-medical-q-031/index.html,https://theindustryguides.com/uscis-medical/question-program/uscis-medical-q-031/,uscis-medical,What mistakes cause problems with pregnancy and age exceptions?,5,active,content/_live/pages.json
page,uscis-medical/question-program/uscis-medical-q-032/index.html,https://theindustryguides.com/uscis-medical/question-program/uscis-medical-q-032/,uscis-medical,When should I get professional help with pregnancy and age exceptions?,5,active,content/_live/pages.json
page,uscis-medical/question-program/uscis-medical-q-033/index.html,https://theindustryguides.com/uscis-medical/question-program/uscis-medical-q-033/,uscis-medical,How does exam cost and fees work?,5,active,content/_live/pages.json
page,uscis-medical/question-program/uscis-medical-q-034/index.html,https://theindustryguides.com/uscis-medical/question-program/uscis-medical-q-034/,uscis-medical,What should I verify about exam cost and fees?,5,active,content/_live/pages.json
page,uscis-medical/question-program/uscis-medical-q-035/index.html,https://theindustryguides.com/uscis-medical/question-program/uscis-medical-q-035/,uscis-medical,What mistakes cause problems with exam cost and fees?,5,active,content/_live/pages.json
page,uscis-medical/question-program/uscis-medical-q-036/index.html,https://theindustryguides.com/uscis-medical/question-program/uscis-medical-q-036/,uscis-medical,When should I get professional help with exam cost and fees?,5,active,content/_live/pages.json
page,uscis-medical/question-program/uscis-medical-q-037/index.html,https://theindustryguides.com/uscis-medical/question-program/uscis-medical-q-037/,uscis-medical,How does filing after the medical exam work?,5,active,content/_live/pages.json
page,uscis-medical/question-program/uscis-medical-q-038/index.html,https://theindustryguides.com/uscis-medical/question-program/uscis-medical-q-038/,uscis-medical,What should I verify about filing after the medical exam?,5,active,content/_live/pages.json
page,uscis-medical/question-program/uscis-medical-q-039/index.html,https://theindustryguides.com/uscis-medical/question-program/uscis-medical-q-039/,uscis-medical,What mistakes cause problems with filing after the medical exam?,5,active,content/_live/pages.json
page,uscis-medical/question-program/uscis-medical-q-040/index.html,https://theindustryguides.com/uscis-medical/question-program/uscis-medical-q-040/,uscis-medical,When should I get professional help with filing after the medical exam?,5,active,content/_live/pages.json
page,neuro/question-program/neuro-q-001/index.html,https://theindustryguides.com/neuro/question-program/neuro-q-001/,neuro,How does ADHD evaluation process work?,5,active,content/_live/pages.json
page,neuro/question-program/neuro-q-002/index.html,https://theindustryguides.com/neuro/question-program/neuro-q-002/,neuro,What should I verify about ADHD evaluation process?,5,active,content/_live/pages.json
page,neuro/question-program/neuro-q-003/index.html,https://theindustryguides.com/neuro/question-program/neuro-q-003/,neuro,What mistakes cause problems with ADHD evaluation process?,5,active,content/_live/pages.json
page,neuro/question-program/neuro-q-004/index.html,https://theindustryguides.com/neuro/question-program/neuro-q-004/,neuro,When should I get professional help with ADHD evaluation process?,5,active,content/_live/pages.json
page,neuro/question-program/neuro-q-005/index.html,https://theindustryguides.com/neuro/question-program/neuro-q-005/,neuro,How does adult autism evaluation work?,5,active,content/_live/pages.json
page,neuro/question-program/neuro-q-006/index.html,https://theindustryguides.com/neuro/question-program/neuro-q-006/,neuro,What should I verify about adult autism evaluation?,5,active,content/_live/pages.json
page,neuro/question-program/neuro-q-007/index.html,https://theindustryguides.com/neuro/question-program/neuro-q-007/,neuro,What mistakes cause problems with adult autism evaluation?,5,active,content/_live/pages.json
page,neuro/question-program/neuro-q-008/index.html,https://theindustryguides.com/neuro/question-program/neuro-q-008/,neuro,When should I get professional help with adult autism evaluation?,5,active,content/_live/pages.json
page,neuro/question-program/neuro-q-009/index.html,https://theindustryguides.com/neuro/question-program/neuro-q-009/,neuro,How does neuropsych evaluation cost work?,5,active,content/_live/pages.json
page,neuro/question-program/neuro-q-010/index.html,https://theindustryguides.com/neuro/question-program/neuro-q-010/,neuro,What should I verify about neuropsych evaluation cost?,5,active,content/_live/pages.json
page,neuro/question-program/neuro-q-011/index.html,https://theindustryguides.com/neuro/question-program/neuro-q-011/,neuro,What mistakes cause problems with neuropsych evaluation cost?,5,active,content/_live/pages.json
page,neuro/question-program/neuro-q-012/index.html,https://theindustryguides.com/neuro/question-program/neuro-q-012/,neuro,When should I get professional help with neuropsych evaluation cost?,5,active,content/_live/pages.json
page,neuro/question-program/neuro-q-013/index.html,https://theindustryguides.com/neuro/question-program/neuro-q-013/,neuro,How does insurance and out-of-network benefits work?,5,active,content/_live/pages.json
page,neuro/question-program/neuro-q-014/index.html,https://theindustryguides.com/neuro/question-program/neuro-q-014/,neuro,What should I verify about insurance and out-of-network benefits?,5,active,content/_live/pages.json
page,neuro/question-program/neuro-q-015/index.html,https://theindustryguides.com/neuro/question-program/neuro-q-015/,neuro,What mistakes cause problems with insurance and out-of-network benefits?,5,active,content/_live/pages.json
page,neuro/question-program/neuro-q-016/index.html,https://theindustryguides.com/neuro/question-program/neuro-q-016/,neuro,When should I get professional help with insurance and out-of-network benefits?,5,active,content/_live/pages.json
page,neuro/question-program/neuro-q-017/index.html,https://theindustryguides.com/neuro/question-program/neuro-q-017/,neuro,How does telehealth testing validity work?,5,active,content/_live/pages.json
page,neuro/question-program/neuro-q-018/index.html,https://theindustryguides.com/neuro/question-program/neuro-q-018/,neuro,What should I verify about telehealth testing validity?,5,active,content/_live/pages.json
page,neuro/question-program/neuro-q-019/index.html,https://theindustryguides.com/neuro/question-program/neuro-q-019/,neuro,What mistakes cause problems with telehealth testing validity?,5,active,content/_live/pages.json
page,neuro/question-program/neuro-q-020/index.html,https://theindustryguides.com/neuro/question-program/neuro-q-020/,neuro,When should I get professional help with telehealth testing validity?,5,active,content/_live/pages.json
page,neuro/question-program/neuro-q-021/index.html,https://theindustryguides.com/neuro/question-program/neuro-q-021/,neuro,How does provider credentials and fit work?,5,active,content/_live/pages.json
page,neuro/question-program/neuro-q-022/index.html,https://theindustryguides.com/neuro/question-program/neuro-q-022/,neuro,What should I verify about provider credentials and fit?,5,active,content/_live/pages.json
page,neuro/question-program/neuro-q-023/index.html,https://theindustryguides.com/neuro/question-program/neuro-q-023/,neuro,What mistakes cause problems with provider credentials and fit?,5,active,content/_live/pages.json
page,neuro/question-program/neuro-q-024/index.html,https://theindustryguides.com/neuro/question-program/neuro-q-024/,neuro,When should I get professional help with provider credentials and fit?,5,active,content/_live/pages.json
page,neuro/question-program/neuro-q-025/index.html,https://theindustryguides.com/neuro/question-program/neuro-q-025/,neuro,How does evaluation report quality work?,5,active,content/_live/pages.json
page,neuro/question-program/neuro-q-026/index.html,https://theindustryguides.com/neuro/question-program/neuro-q-026/,neuro,What should I verify about evaluation report quality?,5,active,content/_live/pages.json
page,neuro/question-program/neuro-q-027/index.html,https://theindustryguides.com/neuro/question-program/neuro-q-027/,neuro,What mistakes cause problems with evaluation report quality?,5,active,content/_live/pages.json
page,neuro/question-program/neuro-q-028/index.html,https://theindustryguides.com/neuro/question-program/neuro-q-028/,neuro,When should I get professional help with evaluation report quality?,5,active,content/_live/pages.json
page,neuro/question-program/neuro-q-029/index.html,https://theindustryguides.com/neuro/question-program/neuro-q-029/,neuro,How does school and workplace accommodations work?,5,active,content/_live/pages.json
page,neuro/question-program/neuro-q-030/index.html,https://theindustryguides.com/neuro/question-program/neuro-q-030/,neuro,What should I verify about school and workplace accommodations?,5,active,content/_live/pages.json
page,neuro/question-program/neuro-q-031/index.html,https://theindustryguides.com/neuro/question-program/neuro-q-031/,neuro,What mistakes cause problems with school and workplace accommodations?,5,active,content/_live/pages.json
page,neuro/question-program/neuro-q-032/index.html,https://theindustryguides.com/neuro/question-program/neuro-q-032/,neuro,When should I get professional help with school and workplace accommodations?,5,active,content/_live/pages.json
page,neuro/question-program/neuro-q-033/index.html,https://theindustryguides.com/neuro/question-program/neuro-q-033/,neuro,How does evaluation wait times work?,5,active,content/_live/pages.json
page,neuro/question-program/neuro-q-034/index.html,https://theindustryguides.com/neuro/question-program/neuro-q-034/,neuro,What should I verify about evaluation wait times?,5,active,content/_live/pages.json
page,neuro/question-program/neuro-q-035/index.html,https://theindustryguides.com/neuro/question-program/neuro-q-035/,neuro,What mistakes cause problems with evaluation wait times?,5,active,content/_live/pages.json
page,neuro/question-program/neuro-q-036/index.html,https://theindustryguides.com/neuro/question-program/neuro-q-036/,neuro,When should I get professional help with evaluation wait times?,5,active,content/_live/pages.json
page,neuro/question-program/neuro-q-037/index.html,https://theindustryguides.com/neuro/question-program/neuro-q-037/,neuro,How does repeat and updated evaluations work?,5,active,content/_live/pages.json
page,neuro/question-program/neuro-q-038/index.html,https://theindustryguides.com/neuro/question-program/neuro-q-038/,neuro,What should I verify about repeat and updated evaluations?,5,active,content/_live/pages.json
page,neuro/question-program/neuro-q-039/index.html,https://theindustryguides.com/neuro/question-program/neuro-q-039/,neuro,What mistakes cause problems with repeat and updated evaluations?,5,active,content/_live/pages.json
page,neuro/question-program/neuro-q-040/index.html,https://theindustryguides.com/neuro/question-program/neuro-q-040/,neuro,When should I get professional help with repeat and updated evaluations?,5,active,content/_live/pages.json
page,personal-injury/question-program/personal-injury-q-001/index.html,https://theindustryguides.com/personal-injury/question-program/personal-injury-q-001/,personal_injury,How does statute-of-limitations deadlines work?,5,active,content/_live/pages.json
page,personal-injury/question-program/personal-injury-q-002/index.html,https://theindustryguides.com/personal-injury/question-program/personal-injury-q-002/,personal_injury,What should I verify about statute-of-limitations deadlines?,5,active,content/_live/pages.json
page,personal-injury/question-program/personal-injury-q-003/index.html,https://theindustryguides.com/personal-injury/question-program/personal-injury-q-003/,personal_injury,What mistakes cause problems with statute-of-limitations deadlines?,5,active,content/_live/pages.json
page,personal-injury/question-program/personal-injury-q-004/index.html,https://theindustryguides.com/personal-injury/question-program/personal-injury-q-004/,personal_injury,How should I compare options involving statute-of-limitations deadlines?,5,active,content/_live/pages.json
page,personal-injury/question-program/personal-injury-q-005/index.html,https://theindustryguides.com/personal-injury/question-program/personal-injury-q-005/,personal_injury,When should I talk to a lawyer about statute-of-limitations deadlines?,5,active,content/_live/pages.json
page,personal-injury/question-program/personal-injury-q-006/index.html,https://theindustryguides.com/personal-injury/question-program/personal-injury-q-006/,personal_injury,How does comparative and contributory fault work?,5,active,content/_live/pages.json
page,personal-injury/question-program/personal-injury-q-007/index.html,https://theindustryguides.com/personal-injury/question-program/personal-injury-q-007/,personal_injury,What should I verify about comparative and contributory fault?,5,active,content/_live/pages.json
page,personal-injury/question-program/personal-injury-q-008/index.html,https://theindustryguides.com/personal-injury/question-program/personal-injury-q-008/,personal_injury,What mistakes cause problems with comparative and contributory fault?,5,active,content/_live/pages.json
page,personal-injury/question-program/personal-injury-q-009/index.html,https://theindustryguides.com/personal-injury/question-program/personal-injury-q-009/,personal_injury,How should I compare options involving comparative and contributory fault?,5,active,content/_live/pages.json
page,personal-injury/question-program/personal-injury-q-010/index.html,https://theindustryguides.com/personal-injury/question-program/personal-injury-q-010/,personal_injury,When should I talk to a lawyer about comparative and contributory fault?,5,active,content/_live/pages.json
page,personal-injury/question-program/personal-injury-q-011/index.html,https://theindustryguides.com/personal-injury/question-program/personal-injury-q-011/,personal_injury,How does medical liens work?,5,active,content/_live/pages.json
page,personal-injury/question-program/personal-injury-q-012/index.html,https://theindustryguides.com/personal-injury/question-program/personal-injury-q-012/,personal_injury,What should I verify about medical liens?,5,active,content/_live/pages.json
page,personal-injury/question-program/personal-injury-q-013/index.html,https://theindustryguides.com/personal-injury/question-program/personal-injury-q-013/,personal_injury,What mistakes cause problems with medical liens?,5,active,content/_live/pages.json
page,personal-injury/question-program/personal-injury-q-014/index.html,https://theindustryguides.com/personal-injury/question-program/personal-injury-q-014/,personal_injury,How should I compare options involving medical liens?,5,active,content/_live/pages.json
page,personal-injury/question-program/personal-injury-q-015/index.html,https://theindustryguides.com/personal-injury/question-program/personal-injury-q-015/,personal_injury,When should I talk to a lawyer about medical liens?,5,active,content/_live/pages.json
page,personal-injury/question-program/personal-injury-q-016/index.html,https://theindustryguides.com/personal-injury/question-program/personal-injury-q-016/,personal_injury,How does maximum medical improvement work?,5,active,content/_live/pages.json
page,personal-injury/question-program/personal-injury-q-017/index.html,https://theindustryguides.com/personal-injury/question-program/personal-injury-q-017/,personal_injury,What should I verify about maximum medical improvement?,5,active,content/_live/pages.json
page,personal-injury/question-program/personal-injury-q-018/index.html,https://theindustryguides.com/personal-injury/question-program/personal-injury-q-018/,personal_injury,What mistakes cause problems with maximum medical improvement?,5,active,content/_live/pages.json
page,personal-injury/question-program/personal-injury-q-019/index.html,https://theindustryguides.com/personal-injury/question-program/personal-injury-q-019/,personal_injury,How should I compare options involving maximum medical improvement?,5,active,content/_live/pages.json
page,personal-injury/question-program/personal-injury-q-020/index.html,https://theindustryguides.com/personal-injury/question-program/personal-injury-q-020/,personal_injury,When should I talk to a lawyer about maximum medical improvement?,5,active,content/_live/pages.json
page,personal-injury/question-program/personal-injury-q-021/index.html,https://theindustryguides.com/personal-injury/question-program/personal-injury-q-021/,personal_injury,How does evidence after an accident work?,5,active,content/_live/pages.json
page,personal-injury/question-program/personal-injury-q-022/index.html,https://theindustryguides.com/personal-injury/question-program/personal-injury-q-022/,personal_injury,What should I verify about evidence after an accident?,5,active,content/_live/pages.json
page,personal-injury/question-program/personal-injury-q-023/index.html,https://theindustryguides.com/personal-injury/question-program/personal-injury-q-023/,personal_injury,What mistakes cause problems with evidence after an accident?,5,active,content/_live/pages.json
page,personal-injury/question-program/personal-injury-q-024/index.html,https://theindustryguides.com/personal-injury/question-program/personal-injury-q-024/,personal_injury,How should I compare options involving evidence after an accident?,5,active,content/_live/pages.json
page,personal-injury/question-program/personal-injury-q-025/index.html,https://theindustryguides.com/personal-injury/question-program/personal-injury-q-025/,personal_injury,When should I talk to a lawyer about evidence after an accident?,5,active,content/_live/pages.json
page,personal-injury/question-program/personal-injury-q-026/index.html,https://theindustryguides.com/personal-injury/question-program/personal-injury-q-026/,personal_injury,How does recorded insurance statements work?,5,active,content/_live/pages.json
page,personal-injury/question-program/personal-injury-q-027/index.html,https://theindustryguides.com/personal-injury/question-program/personal-injury-q-027/,personal_injury,What should I verify about recorded insurance statements?,5,active,content/_live/pages.json
page,personal-injury/question-program/personal-injury-q-028/index.html,https://theindustryguides.com/personal-injury/question-program/personal-injury-q-028/,personal_injury,What mistakes cause problems with recorded insurance statements?,5,active,content/_live/pages.json
page,personal-injury/question-program/personal-injury-q-029/index.html,https://theindustryguides.com/personal-injury/question-program/personal-injury-q-029/,personal_injury,How should I compare options involving recorded insurance statements?,5,active,content/_live/pages.json
page,personal-injury/question-program/personal-injury-q-030/index.html,https://theindustryguides.com/personal-injury/question-program/personal-injury-q-030/,personal_injury,When should I talk to a lawyer about recorded insurance statements?,5,active,content/_live/pages.json
page,personal-injury/question-program/personal-injury-q-031/index.html,https://theindustryguides.com/personal-injury/question-program/personal-injury-q-031/,personal_injury,How does settlement demand and negotiation work?,5,active,content/_live/pages.json
page,personal-injury/question-program/personal-injury-q-032/index.html,https://theindustryguides.com/personal-injury/question-program/personal-injury-q-032/,personal_injury,What should I verify about settlement demand and negotiation?,5,active,content/_live/pages.json
page,personal-injury/question-program/personal-injury-q-033/index.html,https://theindustryguides.com/personal-injury/question-program/personal-injury-q-033/,personal_injury,What mistakes cause problems with settlement demand and negotiation?,5,active,content/_live/pages.json
page,personal-injury/question-program/personal-injury-q-034/index.html,https://theindustryguides.com/personal-injury/question-program/personal-injury-q-034/,personal_injury,How should I compare options involving settlement demand and negotiation?,5,active,content/_live/pages.json
page,personal-injury/question-program/personal-injury-q-035/index.html,https://theindustryguides.com/personal-injury/question-program/personal-injury-q-035/,personal_injury,When should I talk to a lawyer about settlement demand and negotiation?,5,active,content/_live/pages.json
page,personal-injury/question-program/personal-injury-q-036/index.html,https://theindustryguides.com/personal-injury/question-program/personal-injury-q-036/,personal_injury,How does contingency fees and case costs work?,5,active,content/_live/pages.json
page,personal-injury/question-program/personal-injury-q-037/index.html,https://theindustryguides.com/personal-injury/question-program/personal-injury-q-037/,personal_injury,What should I verify about contingency fees and case costs?,5,active,content/_live/pages.json
page,personal-injury/question-program/personal-injury-q-038/index.html,https://theindustryguides.com/personal-injury/question-program/personal-injury-q-038/,personal_injury,What mistakes cause problems with contingency fees and case costs?,5,active,content/_live/pages.json
page,personal-injury/question-program/personal-injury-q-039/index.html,https://theindustryguides.com/personal-injury/question-program/personal-injury-q-039/,personal_injury,How should I compare options involving contingency fees and case costs?,5,active,content/_live/pages.json
page,personal-injury/question-program/personal-injury-q-040/index.html,https://theindustryguides.com/personal-injury/question-program/personal-injury-q-040/,personal_injury,When should I talk to a lawyer about contingency fees and case costs?,5,active,content/_live/pages.json
page,personal-injury/question-program/personal-injury-q-041/index.html,https://theindustryguides.com/personal-injury/question-program/personal-injury-q-041/,personal_injury,How does workers compensation overlap work?,5,active,content/_live/pages.json
page,personal-injury/question-program/personal-injury-q-042/index.html,https://theindustryguides.com/personal-injury/question-program/personal-injury-q-042/,personal_injury,What should I verify about workers compensation overlap?,5,active,content/_live/pages.json
page,personal-injury/question-program/personal-injury-q-043/index.html,https://theindustryguides.com/personal-injury/question-program/personal-injury-q-043/,personal_injury,What mistakes cause problems with workers compensation overlap?,5,active,content/_live/pages.json
page,personal-injury/question-program/personal-injury-q-044/index.html,https://theindustryguides.com/personal-injury/question-program/personal-injury-q-044/,personal_injury,How should I compare options involving workers compensation overlap?,5,active,content/_live/pages.json
page,personal-injury/question-program/personal-injury-q-045/index.html,https://theindustryguides.com/personal-injury/question-program/personal-injury-q-045/,personal_injury,When should I talk to a lawyer about workers compensation overlap?,5,active,content/_live/pages.json
page,personal-injury/question-program/personal-injury-q-046/index.html,https://theindustryguides.com/personal-injury/question-program/personal-injury-q-046/,personal_injury,How does wrongful-death claims work?,5,active,content/_live/pages.json
page,personal-injury/question-program/personal-injury-q-047/index.html,https://theindustryguides.com/personal-injury/question-program/personal-injury-q-047/,personal_injury,What should I verify about wrongful-death claims?,5,active,content/_live/pages.json
page,personal-injury/question-program/personal-injury-q-048/index.html,https://theindustryguides.com/personal-injury/question-program/personal-injury-q-048/,personal_injury,What mistakes cause problems with wrongful-death claims?,5,active,content/_live/pages.json
page,personal-injury/question-program/personal-injury-q-049/index.html,https://theindustryguides.com/personal-injury/question-program/personal-injury-q-049/,personal_injury,How should I compare options involving wrongful-death claims?,5,active,content/_live/pages.json
page,personal-injury/question-program/personal-injury-q-050/index.html,https://theindustryguides.com/personal-injury/question-program/personal-injury-q-050/,personal_injury,When should I talk to a lawyer about wrongful-death claims?,5,active,content/_live/pages.json
page,dentistry/question-program/dentistry-q-001/index.html,https://theindustryguides.com/dentistry/question-program/dentistry-q-001/,dentistry,How does dental insurance verification work?,5,active,content/_live/pages.json
page,dentistry/question-program/dentistry-q-002/index.html,https://theindustryguides.com/dentistry/question-program/dentistry-q-002/,dentistry,What should I verify about dental insurance verification?,5,active,content/_live/pages.json
page,dentistry/question-program/dentistry-q-003/index.html,https://theindustryguides.com/dentistry/question-program/dentistry-q-003/,dentistry,What mistakes cause problems with dental insurance verification?,5,active,content/_live/pages.json
page,dentistry/question-program/dentistry-q-004/index.html,https://theindustryguides.com/dentistry/question-program/dentistry-q-004/,dentistry,When should I get professional help with dental insurance verification?,5,active,content/_live/pages.json
page,dentistry/question-program/dentistry-q-005/index.html,https://theindustryguides.com/dentistry/question-program/dentistry-q-005/,dentistry,How does Medicaid dental coverage work?,5,active,content/_live/pages.json
page,dentistry/question-program/dentistry-q-006/index.html,https://theindustryguides.com/dentistry/question-program/dentistry-q-006/,dentistry,What should I verify about Medicaid dental coverage?,5,active,content/_live/pages.json
page,dentistry/question-program/dentistry-q-007/index.html,https://theindustryguides.com/dentistry/question-program/dentistry-q-007/,dentistry,What mistakes cause problems with Medicaid dental coverage?,5,active,content/_live/pages.json
page,dentistry/question-program/dentistry-q-008/index.html,https://theindustryguides.com/dentistry/question-program/dentistry-q-008/,dentistry,When should I get professional help with Medicaid dental coverage?,5,active,content/_live/pages.json
page,dentistry/question-program/dentistry-q-009/index.html,https://theindustryguides.com/dentistry/question-program/dentistry-q-009/,dentistry,How does itemized dental pricing work?,5,active,content/_live/pages.json
page,dentistry/question-program/dentistry-q-010/index.html,https://theindustryguides.com/dentistry/question-program/dentistry-q-010/,dentistry,What should I verify about itemized dental pricing?,5,active,content/_live/pages.json
page,dentistry/question-program/dentistry-q-011/index.html,https://theindustryguides.com/dentistry/question-program/dentistry-q-011/,dentistry,What mistakes cause problems with itemized dental pricing?,5,active,content/_live/pages.json
page,dentistry/question-program/dentistry-q-012/index.html,https://theindustryguides.com/dentistry/question-program/dentistry-q-012/,dentistry,When should I get professional help with itemized dental pricing?,5,active,content/_live/pages.json
page,dentistry/question-program/dentistry-q-013/index.html,https://theindustryguides.com/dentistry/question-program/dentistry-q-013/,dentistry,How does Invisalign and clear-aligner costs work?,5,active,content/_live/pages.json
page,dentistry/question-program/dentistry-q-014/index.html,https://theindustryguides.com/dentistry/question-program/dentistry-q-014/,dentistry,What should I verify about Invisalign and clear-aligner costs?,5,active,content/_live/pages.json
page,dentistry/question-program/dentistry-q-015/index.html,https://theindustryguides.com/dentistry/question-program/dentistry-q-015/,dentistry,What mistakes cause problems with Invisalign and clear-aligner costs?,5,active,content/_live/pages.json
page,dentistry/question-program/dentistry-q-016/index.html,https://theindustryguides.com/dentistry/question-program/dentistry-q-016/,dentistry,When should I get professional help with Invisalign and clear-aligner costs?,5,active,content/_live/pages.json
page,dentistry/question-program/dentistry-q-017/index.html,https://theindustryguides.com/dentistry/question-program/dentistry-q-017/,dentistry,How does dental implant costs work?,5,active,content/_live/pages.json
page,dentistry/question-program/dentistry-q-018/index.html,https://theindustryguides.com/dentistry/question-program/dentistry-q-018/,dentistry,What should I verify about dental implant costs?,5,active,content/_live/pages.json
page,dentistry/question-program/dentistry-q-019/index.html,https://theindustryguides.com/dentistry/question-program/dentistry-q-019/,dentistry,What mistakes cause problems with dental implant costs?,5,active,content/_live/pages.json
page,dentistry/question-program/dentistry-q-020/index.html,https://theindustryguides.com/dentistry/question-program/dentistry-q-020/,dentistry,When should I get professional help with dental implant costs?,5,active,content/_live/pages.json
page,dentistry/question-program/dentistry-q-021/index.html,https://theindustryguides.com/dentistry/question-program/dentistry-q-021/,dentistry,How does emergency dental triage work?,5,active,content/_live/pages.json
page,dentistry/question-program/dentistry-q-022/index.html,https://theindustryguides.com/dentistry/question-program/dentistry-q-022/,dentistry,What should I verify about emergency dental triage?,5,active,content/_live/pages.json
page,dentistry/question-program/dentistry-q-023/index.html,https://theindustryguides.com/dentistry/question-program/dentistry-q-023/,dentistry,What mistakes cause problems with emergency dental triage?,5,active,content/_live/pages.json
page,dentistry/question-program/dentistry-q-024/index.html,https://theindustryguides.com/dentistry/question-program/dentistry-q-024/,dentistry,When should I get professional help with emergency dental triage?,5,active,content/_live/pages.json
page,dentistry/question-program/dentistry-q-025/index.html,https://theindustryguides.com/dentistry/question-program/dentistry-q-025/,dentistry,How does dental second opinions work?,5,active,content/_live/pages.json
page,dentistry/question-program/dentistry-q-026/index.html,https://theindustryguides.com/dentistry/question-program/dentistry-q-026/,dentistry,What should I verify about dental second opinions?,5,active,content/_live/pages.json
page,dentistry/question-program/dentistry-q-027/index.html,https://theindustryguides.com/dentistry/question-program/dentistry-q-027/,dentistry,What mistakes cause problems with dental second opinions?,5,active,content/_live/pages.json
page,dentistry/question-program/dentistry-q-028/index.html,https://theindustryguides.com/dentistry/question-program/dentistry-q-028/,dentistry,When should I get professional help with dental second opinions?,5,active,content/_live/pages.json
page,dentistry/question-program/dentistry-q-029/index.html,https://theindustryguides.com/dentistry/question-program/dentistry-q-029/,dentistry,How does choosing the right dental specialist work?,5,active,content/_live/pages.json
page,dentistry/question-program/dentistry-q-030/index.html,https://theindustryguides.com/dentistry/question-program/dentistry-q-030/,dentistry,What should I verify about choosing the right dental specialist?,5,active,content/_live/pages.json
page,dentistry/question-program/dentistry-q-031/index.html,https://theindustryguides.com/dentistry/question-program/dentistry-q-031/,dentistry,What mistakes cause problems with choosing the right dental specialist?,5,active,content/_live/pages.json
page,dentistry/question-program/dentistry-q-032/index.html,https://theindustryguides.com/dentistry/question-program/dentistry-q-032/,dentistry,When should I get professional help with choosing the right dental specialist?,5,active,content/_live/pages.json
page,dentistry/question-program/dentistry-q-033/index.html,https://theindustryguides.com/dentistry/question-program/dentistry-q-033/,dentistry,How does unnecessary-treatment red flags work?,5,active,content/_live/pages.json
page,dentistry/question-program/dentistry-q-034/index.html,https://theindustryguides.com/dentistry/question-program/dentistry-q-034/,dentistry,What should I verify about unnecessary-treatment red flags?,5,active,content/_live/pages.json
page,dentistry/question-program/dentistry-q-035/index.html,https://theindustryguides.com/dentistry/question-program/dentistry-q-035/,dentistry,What mistakes cause problems with unnecessary-treatment red flags?,5,active,content/_live/pages.json
page,dentistry/question-program/dentistry-q-036/index.html,https://theindustryguides.com/dentistry/question-program/dentistry-q-036/,dentistry,When should I get professional help with unnecessary-treatment red flags?,5,active,content/_live/pages.json
page,dentistry/question-program/dentistry-q-037/index.html,https://theindustryguides.com/dentistry/question-program/dentistry-q-037/,dentistry,How does payment plans and financing work?,5,active,content/_live/pages.json
page,dentistry/question-program/dentistry-q-038/index.html,https://theindustryguides.com/dentistry/question-program/dentistry-q-038/,dentistry,What should I verify about payment plans and financing?,5,active,content/_live/pages.json
page,dentistry/question-program/dentistry-q-039/index.html,https://theindustryguides.com/dentistry/question-program/dentistry-q-039/,dentistry,What mistakes cause problems with payment plans and financing?,5,active,content/_live/pages.json
page,dentistry/question-program/dentistry-q-040/index.html,https://theindustryguides.com/dentistry/question-program/dentistry-q-040/,dentistry,When should I get professional help with payment plans and financing?,5,active,content/_live/pages.json
page,trt/question-program/trt-q-001/index.html,https://theindustryguides.com/trt/question-program/trt-q-001/,trt,How does TRT legality and prescribing rules work?,5,active,content/_live/pages.json
page,trt/question-program/trt-q-002/index.html,https://theindustryguides.com/trt/question-program/trt-q-002/,trt,What should I verify about TRT legality and prescribing rules?,5,active,content/_live/pages.json
page,trt/question-program/trt-q-003/index.html,https://theindustryguides.com/trt/question-program/trt-q-003/,trt,What are the red flags with TRT legality and prescribing rules?,5,active,content/_live/pages.json
page,trt/question-program/trt-q-004/index.html,https://theindustryguides.com/trt/question-program/trt-q-004/,trt,How does telehealth TRT rules work?,5,active,content/_live/pages.json
page,trt/question-program/trt-q-005/index.html,https://theindustryguides.com/trt/question-program/trt-q-005/,trt,What should I verify about telehealth TRT rules?,5,active,content/_live/pages.json
page,trt/question-program/trt-q-006/index.html,https://theindustryguides.com/trt/question-program/trt-q-006/,trt,What are the red flags with telehealth TRT rules?,5,active,content/_live/pages.json
page,trt/question-program/trt-q-007/index.html,https://theindustryguides.com/trt/question-program/trt-q-007/,trt,How does TRT fertility planning work?,5,active,content/_live/pages.json
page,trt/question-program/trt-q-008/index.html,https://theindustryguides.com/trt/question-program/trt-q-008/,trt,What should I verify about TRT fertility planning?,5,active,content/_live/pages.json
page,trt/question-program/trt-q-009/index.html,https://theindustryguides.com/trt/question-program/trt-q-009/,trt,What are the red flags with TRT fertility planning?,5,active,content/_live/pages.json
page,trt/question-program/trt-q-010/index.html,https://theindustryguides.com/trt/question-program/trt-q-010/,trt,How does TRT laboratory monitoring work?,5,active,content/_live/pages.json
page,trt/question-program/trt-q-011/index.html,https://theindustryguides.com/trt/question-program/trt-q-011/,trt,What should I verify about TRT laboratory monitoring?,5,active,content/_live/pages.json
page,trt/question-program/trt-q-012/index.html,https://theindustryguides.com/trt/question-program/trt-q-012/,trt,What are the red flags with TRT laboratory monitoring?,5,active,content/_live/pages.json
page,trt/question-program/trt-q-013/index.html,https://theindustryguides.com/trt/question-program/trt-q-013/,trt,How does TRT contraindications work?,5,active,content/_live/pages.json
page,trt/question-program/trt-q-014/index.html,https://theindustryguides.com/trt/question-program/trt-q-014/,trt,What should I verify about TRT contraindications?,5,active,content/_live/pages.json
page,trt/question-program/trt-q-015/index.html,https://theindustryguides.com/trt/question-program/trt-q-015/,trt,What are the red flags with TRT contraindications?,5,active,content/_live/pages.json
page,trt/question-program/trt-q-016/index.html,https://theindustryguides.com/trt/question-program/trt-q-016/,trt,How does TRT side effects work?,5,active,content/_live/pages.json
page,trt/question-program/trt-q-017/index.html,https://theindustryguides.com/trt/question-program/trt-q-017/,trt,What should I verify about TRT side effects?,5,active,content/_live/pages.json
page,trt/question-program/trt-q-018/index.html,https://theindustryguides.com/trt/question-program/trt-q-018/,trt,What are the red flags with TRT side effects?,5,active,content/_live/pages.json
page,trt/question-program/trt-q-019/index.html,https://theindustryguides.com/trt/question-program/trt-q-019/,trt,How does testosterone and hair loss work?,5,active,content/_live/pages.json
page,trt/question-program/trt-q-020/index.html,https://theindustryguides.com/trt/question-program/trt-q-020/,trt,What should I verify about testosterone and hair loss?,5,active,content/_live/pages.json
page,trt/question-program/trt-q-021/index.html,https://theindustryguides.com/trt/question-program/trt-q-021/,trt,What are the red flags with testosterone and hair loss?,5,active,content/_live/pages.json
page,trt/question-program/trt-q-022/index.html,https://theindustryguides.com/trt/question-program/trt-q-022/,trt,How does PRP and microneedling work?,5,active,content/_live/pages.json
page,trt/question-program/trt-q-023/index.html,https://theindustryguides.com/trt/question-program/trt-q-023/,trt,What should I verify about PRP and microneedling?,5,active,content/_live/pages.json
page,trt/question-program/trt-q-024/index.html,https://theindustryguides.com/trt/question-program/trt-q-024/,trt,What are the red flags with PRP and microneedling?,5,active,content/_live/pages.json
page,trt/question-program/trt-q-025/index.html,https://theindustryguides.com/trt/question-program/trt-q-025/,trt,How does peptide clinic claims work?,5,active,content/_live/pages.json
page,trt/question-program/trt-q-026/index.html,https://theindustryguides.com/trt/question-program/trt-q-026/,trt,What should I verify about peptide clinic claims?,5,active,content/_live/pages.json
page,trt/question-program/trt-q-027/index.html,https://theindustryguides.com/trt/question-program/trt-q-027/,trt,What are the red flags with peptide clinic claims?,5,active,content/_live/pages.json
page,trt/question-program/trt-q-028/index.html,https://theindustryguides.com/trt/question-program/trt-q-028/,trt,How does TRT provider red flags work?,5,active,content/_live/pages.json
page,trt/question-program/trt-q-029/index.html,https://theindustryguides.com/trt/question-program/trt-q-029/,trt,What should I verify about TRT provider red flags?,5,active,content/_live/pages.json
page,trt/question-program/trt-q-030/index.html,https://theindustryguides.com/trt/question-program/trt-q-030/,trt,What are the red flags with TRT provider red flags?,5,active,content/_live/pages.json
page,dentistry/community-questions/how-to-choose-a-dentist-for-dental-implants/index.html,https://theindustryguides.com/dentistry/community-questions/how-to-choose-a-dentist-for-dental-implants/,dentistry,how to choose a dentist for dental implants,5,active,content/_live/pages.json
page,dentistry/community-questions/how-do-i-find-a-dentist-who-is-good-with-anxious-patients/index.html,https://theindustryguides.com/dentistry/community-questions/how-do-i-find-a-dentist-who-is-good-with-anxious-patients/,dentistry,how do I find a dentist who is good with anxious patients,5,active,content/_live/pages.json
page,dentistry/community-questions/emergency-dentist-open-now-what-to-do-first/index.html,https://theindustryguides.com/dentistry/community-questions/emergency-dentist-open-now-what-to-do-first/,dentistry,emergency dentist open now what to do first,5,active,content/_live/pages.json
page,dentistry/community-questions/how-to-compare-local-dental-offices-quickly/index.html,https://theindustryguides.com/dentistry/community-questions/how-to-compare-local-dental-offices-quickly/,dentistry,how to compare local dental offices quickly,5,active,content/_live/pages.json
page,dentistry/community-questions/how-much-does-a-dental-implant-cost-without-insurance/index.html,https://theindustryguides.com/dentistry/community-questions/how-much-does-a-dental-implant-cost-without-insurance/,dentistry,how much does a dental implant cost without insurance,5,active,content/_live/pages.json
page,dentistry/community-questions/is-sedation-dentistry-safe-and-is-it-worth-the-extra-cost/index.html,https://theindustryguides.com/dentistry/community-questions/is-sedation-dentistry-safe-and-is-it-worth-the-extra-cost/,dentistry,is sedation dentistry safe and is it worth the extra cost,5,active,content/_live/pages.json
page,dentistry/community-questions/how-do-i-know-if-i-really-need-the-dental-work-my-dentist-is-recommending/index.html,https://theindustryguides.com/dentistry/community-questions/how-do-i-know-if-i-really-need-the-dental-work-my-dentist-is-recommending/,dentistry,how do I know if I really need the dental work my dentist is recommending,5,active,content/_live/pages.json
page,dentistry/community-questions/how-to-confirm-dental-insurance-coverage-before-appointment/index.html,https://theindustryguides.com/dentistry/community-questions/how-to-confirm-dental-insurance-coverage-before-appointment/,dentistry,how to confirm dental insurance coverage before appointment,5,active,content/_live/pages.json
page,dentistry/community-questions/at-what-age-should-my-child-first-see-a-dentist-and-what-should-i-expect/index.html,https://theindustryguides.com/dentistry/community-questions/at-what-age-should-my-child-first-see-a-dentist-and-what-should-i-expect/,dentistry,at what age should my child first see a dentist and what should I expect,5,active,content/_live/pages.json
page,dentistry/community-questions/can-a-dental-abscess-wait-until-monday-or-do-i-need-emergency-care-now/index.html,https://theindustryguides.com/dentistry/community-questions/can-a-dental-abscess-wait-until-monday-or-do-i-need-emergency-care-now/,dentistry,can a dental abscess wait until Monday or do I need emergency care now,5,active,content/_live/pages.json
page,dentistry/community-questions/how-to-ask-dentist-for-itemized-pricing/index.html,https://theindustryguides.com/dentistry/community-questions/how-to-ask-dentist-for-itemized-pricing/,dentistry,how to ask dentist for itemized pricing,5,active,content/_live/pages.json
page,dentistry/community-questions/how-long-does-teeth-whitening-last/index.html,https://theindustryguides.com/dentistry/community-questions/how-long-does-teeth-whitening-last/,dentistry,how long does teeth whitening last,5,active,content/_live/pages.json
page,dentistry/community-questions/how-much-do-dental-implants-cost/index.html,https://theindustryguides.com/dentistry/community-questions/how-much-do-dental-implants-cost/,dentistry,how much do dental implants cost,5,active,content/_live/pages.json
page,dentistry/community-questions/cost-of-full-mouth-dental-implants-with-insurance/index.html,https://theindustryguides.com/dentistry/community-questions/cost-of-full-mouth-dental-implants-with-insurance/,dentistry,cost of full mouth dental implants with insurance,5,active,content/_live/pages.json
page,dentistry/community-questions/all-on-4-dental-implants-price-2026/index.html,https://theindustryguides.com/dentistry/community-questions/all-on-4-dental-implants-price-2026/,dentistry,all-on-4 dental implants price 2026,5,active,content/_live/pages.json
page,dentistry/community-questions/how-to-choose-a-dentist/index.html,https://theindustryguides.com/dentistry/community-questions/how-to-choose-a-dentist/,dentistry,how to choose a dentist,5,active,content/_live/pages.json
page,dentistry/community-questions/how-to-compare-dental-office-pricing-without-picking-the-wrong-dentist/index.html,https://theindustryguides.com/dentistry/community-questions/how-to-compare-dental-office-pricing-without-picking-the-wrong-dentist/,dentistry,how to compare dental office pricing without picking the wrong dentist,5,active,content/_live/pages.json
page,dentistry/community-questions/how-to-spot-dental-scam-red-flags-before-booking/index.html,https://theindustryguides.com/dentistry/community-questions/how-to-spot-dental-scam-red-flags-before-booking/,dentistry,how to spot dental scam red flags before booking,5,active,content/_live/pages.json
page,trt/community-questions/trt-providers-ask-us-anything-37-peptides-and-getting-summer-ready-98-month-pricing-welcom/index.html,https://theindustryguides.com/trt/community-questions/trt-providers-ask-us-anything-37-peptides-and-getting-summer-ready-98-month-pricing-welcom/,trt,"TRT Providers: Ask Us Anything (#37) | Peptides and Getting Summer-Ready | $98/Month Pricing Welcome to AlphaMD’s weekend AMA: **Peptides, TRT, and Getting Summer-Ready** **Starts:** Saturday at 2PM EST **Runs through:** — what should I know?",5,active,content/_live/pages.json
page,uscis-medical/community-questions/1-month-since-biometrics-case-still-showing-uscis-is-processing-your-case-hi-everyone-it-h/index.html,https://theindustryguides.com/uscis-medical/community-questions/1-month-since-biometrics-case-still-showing-uscis-is-processing-your-case-hi-everyone-it-h/,uscis-medical,"1 Month Since Biometrics – Case Still Showing “USCIS Is Processing Your Case” Hi everyone, It has been exactly one month since I completed my biometrics appointment, but my case status still shows “USCIS is processing yo — what should I know?",5,active,content/_live/pages.json
page,dentistry/community-questions/why-does-it-feel-like-dentists-always-defend-other-dentists-even-when-the-work-seems-quest/index.html,https://theindustryguides.com/dentistry/community-questions/why-does-it-feel-like-dentists-always-defend-other-dentists-even-when-the-work-seems-quest/,dentistry,"Why does it feel like dentists always defend other dentists, even when the work seems questionable?",5,active,content/_live/pages.json
page,personal-injury/community-questions/if-my-hct-is-still-high-next-blood-test-should-i-just-start-routinely-donating-blood-what-/index.html,https://theindustryguides.com/personal-injury/community-questions/if-my-hct-is-still-high-next-blood-test-should-i-just-start-routinely-donating-blood-what-/,personal_injury,"If my HCT is still high next blood test, should I just start routinely donating blood — what should I know?",5,active,content/_live/pages.json
page,trt/community-questions/5-days-for-a-total-of-150mg-i-m-making-appointment-with-an-endocrinologist-this-week-so-he/index.html,https://theindustryguides.com/trt/community-questions/5-days-for-a-total-of-150mg-i-m-making-appointment-with-an-endocrinologist-this-week-so-he/,trt,5 days for a total of 150mg I’m making appointment with an endocrinologist this week so he can monitor my TRT going forward — what should I know?,5,active,content/_live/pages.json
page,personal-injury/community-questions/did-anyone-had-similar-experience-with-their-citizenship-process-and-how-should-i-prepare-/index.html,https://theindustryguides.com/personal-injury/community-questions/did-anyone-had-similar-experience-with-their-citizenship-process-and-how-should-i-prepare-/,personal_injury,Did anyone had similar experience with their citizenship process and how should I prepare — what should I know?,5,active,content/_live/pages.json
page,personal-injury/community-questions/5-years-most-recent-protocol-with-a-new-provider-is-about-112-mg-per-week-pinned-daily-sub/index.html,https://theindustryguides.com/personal-injury/community-questions/5-years-most-recent-protocol-with-a-new-provider-is-about-112-mg-per-week-pinned-daily-sub/,personal_injury,"5 years, most recent protocol with a new provider is about 112 mg per week, pinned daily subq — what should I know?",5,active,content/_live/pages.json
page,personal-injury/community-questions/i-think-they-should-get-a-lawyer-but-the-family-disagrees-and-thinks-a-lawyer-would-be-use/index.html,https://theindustryguides.com/personal-injury/community-questions/i-think-they-should-get-a-lawyer-but-the-family-disagrees-and-thinks-a-lawyer-would-be-use/,personal_injury,"I think they should get a lawyer, but the family disagrees and thinks a lawyer would be ""useless"" — what should I know?",5,active,content/_live/pages.json
page,dentistry/community-questions/how-long-can-this-extraction-wait-life-has-been-pretty-busy-and-i-ve-been-delaying-going-t/index.html,https://theindustryguides.com/dentistry/community-questions/how-long-can-this-extraction-wait-life-has-been-pretty-busy-and-i-ve-been-delaying-going-t/,dentistry,How long can this extraction wait Life has been pretty busy and I've been delaying going to the dentist to start the process of getting my wisdom teeth removed?,5,active,content/_live/pages.json
page,personal-injury/community-questions/aba-to-help-with-expressive-speech-successful-stories-i-know-i-know-i-have-way-too-many-qu/index.html,https://theindustryguides.com/personal-injury/community-questions/aba-to-help-with-expressive-speech-successful-stories-i-know-i-know-i-have-way-too-many-qu/,personal_injury,ABA to help with expressive speech (successful stories) I know I know I have way too many questions for the weekend) I am very anxious mom and my sons diagnosis took me out of life so we trying to find best solution for — what should I know?,5,active,content/_live/pages.json
page,personal-injury/community-questions/should-i-try-increasing-my-calories-to-2500-a-day/index.html,https://theindustryguides.com/personal-injury/community-questions/should-i-try-increasing-my-calories-to-2500-a-day/,personal_injury,Should I try increasing my calories to 2500 a day?,5,active,content/_live/pages.json
page,personal-injury/community-questions/every-submission-of-documentation-they-would-email-me-saying-we-need-more-information-from/index.html,https://theindustryguides.com/personal-injury/community-questions/every-submission-of-documentation-they-would-email-me-saying-we-need-more-information-from/,personal_injury,"Every submission of documentation, they would email me saying ""we need more information from your medical provider"" — what should I know?",5,active,content/_live/pages.json
page,personal-injury/community-questions/i-do-telehealth-appointments-what-should-i-know/index.html,https://theindustryguides.com/personal-injury/community-questions/i-do-telehealth-appointments-what-should-i-know/,personal_injury,I do telehealth appointments — what should I know?,5,active,content/_live/pages.json
page,personal-injury/community-questions/location-california-mobile-home-in-my-name-family-agreed-to-split-costs-4-ways-now-refusin/index.html,https://theindustryguides.com/personal-injury/community-questions/location-california-mobile-home-in-my-name-family-agreed-to-split-costs-4-ways-now-refusin/,personal_injury,"Location: California — Mobile home in my name, family agreed to split costs 4 ways, now refusing and may leave me with loan/tax/default risk — what should I know?",5,active,content/_live/pages.json
page,dentistry/community-questions/wisdom-tooth-eval-and-extraction-planned-in-2-days-my-general-dentist-requested-i-see-an-o/index.html,https://theindustryguides.com/dentistry/community-questions/wisdom-tooth-eval-and-extraction-planned-in-2-days-my-general-dentist-requested-i-see-an-o/,dentistry,Wisdom tooth eval and extraction planned in 2 days My general dentist requested I see an oral surgeon ASAP to get my wisdom tooth evaluated in extracted — what should I know?,5,active,content/_live/pages.json
page,dentistry/community-questions/notes-haven-t-been-to-a-dentist-in-7-years-and-these-photos-are-taken-3-months-apart-what-/index.html,https://theindustryguides.com/dentistry/community-questions/notes-haven-t-been-to-a-dentist-in-7-years-and-these-photos-are-taken-3-months-apart-what-/,dentistry,"Notes: haven’t been to a dentist in 7 years, and these photos are taken 3 months apart — what should I know?",5,active,content/_live/pages.json
page,personal-injury/community-questions/i-m-doing-my-best-to-raise-both-children-to-be-healthy-adults-and-fear-my-younger-will-sta/index.html,https://theindustryguides.com/personal-injury/community-questions/i-m-doing-my-best-to-raise-both-children-to-be-healthy-adults-and-fear-my-younger-will-sta/,personal_injury,I’m doing my best to raise both children to be healthy adults and fear my younger will start feeling resentment/become a glass child — what should I know?,5,active,content/_live/pages.json
page,personal-injury/community-questions/case-was-submitted-for-quality-review-based-on-an-approval-recommendation-hi-guys-on-16-ap/index.html,https://theindustryguides.com/personal-injury/community-questions/case-was-submitted-for-quality-review-based-on-an-approval-recommendation-hi-guys-on-16-ap/,personal_injury,"Case Was Submitted For Quality Review Based On An Approval Recommendation hi guys, on 16 april, i got this notice “We recommended that your Form N-400, Application for Naturalization, Receipt Number be approved — what should I know?",5,active,content/_live/pages.json
page,uscis-medical/community-questions/updates-amp-where-best-to-look-first-hello-uscis-fam-what-should-i-know/index.html,https://theindustryguides.com/uscis-medical/community-questions/updates-amp-where-best-to-look-first-hello-uscis-fam-what-should-i-know/,uscis-medical,Updates &amp; Where best to look first Hello USCIS fam — what should I know?,5,active,content/_live/pages.json
page,dentistry/community-questions/i-am-a-dual-citizen-american-syrian-i-want-to-marry-my-syrian-fiancee-in-syria-i-know-we-h/index.html,https://theindustryguides.com/dentistry/community-questions/i-am-a-dual-citizen-american-syrian-i-want-to-marry-my-syrian-fiancee-in-syria-i-know-we-h/,dentistry,"I am a dual citizen American/Syrian I want to marry my Syrian fiancée in Syria, i know we have to follow local laws but my question is should i marry as an American citizen or do i use my Syrian identification — what should I know?",5,active,content/_live/pages.json
page,personal-injury/community-questions/i-am-also-wondering-if-putting-a-request-to-relocate-on-a-motion-to-change-a-final-decree-/index.html,https://theindustryguides.com/personal-injury/community-questions/i-am-also-wondering-if-putting-a-request-to-relocate-on-a-motion-to-change-a-final-decree-/,personal_injury,I am also wondering if putting a request to relocate on a motion to change a final decree will still be accepted or do I need to change that motion as well — what should I know?,5,active,content/_live/pages.json
page,personal-injury/community-questions/as-best-i-can-tell-there-is-no-windfall-clause-or-wording-in-the-comp-plan-that-states-the/index.html,https://theindustryguides.com/personal-injury/community-questions/as-best-i-can-tell-there-is-no-windfall-clause-or-wording-in-the-comp-plan-that-states-the/,personal_injury,"As best I can tell, there is no ""windfall clause"" or wording in the comp plan that states the employer can do this — what should I know?",5,active,content/_live/pages.json
page,personal-injury/community-questions/should-i-submit-the-irs-letter-to-nj-unemployment/index.html,https://theindustryguides.com/personal-injury/community-questions/should-i-submit-the-irs-letter-to-nj-unemployment/,personal_injury,Should I submit the IRS letter to NJ unemployment?,5,active,content/_live/pages.json
page,personal-injury/community-questions/they-didnt-and-do-i-need-to-worry-about-dcf-or-a-follow-up-investigation-what-should-i-kno/index.html,https://theindustryguides.com/personal-injury/community-questions/they-didnt-and-do-i-need-to-worry-about-dcf-or-a-follow-up-investigation-what-should-i-kno/,personal_injury,(They didnt) and do i need to worry about DCF or a follow up investigation — what should I know?,5,active,content/_live/pages.json
page,personal-injury/community-questions/i-was-in-contact-with-two-lawyers-who-both-said-there-s-no-real-legislation-for-this-as-it/index.html,https://theindustryguides.com/personal-injury/community-questions/i-was-in-contact-with-two-lawyers-who-both-said-there-s-no-real-legislation-for-this-as-it/,personal_injury,""" I was in contact with two lawyers who both said there's no real ""legislation"" for this as it's a civil dispute and that my only responsibility is to make sure her things aren't damaged while on my property — what should I know?",5,active,content/_live/pages.json
page,personal-injury/community-questions/my-brother-is-facing-3-negligent-homicide-charges-because-the-state-says-he-crossed-the-ce/index.html,https://theindustryguides.com/personal-injury/community-questions/my-brother-is-facing-3-negligent-homicide-charges-because-the-state-says-he-crossed-the-ce/,personal_injury,"My brother is facing 3 negligent homicide charges because the state says he crossed the centerline, though he’s not at fault in our opinion, he’s hired the best attorney for the job but I want to point out some things to — what should I know?",5,active,content/_live/pages.json
page,dentistry/community-questions/at-the-same-time-there-seem-to-be-quite-a-few-tools-and-companies-that-provide-things-like/index.html,https://theindustryguides.com/dentistry/community-questions/at-the-same-time-there-seem-to-be-quite-a-few-tools-and-companies-that-provide-things-like/,dentistry,"At the same time, there seem to be quite a few tools and companies that provide things like: property market analytics price-per-square-meter analysis identification of undervalued properties investment opportunity scori — what should I know?",5,active,content/_live/pages.json
page,personal-injury/community-questions/he-wanted-to-talk-about-the-relationship-his-regrets-how-much-he-was-struggling-and-someti/index.html,https://theindustryguides.com/personal-injury/community-questions/he-wanted-to-talk-about-the-relationship-his-regrets-how-much-he-was-struggling-and-someti/,personal_injury,"He wanted to talk about the relationship, his regrets, how much he was struggling, and sometimes wanted to discuss apologies or reconciliation — what should I know?",5,active,content/_live/pages.json
page,personal-injury/community-questions/ny-damage-case-is-to-small-for-lawyers-to-big-to-do-it-on-my-own-what-should-i-know/index.html,https://theindustryguides.com/personal-injury/community-questions/ny-damage-case-is-to-small-for-lawyers-to-big-to-do-it-on-my-own-what-should-i-know/,personal_injury,"[NY] Damage case is to small for lawyers, to big to do it on my own — what should I know?",5,active,content/_live/pages.json
page,personal-injury/community-questions/do-i-need-to-give-it-to-her/index.html,https://theindustryguides.com/personal-injury/community-questions/do-i-need-to-give-it-to-her/,personal_injury,Do I need to give it to her?,5,active,content/_live/pages.json
page,personal-injury/community-questions/i-had-posted-this-in-a-different-sub-and-they-recommended-i-post-it-here-as-well-what-shou/index.html,https://theindustryguides.com/personal-injury/community-questions/i-had-posted-this-in-a-different-sub-and-they-recommended-i-post-it-here-as-well-what-shou/,personal_injury,I had posted this in a different sub and they recommended I post it here as well — what should I know?,5,active,content/_live/pages.json
page,personal-injury/community-questions/i-know-my-credit-will-take-a-serious-hit-while-i-repay-my-original-loan-but-should-i-be-pr/index.html,https://theindustryguides.com/personal-injury/community-questions/i-know-my-credit-will-take-a-serious-hit-while-i-repay-my-original-loan-but-should-i-be-pr/,personal_injury,"I know my credit will take a serious hit while I repay my original loan, but should i be prepared for further financial repercussions because of his photos — what should I know?",5,active,content/_live/pages.json
page,personal-injury/community-questions/do-i-need-to-call-the-sheriffs-office-for-an-escort/index.html,https://theindustryguides.com/personal-injury/community-questions/do-i-need-to-call-the-sheriffs-office-for-an-escort/,personal_injury,Do I need to call the sheriffs office for an escort?,5,active,content/_live/pages.json
page,personal-injury/community-questions/would-i-need-to-hire-a-lawyer/index.html,https://theindustryguides.com/personal-injury/community-questions/would-i-need-to-hire-a-lawyer/,personal_injury,Would I need to hire a lawyer?,5,active,content/_live/pages.json
page,personal-injury/community-questions/x200b-i-am-trying-to-schedule-a-consultation-with-a-cpa-tax-professional-but-i-haven-t-bee/index.html,https://theindustryguides.com/personal-injury/community-questions/x200b-i-am-trying-to-schedule-a-consultation-with-a-cpa-tax-professional-but-i-haven-t-bee/,personal_injury,"&#x200B; I am trying to schedule a consultation with a CPA/tax professional, but I haven't been able to get an appointment yet and would appreciate some general guidance while I wait — what should I know?",5,active,content/_live/pages.json
page,personal-injury/community-questions/or-should-i-call-back-immediately-what-should-i-know/index.html,https://theindustryguides.com/personal-injury/community-questions/or-should-i-call-back-immediately-what-should-i-know/,personal_injury,Or should I call back immediately — what should I know?,5,active,content/_live/pages.json
page,dentistry/community-questions/my-wife-who-does-not-handle-conflict-or-confrontation-well-set-up-a-dentist-apt-what-shoul/index.html,https://theindustryguides.com/dentistry/community-questions/my-wife-who-does-not-handle-conflict-or-confrontation-well-set-up-a-dentist-apt-what-shoul/,dentistry,My wife who does not handle conflict or confrontation well set up a dentist apt — what should I know?,5,active,content/_live/pages.json
page,dentistry/community-questions/how-bad-is-the-decay-and-how-long-can-i-delay-a-dentist-visit-i-have-no-health-care-and-ca/index.html,https://theindustryguides.com/dentistry/community-questions/how-bad-is-the-decay-and-how-long-can-i-delay-a-dentist-visit-i-have-no-health-care-and-ca/,dentistry,How bad is the decay and how long can I delay a dentist visit (I have no health care and can’t afford a visit right now) &#32; submitted by &#32; /[username removed] [link] &#32; [comments]?,5,active,content/_live/pages.json
page,dentistry/community-questions/unsure-of-design-thank-you-i-am-a-dentist-but-unable-to-post-on-dentistry-form-32-submitte/index.html,https://theindustryguides.com/dentistry/community-questions/unsure-of-design-thank-you-i-am-a-dentist-but-unable-to-post-on-dentistry-form-32-submitte/,dentistry,Unsure of design thank you I am a dentist but unable to post on dentistry form &#32; submitted by &#32; /[username removed] [link] &#32; [comments] — what should I know?,5,active,content/_live/pages.json
page,dentistry/community-questions/my-dentist-identified-a-very-tiny-vertical-crack-on-my-lower-right-second-molar-and-recomm/index.html,https://theindustryguides.com/dentistry/community-questions/my-dentist-identified-a-very-tiny-vertical-crack-on-my-lower-right-second-molar-and-recomm/,dentistry,My dentist identified a very tiny vertical crack on my lower right second molar and recommends a crown — what should I know?,5,active,content/_live/pages.json
page,personal-injury/community-questions/my-doctor-did-what-he-did-and-used-something-ceramic-what-should-i-know/index.html,https://theindustryguides.com/personal-injury/community-questions/my-doctor-did-what-he-did-and-used-something-ceramic-what-should-i-know/,personal_injury,My doctor did what he did and used something ceramic — what should I know?,5,active,content/_live/pages.json
page,personal-injury/community-questions/small-pink-bump-on-roof-of-mouth-near-throat-should-i-be-worried-what-should-i-know/index.html,https://theindustryguides.com/personal-injury/community-questions/small-pink-bump-on-roof-of-mouth-near-throat-should-i-be-worried-what-should-i-know/,personal_injury,"Small pink bump on roof of mouth / near throat, should I be worried — what should I know?",5,active,content/_live/pages.json
page,dentistry/community-questions/seeing-dentist-for-a-potential-tooth-abscess-what-should-i-know/index.html,https://theindustryguides.com/dentistry/community-questions/seeing-dentist-for-a-potential-tooth-abscess-what-should-i-know/,dentistry,Seeing dentist for a potential tooth abscess — what should I know?,5,active,content/_live/pages.json
page,personal-injury/community-questions/what-should-i-be-doing/index.html,https://theindustryguides.com/personal-injury/community-questions/what-should-i-be-doing/,personal_injury,What Should I Be Doing?,5,active,content/_live/pages.json
page,dentistry/community-questions/at-the-time-i-told-the-doctor-that-one-tooth-in-particular-felt-like-it-was-hitting-my-low/index.html,https://theindustryguides.com/dentistry/community-questions/at-the-time-i-told-the-doctor-that-one-tooth-in-particular-felt-like-it-was-hitting-my-low/,dentistry,"At the time, I told the doctor that one tooth in particular felt like it was hitting my lower teeth before any others and he adjusted it a few times, had me bite down on something and said things looked fine — what should I know?",5,active,content/_live/pages.json
page,personal-injury/community-questions/second-question-should-i-get-amalgam-or-white-fillings-what-should-i-know/index.html,https://theindustryguides.com/personal-injury/community-questions/second-question-should-i-get-amalgam-or-white-fillings-what-should-i-know/,personal_injury,"Second question, should i get amalgam or white fillings — what should I know?",5,active,content/_live/pages.json
page,dentistry/community-questions/i-last-went-to-the-dentist-in-march-and-he-pointed-out-hey-you-have-a-couple-roots-visible/index.html,https://theindustryguides.com/dentistry/community-questions/i-last-went-to-the-dentist-in-march-and-he-pointed-out-hey-you-have-a-couple-roots-visible/,dentistry,"I last went to the dentist in March, and he pointed out ""hey you have a couple roots visible, be sure not to brush too hard — what should I know?",5,active,content/_live/pages.json
page,dentistry/community-questions/i-had-a-temporary-filling-placed-at-an-emergency-dentist-and-then-got-scheduled-for-an-ext/index.html,https://theindustryguides.com/dentistry/community-questions/i-had-a-temporary-filling-placed-at-an-emergency-dentist-and-then-got-scheduled-for-an-ext/,dentistry,I had a temporary filling placed at an emergency dentist and then got scheduled for an extraction when I went to see my regular dentist — what should I know?,5,active,content/_live/pages.json
page,dentistry/community-questions/i-ve-only-been-to-the-dentist-twice-for-an-exam-and-cleaning-but-they-never-said-anything-/index.html,https://theindustryguides.com/dentistry/community-questions/i-ve-only-been-to-the-dentist-twice-for-an-exam-and-cleaning-but-they-never-said-anything-/,dentistry,"I've only been to the dentist twice for an exam and cleaning, but they never said anything about this and I never brought it up — what should I know?",5,active,content/_live/pages.json
page,dentistry/community-questions/question-hi-everyone-i-m-23-years-old-and-from-january-2026-until-now-i-ve-been-visiting-m/index.html,https://theindustryguides.com/dentistry/community-questions/question-hi-everyone-i-m-23-years-old-and-from-january-2026-until-now-i-ve-been-visiting-m/,dentistry,"Question Hi everyone, I’m 23 years old, and from January 2026 until now I’ve been visiting my dentist regularly — what should I know?",5,active,content/_live/pages.json
page,dentistry/community-questions/i-immediately-brought-this-up-to-my-dentist-and-she-said-that-just-make-sure-to-waterpik-a/index.html,https://theindustryguides.com/dentistry/community-questions/i-immediately-brought-this-up-to-my-dentist-and-she-said-that-just-make-sure-to-waterpik-a/,dentistry,I immediately brought this up to my dentist and she said that just make sure to waterpik and floss in that area — what should I know?,5,active,content/_live/pages.json
page,dentistry/community-questions/a-few-hours-ago-i-went-to-the-dentist-because-one-of-my-teeth-had-been-treated-with-mta-an/index.html,https://theindustryguides.com/dentistry/community-questions/a-few-hours-ago-i-went-to-the-dentist-because-one-of-my-teeth-had-been-treated-with-mta-an/,dentistry,"A few hours ago, I went to the dentist because one of my teeth had been treated with MTA and filled a few months ago, but the whole tooth became discolored — what should I know?",5,active,content/_live/pages.json
page,dentistry/community-questions/i-saw-a-dentist-but-he-didn-t-find-anything-concerning-other-than-the-fissured-tongue-what/index.html,https://theindustryguides.com/dentistry/community-questions/i-saw-a-dentist-but-he-didn-t-find-anything-concerning-other-than-the-fissured-tongue-what/,dentistry,"I saw a dentist, but he didn’t find anything concerning other than the fissured tongue — what should I know?",5,active,content/_live/pages.json
page,dentistry/community-questions/dentist-filed-down-my-teeth-too-much-now-i-have-an-ugly-gap-could-this-be-fixed-with-edge-/index.html,https://theindustryguides.com/dentistry/community-questions/dentist-filed-down-my-teeth-too-much-now-i-have-an-ugly-gap-could-this-be-fixed-with-edge-/,dentistry,"Dentist filed down my teeth too much, now I have an ugly gap, could this be fixed with edge bonding — what should I know?",5,active,content/_live/pages.json
page,dentistry/community-questions/please-let-me-know-what-this-is-dentists-what-should-i-know/index.html,https://theindustryguides.com/dentistry/community-questions/please-let-me-know-what-this-is-dentists-what-should-i-know/,dentistry,😭 please let me know what this is dentists — what should I know?,5,active,content/_live/pages.json
page,dentistry/community-questions/found-huge-hole-in-my-gums-i-haven-t-been-to-the-dentist-in-years-obviously-due-to-a-phobi/index.html,https://theindustryguides.com/dentistry/community-questions/found-huge-hole-in-my-gums-i-haven-t-been-to-the-dentist-in-years-obviously-due-to-a-phobi/,dentistry,Found huge hole in my gums I haven't been to the dentist in years obviously due to a phobia of it but I'm going to have to — what should I know?,5,active,content/_live/pages.json
page,personal-injury/community-questions/should-i-get-4-premolars-extracted-for-braces/index.html,https://theindustryguides.com/personal-injury/community-questions/should-i-get-4-premolars-extracted-for-braces/,personal_injury,Should I get 4 premolars extracted for braces?,5,active,content/_live/pages.json
page,dentistry/community-questions/should-i-get-implants/index.html,https://theindustryguides.com/dentistry/community-questions/should-i-get-implants/,dentistry,Should I get implants?,5,active,content/_live/pages.json
page,personal-injury/community-questions/i-went-to-the-doctor-two-times-but-they-seemed-reluctant-and-said-its-probably-only-herpes/index.html,https://theindustryguides.com/personal-injury/community-questions/i-went-to-the-doctor-two-times-but-they-seemed-reluctant-and-said-its-probably-only-herpes/,personal_injury,"I went to the doctor two times, but they seemed reluctant and said its probably only herpes and gave me medicine — what should I know?",5,active,content/_live/pages.json
page,dentistry/community-questions/on-11th-i-observed-this-thing-and-got-it-checked-by-the-dentist-on-12th-he-said-it-was-a-b/index.html,https://theindustryguides.com/dentistry/community-questions/on-11th-i-observed-this-thing-and-got-it-checked-by-the-dentist-on-12th-he-said-it-was-a-b/,dentistry,"On 11th i observed this thing and got it checked by the dentist on 12th , he said it was a bite related ulcer and advised kenacort but i haven't used the medicine yet as it wasn't available anywhere and thought it would — what should I know?",5,active,content/_live/pages.json
page,dentistry/community-questions/my-dentist-says-that-it-s-better-to-put-both-the-bone-graft-and-the-implant-in-a-single-vi/index.html,https://theindustryguides.com/dentistry/community-questions/my-dentist-says-that-it-s-better-to-put-both-the-bone-graft-and-the-implant-in-a-single-vi/,dentistry,My dentist says that it’s better to put both the bone graft and the implant in a single visit because it’s less traumatic for the area — what should I know?,5,active,content/_live/pages.json
page,dentistry/community-questions/i-bit-improperly-and-ended-up-chipping-the-tooth-should-i-get-fixed-fast-what-should-i-kno/index.html,https://theindustryguides.com/dentistry/community-questions/i-bit-improperly-and-ended-up-chipping-the-tooth-should-i-get-fixed-fast-what-should-i-kno/,dentistry,"I bit improperly and ended up chipping the tooth, should I get fixed fast — what should I know?",5,active,content/_live/pages.json
page,dentistry/community-questions/not-necessarily-a-dental-appointment-with-a-full-check-up-but-just-a-place-you-could-stop-/index.html,https://theindustryguides.com/dentistry/community-questions/not-necessarily-a-dental-appointment-with-a-full-check-up-but-just-a-place-you-could-stop-/,dentistry,"Not necessarily a dental appointment with a full check up, but just a place you could stop in, perhaps even without an appt, and have a cleaning done between your regular dental checkup — what should I know?",5,active,content/_live/pages.json
page,dentistry/community-questions/how-to-avoid-pain-of-root-canal-crack-for-a-month-as-i-can-t-visit-dentist/index.html,https://theindustryguides.com/dentistry/community-questions/how-to-avoid-pain-of-root-canal-crack-for-a-month-as-i-can-t-visit-dentist/,dentistry,How to avoid pain of root canal crack for a month as I can't visit dentist?,5,active,content/_live/pages.json
page,personal-injury/community-questions/should-i-be-worried-temporary-crown-fell-out-32-submitted-by-32-username-removed-link-32-c/index.html,https://theindustryguides.com/personal-injury/community-questions/should-i-be-worried-temporary-crown-fell-out-32-submitted-by-32-username-removed-link-32-c/,personal_injury,Should i be worried temporary crown fell out &#32; submitted by &#32; /[username removed] [link] &#32; [comments]?,5,active,content/_live/pages.json
page,dentistry/community-questions/at-this-point-there-is-no-pain-but-i-am-still-anxious-to-know-if-i-should-go-to-an-emergen/index.html,https://theindustryguides.com/dentistry/community-questions/at-this-point-there-is-no-pain-but-i-am-still-anxious-to-know-if-i-should-go-to-an-emergen/,dentistry,At this point there is no pain but I am still anxious to know if I should go to an emergency dentist or not — what should I know?,5,active,content/_live/pages.json
page,neuro/community-questions/looking-for-encouragement-in-process-of-evaluation-for-4-year-old-hi-i-ve-never-posted-bef/index.html,https://theindustryguides.com/neuro/community-questions/looking-for-encouragement-in-process-of-evaluation-for-4-year-old-hi-i-ve-never-posted-bef/,neuro,"Looking for Encouragement-in process of evaluation for 4 year old Hi, I've never posted before but I'm really looking for some encouragement from parents who understand — what should I know?",5,active,content/_live/pages.json
page,personal-injury/community-questions/does-anyone-have-any-recommendations/index.html,https://theindustryguides.com/personal-injury/community-questions/does-anyone-have-any-recommendations/,personal_injury,Does anyone have any recommendations?,5,active,content/_live/pages.json
page,personal-injury/community-questions/he-will-not-visit-a-doctor-or-therapist-what-should-i-know/index.html,https://theindustryguides.com/personal-injury/community-questions/he-will-not-visit-a-doctor-or-therapist-what-should-i-know/,personal_injury,He will not visit a doctor or therapist — what should I know?,5,active,content/_live/pages.json
page,personal-injury/community-questions/i-m-switching-insurance-companies-after-this-date-to-a-new-plan-am-i-still-able-to-schedul/index.html,https://theindustryguides.com/personal-injury/community-questions/i-m-switching-insurance-companies-after-this-date-to-a-new-plan-am-i-still-able-to-schedul/,personal_injury,I'm switching insurance companies after this date to a new plan--am I still able to schedule the appt for after my insurance has expired and get coverage or do I need to find someone to do it before 5/21 — what should I know?,5,active,content/_live/pages.json
page,personal-injury/community-questions/best-travel-insurance-for-2026-fifa-world-cup-i-27m-am-travelling-with-to-the-us-for-the-2/index.html,https://theindustryguides.com/personal-injury/community-questions/best-travel-insurance-for-2026-fifa-world-cup-i-27m-am-travelling-with-to-the-us-for-the-2/,personal_injury,Best Travel Insurance for 2026 FIFA World Cup I(27M) am Travelling with to the US for the 2026 FIFA World Cup from India — what should I know?,5,active,content/_live/pages.json
page,personal-injury/community-questions/should-i-go-through-my-own-insurance-with-a-1-500-deductible/index.html,https://theindustryguides.com/personal-injury/community-questions/should-i-go-through-my-own-insurance-with-a-1-500-deductible/,personal_injury,"Should I go through my own insurance with a $1,500 deductible?",5,active,content/_live/pages.json
page,personal-injury/community-questions/when-you-need-to-talk-to-a-teacher-a-senco-or-a-doctor-you-generate-a-report/index.html,https://theindustryguides.com/personal-injury/community-questions/when-you-need-to-talk-to-a-teacher-a-senco-or-a-doctor-you-generate-a-report/,personal_injury,"When you need to talk to a teacher, a SENCO, or a doctor, you generate a report?",5,active,content/_live/pages.json
page,personal-injury/community-questions/sleep-help-we-have-an-appointment-coming-up-with-developmental-peds-but-in-the-meantime-i-/index.html,https://theindustryguides.com/personal-injury/community-questions/sleep-help-we-have-an-appointment-coming-up-with-developmental-peds-but-in-the-meantime-i-/,personal_injury,Sleep help We have an appointment coming up with developmental peds but in the meantime I’d like to hear what others are doing — what should I know?,5,active,content/_live/pages.json
page,neuro/community-questions/today-during-an-iep-evaluation-planning-meeting-at-a-school-in-oregon-he-started-screaming/index.html,https://theindustryguides.com/neuro/community-questions/today-during-an-iep-evaluation-planning-meeting-at-a-school-in-oregon-he-started-screaming/,neuro,"Today during an IEP evaluation planning meeting at a school in Oregon, he started screaming “restroom” as soon as we entered the building — what should I know?",5,active,content/_live/pages.json
page,personal-injury/community-questions/families-across-this-country-buy-these-policies-to-protect-themselves-from-devastating-rep/index.html,https://theindustryguides.com/personal-injury/community-questions/families-across-this-country-buy-these-policies-to-protect-themselves-from-devastating-rep/,personal_injury,"Families across this country buy these policies to protect themselves from devastating repair costs — especially in places like Arizona where air conditioning is not a luxury, it is a necessity — what should I know?",5,active,content/_live/pages.json
page,personal-injury/community-questions/my-boss-said-to-call-my-insurance-for-advice-and-to-get-a-lawyer-what-should-i-know/index.html,https://theindustryguides.com/personal-injury/community-questions/my-boss-said-to-call-my-insurance-for-advice-and-to-get-a-lawyer-what-should-i-know/,personal_injury,My boss said to call my insurance for advice and to get a lawyer — what should I know?,5,active,content/_live/pages.json
page,neuro/community-questions/waitlist-for-assessment-1-what-should-i-know/index.html,https://theindustryguides.com/neuro/community-questions/waitlist-for-assessment-1-what-should-i-know/,neuro,Waitlist for assessment 1 — what should I know?,5,active,content/_live/pages.json
page,personal-injury/community-questions/what-should-i-do-random-500-dollar-charge-32-submitted-by-32-username-removed-link-32-comm/index.html,https://theindustryguides.com/personal-injury/community-questions/what-should-i-do-random-500-dollar-charge-32-submitted-by-32-username-removed-link-32-comm/,personal_injury,What should i do - Random 500 Dollar Charge &#32; submitted by &#32; /[username removed] [link] &#32; [comments]?,5,active,content/_live/pages.json
page,personal-injury/community-questions/would-i-need-a-lawyer-to-help-me-obtain-it/index.html,https://theindustryguides.com/personal-injury/community-questions/would-i-need-a-lawyer-to-help-me-obtain-it/,personal_injury,Would I need a lawyer to help me obtain it?,5,active,content/_live/pages.json
page,personal-injury/community-questions/aba-center-based-vs-at-home-has-anyone-made-the-decision-to-pursue-aba-exclusively-in-a-ce/index.html,https://theindustryguides.com/personal-injury/community-questions/aba-center-based-vs-at-home-has-anyone-made-the-decision-to-pursue-aba-exclusively-in-a-ce/,personal_injury,ABA- Center Based vs At Home Has anyone made the decision to pursue ABA exclusively in a center-based setting instead of either only at home or a split between the two,5,active,content/_live/pages.json
page,personal-injury/community-questions/we-ve-tried-a-mix-of-speech-therapy-ot-and-sensory-support-strategies-and-sometimes-i-stil/index.html,https://theindustryguides.com/personal-injury/community-questions/we-ve-tried-a-mix-of-speech-therapy-ot-and-sensory-support-strategies-and-sometimes-i-stil/,personal_injury,"We’ve tried a mix of speech therapy, OT, and sensory support strategies, and sometimes I still wonder which things genuinely helped versus which just added more appointments and stress to the week",5,active,content/_live/pages.json
page,neuro/community-questions/the-rest-is-mostly-babbling-one-thing-the-neuropsychologist-noticed-during-the-evaluation-/index.html,https://theindustryguides.com/neuro/community-questions/the-rest-is-mostly-babbling-one-thing-the-neuropsychologist-noticed-during-the-evaluation-/,neuro,"” The rest is mostly babbling One thing the neuropsychologist noticed during the evaluation: if she took away a toy or his bottle, he became upset but did not look into her eyes — what should I know?",5,active,content/_live/pages.json
page,personal-injury/community-questions/can-i-just-ask-for-15-instead-or-do-i-need-to-do-extra-work-to-get-that-much-more/index.html,https://theindustryguides.com/personal-injury/community-questions/can-i-just-ask-for-15-instead-or-do-i-need-to-do-extra-work-to-get-that-much-more/,personal_injury,Can I just ask for 15 instead or do I need to do extra work to get that much more?,5,active,content/_live/pages.json
page,personal-injury/community-questions/my-question-is-would-it-be-worth-it-to-hire-someone-to-fight-for-more-money-who-will-obvio/index.html,https://theindustryguides.com/personal-injury/community-questions/my-question-is-would-it-be-worth-it-to-hire-someone-to-fight-for-more-money-who-will-obvio/,personal_injury,"My question is, would it be worth it to hire someone to fight for more money who will obviously take a portion of it — what should I know?",5,active,content/_live/pages.json
page,personal-injury/community-questions/car-insurance-past-issue-causing-price-increase-what-should-i-know/index.html,https://theindustryguides.com/personal-injury/community-questions/car-insurance-past-issue-causing-price-increase-what-should-i-know/,personal_injury,"Car insurance, past issue causing price increase — what should I know?",5,active,content/_live/pages.json
page,personal-injury/community-questions/any-advice-recommendations-what-should-i-know/index.html,https://theindustryguides.com/personal-injury/community-questions/any-advice-recommendations-what-should-i-know/,personal_injury,Any advice/recommendations — what should I know?,5,active,content/_live/pages.json
page,personal-injury/community-questions/how-should-i-approach-this/index.html,https://theindustryguides.com/personal-injury/community-questions/how-should-i-approach-this/,personal_injury,HOW SHOULD I APPROACH THIS?,5,active,content/_live/pages.json
page,personal-injury/community-questions/i-recently-started-using-zerodeduct-and-i-m-still-trying-to-see-if-it-s-actually-worth-it-/index.html,https://theindustryguides.com/personal-injury/community-questions/i-recently-started-using-zerodeduct-and-i-m-still-trying-to-see-if-it-s-actually-worth-it-/,personal_injury,I recently started using ZeroDeduct and I’m still trying to see if it’s actually worth it — what should I know?,5,active,content/_live/pages.json
page,personal-injury/community-questions/recently-my-building-sent-out-an-email-saying-that-it-wasn-t-a-valid-insurance-provider-an/index.html,https://theindustryguides.com/personal-injury/community-questions/recently-my-building-sent-out-an-email-saying-that-it-wasn-t-a-valid-insurance-provider-an/,personal_injury,"Recently my building sent out an email saying that it wasn't a valid insurance provider anymore, and I would either need a new policy with someone or they would sign me up for a policy automatically — what should I know?",5,active,content/_live/pages.json
page,personal-injury/community-questions/i-m-going-to-have-a-consultation-with-a-special-ed-lawyer-tomorrow-what-should-i-know/index.html,https://theindustryguides.com/personal-injury/community-questions/i-m-going-to-have-a-consultation-with-a-special-ed-lawyer-tomorrow-what-should-i-know/,personal_injury,I m going to have a consultation with a special ed lawyer tomorrow — what should I know?,5,active,content/_live/pages.json
page,neuro/community-questions/we-actually-only-uncovered-the-asd-in-a-recent-neuropsych-evaluation-because-he-is-highly-/index.html,https://theindustryguides.com/neuro/community-questions/we-actually-only-uncovered-the-asd-in-a-recent-neuropsych-evaluation-because-he-is-highly-/,neuro,"We actually only uncovered the ASD in a recent neuropsych evaluation because he is highly social, though he has massive struggles with transitions and rigidity — what should I know?",5,active,content/_live/pages.json
page,personal-injury/community-questions/marriage-based-case-i-130-approved-i-485-interview-completed-i-485-case-was-administrative/index.html,https://theindustryguides.com/personal-injury/community-questions/marriage-based-case-i-130-approved-i-485-interview-completed-i-485-case-was-administrative/,personal_injury,- Marriage-based case (I-130 approved) - I-485 interview completed - I-485 Case was administratively closed due to removal proceedings - Proceedings are now terminated - Lawyer sent request to reopen about a month ago 👉 — what should I know?,5,active,content/_live/pages.json
page,personal-injury/community-questions/where-should-i-get-it-from-what-should-i-know/index.html,https://theindustryguides.com/personal-injury/community-questions/where-should-i-get-it-from-what-should-i-know/,personal_injury,Where should I get it from — what should I know?,5,active,content/_live/pages.json
page,trt/community-questions/switching-providers-how-do-you-switch-providers-specifically-online-providers-like-petermd/index.html,https://theindustryguides.com/trt/community-questions/switching-providers-how-do-you-switch-providers-specifically-online-providers-like-petermd/,trt,Switching providers How do you switch providers (specifically online providers like PeterMD) when your levels are already good because you currently take TrT — what should I know?,5,active,content/_live/pages.json
page,personal-injury/community-questions/if-so-what-dose-should-i-run-just-to-be-on-the-safe-side-what-should-i-know/index.html,https://theindustryguides.com/personal-injury/community-questions/if-so-what-dose-should-i-run-just-to-be-on-the-safe-side-what-should-i-know/,personal_injury,If so what dose should I run just to be on the safe side — what should I know?,5,active,content/_live/pages.json
page,trt/community-questions/any-ideas-on-what-i-can-do-to-boost-his-motivation-and-get-his-t-levels-up-without-spendin/index.html,https://theindustryguides.com/trt/community-questions/any-ideas-on-what-i-can-do-to-boost-his-motivation-and-get-his-t-levels-up-without-spendin/,trt,Any ideas on what I can do to boost his motivation and get his T levels up without spending a ton of money on a TRT provider only for him to give up on day 2 — what should I know?,5,active,content/_live/pages.json
page,personal-injury/community-questions/should-i-increase-to-40mg-eod-or-even-go-to-ed-injections/index.html,https://theindustryguides.com/personal-injury/community-questions/should-i-increase-to-40mg-eod-or-even-go-to-ed-injections/,personal_injury,Should I increase to 40mg EOD or even go to ED injections?,5,active,content/_live/pages.json
page,personal-injury/community-questions/what-recommendations-can-you-give/index.html,https://theindustryguides.com/personal-injury/community-questions/what-recommendations-can-you-give/,personal_injury,What recommendations can you give?,5,active,content/_live/pages.json
page,personal-injury/community-questions/should-i-be-hopeful-for-an-interview-soon/index.html,https://theindustryguides.com/personal-injury/community-questions/should-i-be-hopeful-for-an-interview-soon/,personal_injury,Should I be hopeful for an interview soon?,5,active,content/_live/pages.json
page,personal-injury/community-questions/i-suffered-for-a-while-longer-until-i-finally-went-to-a-local-men-s-clinic-i-understand-no/index.html,https://theindustryguides.com/personal-injury/community-questions/i-suffered-for-a-while-longer-until-i-finally-went-to-a-local-men-s-clinic-i-understand-no/,personal_injury,I suffered for a while longer until I finally went to a local men’s clinic (I understand now that may not have been the best choice but it was something — what should I know?,5,active,content/_live/pages.json
page,personal-injury/community-questions/clomid-hcg-or-enclomiphene-looking-for-some-advice-on-what-s-best-to-use-to-get-my-balls-u/index.html,https://theindustryguides.com/personal-injury/community-questions/clomid-hcg-or-enclomiphene-looking-for-some-advice-on-what-s-best-to-use-to-get-my-balls-u/,personal_injury,"Clomid,HCG or Enclomiphene Looking for some advice on what’s best to use to get my balls up and running again — what should I know?",5,active,content/_live/pages.json
page,personal-injury/community-questions/25mg-eod-enclomiphene-through-a-private-clinic-i-was-originally-told-to-take-6-what-should/index.html,https://theindustryguides.com/personal-injury/community-questions/25mg-eod-enclomiphene-through-a-private-clinic-i-was-originally-told-to-take-6-what-should/,personal_injury,"25mg EOD enclomiphene through a private clinic, I was originally told to take 6 — what should I know?",5,active,content/_live/pages.json
page,personal-injury/community-questions/feel-free-to-drop-your-questions-below-and-i-ll-do-my-best-to-respond-thoughtfully-and-acc/index.html,https://theindustryguides.com/personal-injury/community-questions/feel-free-to-drop-your-questions-below-and-i-ll-do-my-best-to-respond-thoughtfully-and-acc/,personal_injury,Feel free to drop your questions below and I’ll do my best to respond thoughtfully and accurately — what should I know?,5,active,content/_live/pages.json
page,personal-injury/community-questions/officer-was-short-only-asked-the-basic-questions-and-didn-t-ask-proof-of-endeavor-like-our/index.html,https://theindustryguides.com/personal-injury/community-questions/officer-was-short-only-asked-the-basic-questions-and-didn-t-ask-proof-of-endeavor-like-our/,personal_injury,Officer was short only asked the basic questions and didn't ask proof of endeavor like our lawyer said and it didn't give an option to give more recent documents — what should I know?,5,active,content/_live/pages.json
page,personal-injury/community-questions/i-do-not-know-how-to-interpret-the-other-hormone-levels-but-i-have-an-appointment-friday-t/index.html,https://theindustryguides.com/personal-injury/community-questions/i-do-not-know-how-to-interpret-the-other-hormone-levels-but-i-have-an-appointment-friday-t/,personal_injury,I do not know how to interpret the other hormone levels but I have an appointment Friday to discuss with Doc — what should I know?,5,active,content/_live/pages.json
page,personal-injury/community-questions/k1-visa-denied-today-help-my-brother-s-k-1-visa-was-refused-under-221-g-and-we-re-trying-t/index.html,https://theindustryguides.com/personal-injury/community-questions/k1-visa-denied-today-help-my-brother-s-k-1-visa-was-refused-under-221-g-and-we-re-trying-t/,personal_injury,"K1 Visa Denied Today- HELP My brother’s K-1 visa was refused under 221(g), and we’re trying to understand the best path forward — what should I know?",5,active,content/_live/pages.json
page,personal-injury/community-questions/it-s-been-127-days-pending-should-i-wait-or-go-for-premium-processing-now-what-should-i-kn/index.html,https://theindustryguides.com/personal-injury/community-questions/it-s-been-127-days-pending-should-i-wait-or-go-for-premium-processing-now-what-should-i-kn/,personal_injury,It’s been ~127 days pending Should I wait or go for premium processing now — what should I know?,5,active,content/_live/pages.json
page,personal-injury/community-questions/i-m-a-medical-doctor-so-i-m-used-to-educate-myself-on-these-topics-since-unfortunately-the/index.html,https://theindustryguides.com/personal-injury/community-questions/i-m-a-medical-doctor-so-i-m-used-to-educate-myself-on-these-topics-since-unfortunately-the/,personal_injury,"I’m a medical doctor, so I’m used to educate myself on these topics since unfortunately there are no available trustworthy local sources of information on the matter — what should I know?",5,active,content/_live/pages.json
page,personal-injury/community-questions/did-anyone-else-experience-this-and-should-i-be-worried-or-is-this-a-sign-the-case-is-movi/index.html,https://theindustryguides.com/personal-injury/community-questions/did-anyone-else-experience-this-and-should-i-be-worried-or-is-this-a-sign-the-case-is-movi/,personal_injury,did anyone else experience this and should i be worried or is this a sign the case is moving quickly — what should I know?,5,active,content/_live/pages.json
page,personal-injury/community-questions/gp-pricing-is-climbing-whey-costs-are-skyrocketing-and-glp-1-drugs-like-retatrutide-ozempi/index.html,https://theindustryguides.com/personal-injury/community-questions/gp-pricing-is-climbing-whey-costs-are-skyrocketing-and-glp-1-drugs-like-retatrutide-ozempi/,personal_injury,"GP pricing is climbing, whey costs are skyrocketing, and GLP-1 drugs like Retatrutide, Ozempic, and Tirzepatide are being ordered and consumed at a breakneck pace — what should I know?",5,active,content/_live/pages.json
page,personal-injury/community-questions/also-should-i-continue-pinning-hcg-or-wait-until-my-meds-arrive-what-should-i-know/index.html,https://theindustryguides.com/personal-injury/community-questions/also-should-i-continue-pinning-hcg-or-wait-until-my-meds-arrive-what-should-i-know/,personal_injury,also should I continue pinning hcg or wait until my meds arrive — what should I know?,5,active,content/_live/pages.json
page,personal-injury/community-questions/finally-i-believe-i-ll-be-getting-on-soon-have-appointment-monday-what-should-i-know/index.html,https://theindustryguides.com/personal-injury/community-questions/finally-i-believe-i-ll-be-getting-on-soon-have-appointment-monday-what-should-i-know/,personal_injury,Finally I believe I'll be getting on soon have appointment Monday — what should I know?,5,active,content/_live/pages.json
page,personal-injury/community-questions/i-have-an-appointment-with-an-endocrinologist-but-i-am-feeling-like-an-idiot-and-guilty-as/index.html,https://theindustryguides.com/personal-injury/community-questions/i-have-an-appointment-with-an-endocrinologist-but-i-am-feeling-like-an-idiot-and-guilty-as/,personal_injury,"I have an appointment with an endocrinologist, but I am feeling like an idiot and guilty, as if I am betraying all the effort taken to get me here at this point — what should I know?",5,active,content/_live/pages.json
page,trt/community-questions/flawed-study-testosterone-treatment-and-coronary-artery-plaque-volume-in-older-men-with-lo/index.html,https://theindustryguides.com/trt/community-questions/flawed-study-testosterone-treatment-and-coronary-artery-plaque-volume-in-older-men-with-lo/,trt,"Flawed Study: ""Testosterone Treatment and Coronary Artery Plaque Volume in Older Men With Low Testosterone"" by Budoff For those still referring to this as a gold standard : The strongest criticism is that the trial’s pri — what should I know?",5,active,content/_live/pages.json
page,personal-injury/community-questions/constant-eating-out-eating-late-and-wearing-polyesters-to-the-gym-not-sure-how-much-of-it-/index.html,https://theindustryguides.com/personal-injury/community-questions/constant-eating-out-eating-late-and-wearing-polyesters-to-the-gym-not-sure-how-much-of-it-/,personal_injury,"Constant eating out, eating late and wearing polyesters to the gym, -> not sure how much of it was eating out but eating late and polyesters both contribute to lower T, I had no idea, how — what should I know?",5,active,content/_live/pages.json
page,personal-injury/community-questions/which-source-is-king-what-should-i-know/index.html,https://theindustryguides.com/personal-injury/community-questions/which-source-is-king-what-should-i-know/,personal_injury,Which source is king — what should I know?,5,active,content/_live/pages.json
page,dentistry/community-questions/my-dad-runs-a-dental-group-of-four-clinics-what-should-i-know/index.html,https://theindustryguides.com/dentistry/community-questions/my-dad-runs-a-dental-group-of-four-clinics-what-should-i-know/,dentistry,My dad runs a dental group of four clinics — what should I know?,5,active,content/_live/pages.json
page,personal-injury/community-questions/if-it-can-help-even-one-family-it-will-be-worth-it-what-should-i-know/index.html,https://theindustryguides.com/personal-injury/community-questions/if-it-can-help-even-one-family-it-will-be-worth-it-what-should-i-know/,personal_injury,If it can help even one family it will be worth it — what should I know?,5,active,content/_live/pages.json
page,personal-injury/community-questions/what-should-i-do-32-submitted-by-32-username-removed-link-32-comments/index.html,https://theindustryguides.com/personal-injury/community-questions/what-should-i-do-32-submitted-by-32-username-removed-link-32-comments/,personal_injury,What should i do &#32; submitted by &#32; /[username removed] [link] &#32; [comments]?,5,active,content/_live/pages.json
page,personal-injury/community-questions/i-am-an-owner-of-a-business-regarding-scheduled-appointments-for-animals-to-be-bathed-what/index.html,https://theindustryguides.com/personal-injury/community-questions/i-am-an-owner-of-a-business-regarding-scheduled-appointments-for-animals-to-be-bathed-what/,personal_injury,I am an owner of a business regarding scheduled appointments for animals to be bathed — what should I know?,5,active,content/_live/pages.json
page,personal-injury/community-questions/is-getting-a-lawyer-for-underage-drinking-in-az-actually-worth-it/index.html,https://theindustryguides.com/personal-injury/community-questions/is-getting-a-lawyer-for-underage-drinking-in-az-actually-worth-it/,personal_injury,Is getting a lawyer for underage drinking in AZ actually worth it?,5,active,content/_live/pages.json
page,personal-injury/community-questions/5000-or-best-offer-32-submitted-by-32-username-removed-link-32-comments-what-should-i-know/index.html,https://theindustryguides.com/personal-injury/community-questions/5000-or-best-offer-32-submitted-by-32-username-removed-link-32-comments-what-should-i-know/,personal_injury,$5000 or best offer &#32; submitted by &#32; /[username removed] [link] &#32; [comments] — what should I know?,5,active,content/_live/pages.json
page,personal-injury/community-questions/put-yourself-in-my-shoes-for-a-second-not-just-as-a-lawyer-what-should-i-know/index.html,https://theindustryguides.com/personal-injury/community-questions/put-yourself-in-my-shoes-for-a-second-not-just-as-a-lawyer-what-should-i-know/,personal_injury,"put yourself in my shoes for a second, not just as a lawyer — what should I know?",5,active,content/_live/pages.json
page,personal-injury/community-questions/how-much-are-the-ai-software-companies-charging-you/index.html,https://theindustryguides.com/personal-injury/community-questions/how-much-are-the-ai-software-companies-charging-you/,personal_injury,How much are the AI software companies charging you?,5,active,content/_live/pages.json
page,personal-injury/community-questions/online-clinic-recommendations-i-know-this-has-been-asked-before-in-the-past-but-want-to-as/index.html,https://theindustryguides.com/personal-injury/community-questions/online-clinic-recommendations-i-know-this-has-been-asked-before-in-the-past-but-want-to-as/,personal_injury,"Online Clinic Recommendations I know this has been asked before in the past, but want to ask again for recent experiences — what should I know?",5,active,content/_live/pages.json
page,personal-injury/community-questions/my-doctor-is-gonna-be-mad-just-got-my-labs-back-what-should-i-know/index.html,https://theindustryguides.com/personal-injury/community-questions/my-doctor-is-gonna-be-mad-just-got-my-labs-back-what-should-i-know/,personal_injury,My doctor is gonna be mad😬 Just got my labs back — what should I know?,5,active,content/_live/pages.json
page,personal-injury/community-questions/anyway-my-doctor-never-mentioned-anything-what-should-i-know/index.html,https://theindustryguides.com/personal-injury/community-questions/anyway-my-doctor-never-mentioned-anything-what-should-i-know/,personal_injury,"Anyway, my doctor never mentioned anything — what should I know?",5,active,content/_live/pages.json
page,personal-injury/community-questions/also-i-have-long-hair-that-i-ve-been-growing-out-for-years-and-worry-that-i-ll-lose-it-but/index.html,https://theindustryguides.com/personal-injury/community-questions/also-i-have-long-hair-that-i-ve-been-growing-out-for-years-and-worry-that-i-ll-lose-it-but/,personal_injury,Also I have long hair that I’ve been growing out for years and worry that I’ll lose it but if that’s the cost of feeling better than oh well — what should I know?,5,active,content/_live/pages.json
page,personal-injury/community-questions/during-that-time-i-ve-experimented-with-different-dosages-and-frequencies-to-see-what-work/index.html,https://theindustryguides.com/personal-injury/community-questions/during-that-time-i-ve-experimented-with-different-dosages-and-frequencies-to-see-what-work/,personal_injury,"During that time, I’ve experimented with different dosages and frequencies to see what works best with the fewest side effects, giving each adjustment about five weeks for hormones to stabilize before checking blood mark — what should I know?",5,active,content/_live/pages.json
page,personal-injury/community-questions/i-ve-got-my-urologist-appointment-in-a-couple-days-but-i-m-curious-about-incorporating-hcg/index.html,https://theindustryguides.com/personal-injury/community-questions/i-ve-got-my-urologist-appointment-in-a-couple-days-but-i-m-curious-about-incorporating-hcg/,personal_injury,I’ve got my urologist appointment in a couple days but I’m curious about incorporating hCG into my current protocol and had a few questions: 1 — what should I know?,5,active,content/_live/pages.json
page,trt/community-questions/trt-clinic-near-me-atlanta/index.html,https://theindustryguides.com/trt/community-questions/trt-clinic-near-me-atlanta/,trt,TRT clinic near me Atlanta,5,active,content/_live/pages.json
page,trt/community-questions/trt-clinic-near-me-dallas-tx/index.html,https://theindustryguides.com/trt/community-questions/trt-clinic-near-me-dallas-tx/,trt,TRT clinic near me Dallas TX,5,active,content/_live/pages.json
page,trt/community-questions/best-trt-clinic-in-atlanta-ga/index.html,https://theindustryguides.com/trt/community-questions/best-trt-clinic-in-atlanta-ga/,trt,best TRT clinic in Atlanta GA,5,active,content/_live/pages.json
page,trt/community-questions/best-testosterone-clinic-in-miami-fl/index.html,https://theindustryguides.com/trt/community-questions/best-testosterone-clinic-in-miami-fl/,trt,best testosterone clinic in Miami FL,5,active,content/_live/pages.json
page,trt/community-questions/prp-vs-microneedling-for-hair-loss-which-works-better/index.html,https://theindustryguides.com/trt/community-questions/prp-vs-microneedling-for-hair-loss-which-works-better/,trt,PRP vs microneedling for hair loss which works better,5,active,content/_live/pages.json
page,trt/community-questions/can-i-still-have-kids-if-i-start-trt/index.html,https://theindustryguides.com/trt/community-questions/can-i-still-have-kids-if-i-start-trt/,trt,can I still have kids if I start TRT,5,active,content/_live/pages.json
page,trt/community-questions/do-copper-peptides-actually-regrow-hair/index.html,https://theindustryguides.com/trt/community-questions/do-copper-peptides-actually-regrow-hair/,trt,do copper peptides actually regrow hair,5,active,content/_live/pages.json
page,trt/community-questions/does-hair-botox-treatment-actually-stop-hair-loss/index.html,https://theindustryguides.com/trt/community-questions/does-hair-botox-treatment-actually-stop-hair-loss/,trt,does hair botox treatment actually stop hair loss,5,active,content/_live/pages.json
page,trt/community-questions/does-testosterone-replacement-therapy-cause-hair-loss/index.html,https://theindustryguides.com/trt/community-questions/does-testosterone-replacement-therapy-cause-hair-loss/,trt,does testosterone replacement therapy cause hair loss,5,active,content/_live/pages.json
page,trt/community-questions/how-long-until-trt-works/index.html,https://theindustryguides.com/trt/community-questions/how-long-until-trt-works/,trt,how long until TRT works,5,active,content/_live/pages.json
page,trt/community-questions/how-much-does-trt-cost-per-month/index.html,https://theindustryguides.com/trt/community-questions/how-much-does-trt-cost-per-month/,trt,how much does TRT cost per month,5,active,content/_live/pages.json
page,trt/community-questions/how-to-choose-a-trt-clinic/index.html,https://theindustryguides.com/trt/community-questions/how-to-choose-a-trt-clinic/,trt,how to choose a TRT clinic,5,active,content/_live/pages.json
page,trt/community-questions/how-to-spot-a-bad-peptide-clinic/index.html,https://theindustryguides.com/trt/community-questions/how-to-spot-a-bad-peptide-clinic/,trt,how to spot a bad peptide clinic,5,active,content/_live/pages.json
page,trt/community-questions/is-my-hair-loss-hormonal-or-aesthetic-how-to-tell-the-difference/index.html,https://theindustryguides.com/trt/community-questions/is-my-hair-loss-hormonal-or-aesthetic-how-to-tell-the-difference/,trt,is my hair loss hormonal or aesthetic how to tell the difference,5,active,content/_live/pages.json
page,trt/community-questions/peptide-clinic-red-flags-to-avoid/index.html,https://theindustryguides.com/trt/community-questions/peptide-clinic-red-flags-to-avoid/,trt,peptide clinic red flags to avoid,5,active,content/_live/pages.json
page,trt/community-questions/peptides-vs-trt-for-anti-aging-which-is-better/index.html,https://theindustryguides.com/trt/community-questions/peptides-vs-trt-for-anti-aging-which-is-better/,trt,peptides vs TRT for anti-aging which is better,5,active,content/_live/pages.json
page,trt/community-questions/peptides-vs-trt-which-is-better-for-men/index.html,https://theindustryguides.com/trt/community-questions/peptides-vs-trt-which-is-better-for-men/,trt,peptides vs TRT which is better for men,5,active,content/_live/pages.json
page,trt/community-questions/red-flags-to-avoid-when-choosing-a-trt-clinic/index.html,https://theindustryguides.com/trt/community-questions/red-flags-to-avoid-when-choosing-a-trt-clinic/,trt,red flags to avoid when choosing a TRT clinic,5,active,content/_live/pages.json
page,trt/community-questions/what-to-expect-in-the-first-90-days-of-trt/index.html,https://theindustryguides.com/trt/community-questions/what-to-expect-in-the-first-90-days-of-trt/,trt,what to expect in the first 90 days of TRT,5,active,content/_live/pages.json
page,trt/community-questions/how-to-know-if-i-need-testosterone-therapy-or-if-i-m-just-burnt-out/index.html,https://theindustryguides.com/trt/community-questions/how-to-know-if-i-need-testosterone-therapy-or-if-i-m-just-burnt-out/,trt,how to know if i need testosterone therapy or if i'm just burnt out,5,active,content/_live/pages.json
page,trt/community-questions/symptoms-of-low-t-in-men-over-40-that-aren-t-just-low-libido/index.html,https://theindustryguides.com/trt/community-questions/symptoms-of-low-t-in-men-over-40-that-aren-t-just-low-libido/,trt,symptoms of low t in men over 40 that aren't just low libido,5,active,content/_live/pages.json
page,trt/community-questions/how-to-talk-to-my-doctor-about-starting-trt-if-my-levels-are-in-range-but-low/index.html,https://theindustryguides.com/trt/community-questions/how-to-talk-to-my-doctor-about-starting-trt-if-my-levels-are-in-range-but-low/,trt,how to talk to my doctor about starting trt if my levels are in range but low,5,active,content/_live/pages.json
page,trt/community-questions/why-is-my-hematocrit-high-on-trt-and-how-do-i-lower-it-without-donating-blood/index.html,https://theindustryguides.com/trt/community-questions/why-is-my-hematocrit-high-on-trt-and-how-do-i-lower-it-without-donating-blood/,trt,why is my hematocrit high on trt and how do i lower it without donating blood,5,active,content/_live/pages.json
page,trt/community-questions/what-markers-should-i-ask-for-in-a-full-hormone-panel-besides-just-testosterone/index.html,https://theindustryguides.com/trt/community-questions/what-markers-should-i-ask-for-in-a-full-hormone-panel-besides-just-testosterone/,trt,what markers should i ask for in a full hormone panel besides just testosterone,5,active,content/_live/pages.json
page,personal-injury/community-questions/i-ll-still-be-able-to-use-the-test-obviously-should-i-refill-any-syringes-of-hcg-or-does-i/index.html,https://theindustryguides.com/personal-injury/community-questions/i-ll-still-be-able-to-use-the-test-obviously-should-i-refill-any-syringes-of-hcg-or-does-i/,personal_injury,I’ll still be able to use the test obviously… Should I refill any syringes of HCG or does it lose all its potency when not cold — what should I know?,5,active,content/_live/pages.json
page,trt/community-questions/starting-trt-injections-i-ve-been-on-trt-gel-for-about-6-months-now-without-improvements-s/index.html,https://theindustryguides.com/trt/community-questions/starting-trt-injections-i-ve-been-on-trt-gel-for-about-6-months-now-without-improvements-s/,trt,"Starting trt injections I've been on trt gel for about 6 months now without improvements, so my doctor is switching me to injections — what should I know?",5,active,content/_live/pages.json
page,trt/community-questions/2ml-and-throw-away-the-rest-now-the-site-i-m-ordering-the-testosterone-at-will-only-send-m/index.html,https://theindustryguides.com/trt/community-questions/2ml-and-throw-away-the-rest-now-the-site-i-m-ordering-the-testosterone-at-will-only-send-m/,trt,"2ml and throw away the rest Now the site I'm ordering the testosterone at, will only send me half of my usual 6 month supply because my doctor didn't specify on the prescription the quantity of ampules/box — what should I know?",5,active,content/_live/pages.json
page,neuro/community-questions/neurological-evaluation-guide/index.html,https://theindustryguides.com/neuro/community-questions/neurological-evaluation-guide/,neuro,neurological evaluation guide,5,active,content/_live/pages.json
page,neuro/community-questions/neuro-evaluation-process/index.html,https://theindustryguides.com/neuro/community-questions/neuro-evaluation-process/,neuro,neuro evaluation process,5,active,content/_live/pages.json
page,neuro/community-questions/neurologist-evaluation-what-to-expect/index.html,https://theindustryguides.com/neuro/community-questions/neurologist-evaluation-what-to-expect/,neuro,neurologist evaluation what to expect,5,active,content/_live/pages.json
page,neuro/community-questions/components-of-a-neurological-exam/index.html,https://theindustryguides.com/neuro/community-questions/components-of-a-neurological-exam/,neuro,components of a neurological exam,5,active,content/_live/pages.json
page,neuro/community-questions/neurological-exam-what-does-it-include/index.html,https://theindustryguides.com/neuro/community-questions/neurological-exam-what-does-it-include/,neuro,neurological exam what does it include,5,active,content/_live/pages.json
page,neuro/community-questions/neuro-physical-exam-elements/index.html,https://theindustryguides.com/neuro/community-questions/neuro-physical-exam-elements/,neuro,neuro physical exam elements,5,active,content/_live/pages.json
page,neuro/community-questions/how-to-get-a-neurology-referral/index.html,https://theindustryguides.com/neuro/community-questions/how-to-get-a-neurology-referral/,neuro,how to get a neurology referral,5,active,content/_live/pages.json
page,neuro/community-questions/neurology-referral-process-explained/index.html,https://theindustryguides.com/neuro/community-questions/neurology-referral-process-explained/,neuro,neurology referral process explained,5,active,content/_live/pages.json
page,neuro/community-questions/neurological-diagnostic-tests-overview/index.html,https://theindustryguides.com/neuro/community-questions/neurological-diagnostic-tests-overview/,neuro,neurological diagnostic tests overview,5,active,content/_live/pages.json
page,neuro/community-questions/common-tests-ordered-by-neurologist/index.html,https://theindustryguides.com/neuro/community-questions/common-tests-ordered-by-neurologist/,neuro,common tests ordered by neurologist,5,active,content/_live/pages.json
page,neuro/community-questions/list-of-neurological-conditions/index.html,https://theindustryguides.com/neuro/community-questions/list-of-neurological-conditions/,neuro,list of neurological conditions,5,active,content/_live/pages.json
page,neuro/community-questions/common-neurological-disorders-explained/index.html,https://theindustryguides.com/neuro/community-questions/common-neurological-disorders-explained/,neuro,common neurological disorders explained,5,active,content/_live/pages.json
page,neuro/community-questions/should-i-get-a-second-opinion-from-a-neurologist/index.html,https://theindustryguides.com/neuro/community-questions/should-i-get-a-second-opinion-from-a-neurologist/,neuro,should I get a second opinion from a neurologist,5,active,content/_live/pages.json
page,neuro/community-questions/what-is-an-emg-test-neurology/index.html,https://theindustryguides.com/neuro/community-questions/what-is-an-emg-test-neurology/,neuro,what is an EMG test neurology,5,active,content/_live/pages.json
page,neuro/community-questions/cranial-nerve-exam-steps/index.html,https://theindustryguides.com/neuro/community-questions/cranial-nerve-exam-steps/,neuro,cranial nerve exam steps,5,active,content/_live/pages.json
page,neuro/community-questions/when-to-see-a-neurologist-symptoms/index.html,https://theindustryguides.com/neuro/community-questions/when-to-see-a-neurologist-symptoms/,neuro,when to see a neurologist symptoms,5,active,content/_live/pages.json
page,neuro/community-questions/types-of-headache-disorders-neurology/index.html,https://theindustryguides.com/neuro/community-questions/types-of-headache-disorders-neurology/,neuro,types of headache disorders neurology,5,active,content/_live/pages.json
page,neuro/community-questions/primary-care-referral-to-neurologist-steps/index.html,https://theindustryguides.com/neuro/community-questions/primary-care-referral-to-neurologist-steps/,neuro,primary care referral to neurologist steps,5,active,content/_live/pages.json
page,personal-injury/community-questions/we-re-based-in-sw-london-any-recommendations-what-should-i-know/index.html,https://theindustryguides.com/personal-injury/community-questions/we-re-based-in-sw-london-any-recommendations-what-should-i-know/,personal_injury,"We’re based in SW London, any recommendations — what should I know?",5,active,content/_live/pages.json
page,personal-injury/community-questions/screen-time-how-much-screen-time-does-your-child-have-what-should-i-know/index.html,https://theindustryguides.com/personal-injury/community-questions/screen-time-how-much-screen-time-does-your-child-have-what-should-i-know/,personal_injury,Screen time How much screen time does your child have — what should I know?,5,active,content/_live/pages.json
page,personal-injury/community-questions/i-recently-became-his-provider-through-ihss-and-i-did-ask-for-protective-supervision-becau/index.html,https://theindustryguides.com/personal-injury/community-questions/i-recently-became-his-provider-through-ihss-and-i-did-ask-for-protective-supervision-becau/,personal_injury,"I recently became his provider through IHSS and I did ask for protective supervision because his tantrums are violent and destructive and they happen all day long, but I'm still waiting to hear back on that — what should I know?",5,active,content/_live/pages.json
page,personal-injury/community-questions/she-is-hyperactive-and-hyperlexic-and-can-read-like-an-adult-but-i-am-not-sure-how-much-sh/index.html,https://theindustryguides.com/personal-injury/community-questions/she-is-hyperactive-and-hyperlexic-and-can-read-like-an-adult-but-i-am-not-sure-how-much-sh/,personal_injury,She is hyperactive and hyperlexic and can read like an adult but i am not sure how much she understands — what should I know?,5,active,content/_live/pages.json
page,personal-injury/community-questions/my-best-estimation-is-that-she-s-around-3-years-cognitively-behind-what-should-i-know/index.html,https://theindustryguides.com/personal-injury/community-questions/my-best-estimation-is-that-she-s-around-3-years-cognitively-behind-what-should-i-know/,personal_injury,My best estimation is that she's around 3 years cognitively behind — what should I know?,5,active,content/_live/pages.json
page,personal-injury/community-questions/he-s-super-curious-and-will-ask-a-lot-of-questions-sometimes-but-i-m-nervous-about-how-muc/index.html,https://theindustryguides.com/personal-injury/community-questions/he-s-super-curious-and-will-ask-a-lot-of-questions-sometimes-but-i-m-nervous-about-how-muc/,personal_injury,He’s super curious and will ask a lot of questions sometimes but I’m nervous about how much information to give him — what should I know?,5,active,content/_live/pages.json
page,uscis-medical/community-questions/what-is-the-uscis-medical-exam-and-who-performs-it/index.html,https://theindustryguides.com/uscis-medical/community-questions/what-is-the-uscis-medical-exam-and-who-performs-it/,uscis-medical,what is the USCIS medical exam and who performs it,5,active,content/_live/pages.json
page,uscis-medical/community-questions/what-are-the-requirements-for-the-i-693-medical-exam/index.html,https://theindustryguides.com/uscis-medical/community-questions/what-are-the-requirements-for-the-i-693-medical-exam/,uscis-medical,what are the requirements for the I-693 medical exam,5,active,content/_live/pages.json
page,uscis-medical/community-questions/how-long-is-the-i-693-medical-exam-valid-for-green-card-application/index.html,https://theindustryguides.com/uscis-medical/community-questions/how-long-is-the-i-693-medical-exam-valid-for-green-card-application/,uscis-medical,how long is the I-693 medical exam valid for green card application,5,active,content/_live/pages.json
page,uscis-medical/community-questions/does-the-i-693-medical-exam-still-expire-after-two-years/index.html,https://theindustryguides.com/uscis-medical/community-questions/does-the-i-693-medical-exam-still-expire-after-two-years/,uscis-medical,does the i-693 medical exam still expire after two years,5,active,content/_live/pages.json
page,uscis-medical/community-questions/how-much-does-the-i-693-medical-exam-cost-in-2026/index.html,https://theindustryguides.com/uscis-medical/community-questions/how-much-does-the-i-693-medical-exam-cost-in-2026/,uscis-medical,how much does the i-693 medical exam cost in 2026,5,active,content/_live/pages.json
page,uscis-medical/community-questions/red-flags-to-watch-out-for-when-filing-i-693-after-medical-exam/index.html,https://theindustryguides.com/uscis-medical/community-questions/red-flags-to-watch-out-for-when-filing-i-693-after-medical-exam/,uscis-medical,red flags to watch out for when filing I-693 after medical exam,5,active,content/_live/pages.json
page,uscis-medical/community-questions/what-vaccinations-are-required-for-uscis-immigration-medical-exam/index.html,https://theindustryguides.com/uscis-medical/community-questions/what-vaccinations-are-required-for-uscis-immigration-medical-exam/,uscis-medical,what vaccinations are required for USCIS immigration medical exam,5,active,content/_live/pages.json
page,uscis-medical/community-questions/what-happens-if-i-need-a-tb-test-for-my-uscis-medical-exam/index.html,https://theindustryguides.com/uscis-medical/community-questions/what-happens-if-i-need-a-tb-test-for-my-uscis-medical-exam/,uscis-medical,what happens if I need a TB test for my USCIS medical exam,5,active,content/_live/pages.json
page,uscis-medical/community-questions/how-to-get-the-sealed-i-693-medical-exam-envelope-safely/index.html,https://theindustryguides.com/uscis-medical/community-questions/how-to-get-the-sealed-i-693-medical-exam-envelope-safely/,uscis-medical,how to get the sealed I-693 medical exam envelope safely,5,active,content/_live/pages.json
page,uscis-medical/community-questions/what-happens-if-there-is-a-mistake-on-my-i-693-form/index.html,https://theindustryguides.com/uscis-medical/community-questions/what-happens-if-there-is-a-mistake-on-my-i-693-form/,uscis-medical,what happens if there is a mistake on my I-693 form,5,active,content/_live/pages.json
page,uscis-medical/community-questions/how-to-verify-a-civil-surgeon-is-authorized-by-uscis/index.html,https://theindustryguides.com/uscis-medical/community-questions/how-to-verify-a-civil-surgeon-is-authorized-by-uscis/,uscis-medical,how to verify a civil surgeon is authorized by USCIS,5,active,content/_live/pages.json
page,uscis-medical/community-questions/list-of-items-to-bring-to-uscis-medical-exam-appointment/index.html,https://theindustryguides.com/uscis-medical/community-questions/list-of-items-to-bring-to-uscis-medical-exam-appointment/,uscis-medical,list of items to bring to uscis medical exam appointment,5,active,content/_live/pages.json
page,uscis-medical/community-questions/what-specific-questions-does-the-civil-surgeon-ask-during-the-interview/index.html,https://theindustryguides.com/uscis-medical/community-questions/what-specific-questions-does-the-civil-surgeon-ask-during-the-interview/,uscis-medical,what specific questions does the civil surgeon ask during the interview,5,active,content/_live/pages.json
page,uscis-medical/community-questions/how-to-choose-a-civil-surgeon-for-uscis-medical-exam/index.html,https://theindustryguides.com/uscis-medical/community-questions/how-to-choose-a-civil-surgeon-for-uscis-medical-exam/,uscis-medical,how to choose a civil surgeon for USCIS medical exam,5,active,content/_live/pages.json
page,uscis-medical/community-questions/do-i-need-to-fast-before-the-immigration-blood-test/index.html,https://theindustryguides.com/uscis-medical/community-questions/do-i-need-to-fast-before-the-immigration-blood-test/,uscis-medical,do i need to fast before the immigration blood test,5,active,content/_live/pages.json
page,uscis-medical/community-questions/how-to-find-a-uscis-authorized-civil-surgeon-near-me/index.html,https://theindustryguides.com/uscis-medical/community-questions/how-to-find-a-uscis-authorized-civil-surgeon-near-me/,uscis-medical,how to find a USCIS authorized civil surgeon near me,5,active,content/_live/pages.json
page,uscis-medical/community-questions/how-to-avoid-rfe-delays-after-submitting-i-693-medical-exam/index.html,https://theindustryguides.com/uscis-medical/community-questions/how-to-avoid-rfe-delays-after-submitting-i-693-medical-exam/,uscis-medical,how to avoid RFE delays after submitting I-693 medical exam,5,active,content/_live/pages.json
page,uscis-medical/community-questions/does-health-insurance-cover-the-immigration-medical-exam/index.html,https://theindustryguides.com/uscis-medical/community-questions/does-health-insurance-cover-the-immigration-medical-exam/,uscis-medical,does health insurance cover the immigration medical exam,5,active,content/_live/pages.json
page,dentistry/community-questions/who-is-an-in-network-dentist-for-cigna-near-me/index.html,https://theindustryguides.com/dentistry/community-questions/who-is-an-in-network-dentist-for-cigna-near-me/,dentistry,who is an in-network dentist for cigna near me,5,active,content/_live/pages.json
page,dentistry/community-questions/how-to-check-if-a-dentist-accepts-my-insurance/index.html,https://theindustryguides.com/dentistry/community-questions/how-to-check-if-a-dentist-accepts-my-insurance/,dentistry,how to check if a dentist accepts my insurance,5,active,content/_live/pages.json
page,dentistry/community-questions/does-medicare-cover-dental-implants/index.html,https://theindustryguides.com/dentistry/community-questions/does-medicare-cover-dental-implants/,dentistry,does medicare cover dental implants,5,active,content/_live/pages.json
page,dentistry/community-questions/what-is-the-average-cost-of-veneers/index.html,https://theindustryguides.com/dentistry/community-questions/what-is-the-average-cost-of-veneers/,dentistry,what is the average cost of veneers,5,active,content/_live/pages.json
page,dentistry/community-questions/how-much-does-professional-teeth-whitening-cost/index.html,https://theindustryguides.com/dentistry/community-questions/how-much-does-professional-teeth-whitening-cost/,dentistry,how much does professional teeth whitening cost,5,active,content/_live/pages.json
page,dentistry/community-questions/cost-of-composite-bonding-vs-veneers/index.html,https://theindustryguides.com/dentistry/community-questions/cost-of-composite-bonding-vs-veneers/,dentistry,cost of composite bonding vs veneers,5,active,content/_live/pages.json
page,dentistry/community-questions/financing-options-for-cosmetic-dentistry/index.html,https://theindustryguides.com/dentistry/community-questions/financing-options-for-cosmetic-dentistry/,dentistry,financing options for cosmetic dentistry,5,active,content/_live/pages.json
page,dentistry/community-questions/how-to-stop-a-toothache-fast-at-home/index.html,https://theindustryguides.com/dentistry/community-questions/how-to-stop-a-toothache-fast-at-home/,dentistry,how to stop a toothache fast at home,5,active,content/_live/pages.json
page,dentistry/community-questions/emergency-dentist-near-me-open-now/index.html,https://theindustryguides.com/dentistry/community-questions/emergency-dentist-near-me-open-now/,dentistry,emergency dentist near me open now,5,active,content/_live/pages.json
page,dentistry/community-questions/is-severe-toothache-a-dental-emergency/index.html,https://theindustryguides.com/dentistry/community-questions/is-severe-toothache-a-dental-emergency/,dentistry,is severe toothache a dental emergency,5,active,content/_live/pages.json
page,dentistry/community-questions/what-to-do-if-my-tooth-fell-out/index.html,https://theindustryguides.com/dentistry/community-questions/what-to-do-if-my-tooth-fell-out/,dentistry,what to do if my tooth fell out,5,active,content/_live/pages.json
page,dentistry/community-questions/over-the-counter-medicine-for-dental-pain/index.html,https://theindustryguides.com/dentistry/community-questions/over-the-counter-medicine-for-dental-pain/,dentistry,over the counter medicine for dental pain,5,active,content/_live/pages.json
page,trt/community-questions/can-low-testosterone-cause-sudden-anxiety-and-panic-attacks/index.html,https://theindustryguides.com/trt/community-questions/can-low-testosterone-cause-sudden-anxiety-and-panic-attacks/,trt,can low testosterone cause sudden anxiety and panic attacks,5,active,content/_live/pages.json
page,trt/community-questions/checklist-of-symptoms-for-hypogonadism-vs-chronic-fatigue-syndrome/index.html,https://theindustryguides.com/trt/community-questions/checklist-of-symptoms-for-hypogonadism-vs-chronic-fatigue-syndrome/,trt,checklist of symptoms for hypogonadism vs chronic fatigue syndrome,5,active,content/_live/pages.json
page,trt/community-questions/why-is-my-free-testosterone-low-but-my-total-testosterone-is-normal/index.html,https://theindustryguides.com/trt/community-questions/why-is-my-free-testosterone-low-but-my-total-testosterone-is-normal/,trt,why is my free testosterone low but my total testosterone is normal,5,active,content/_live/pages.json
page,trt/community-questions/explain-the-relationship-between-shbg-and-free-testosterone/index.html,https://theindustryguides.com/trt/community-questions/explain-the-relationship-between-shbg-and-free-testosterone/,trt,explain the relationship between shbg and free testosterone,5,active,content/_live/pages.json
page,trt/community-questions/what-is-the-sweet-spot-for-free-t-levels-for-building-muscle-and-mood/index.html,https://theindustryguides.com/trt/community-questions/what-is-the-sweet-spot-for-free-t-levels-for-building-muscle-and-mood/,trt,what is the sweet spot for free t levels for building muscle and mood,5,active,content/_live/pages.json
page,trt/community-questions/testosterone-and-anxiety-in-men-over-40-what-the-research-actually-says/index.html,https://theindustryguides.com/trt/community-questions/testosterone-and-anxiety-in-men-over-40-what-the-research-actually-says/,trt,testosterone and anxiety in men over 40 what the research actually says,5,active,content/_live/pages.json
page,trt/community-questions/hcg-protocol-on-trt-to-preserve-fertility-complete-guide/index.html,https://theindustryguides.com/trt/community-questions/hcg-protocol-on-trt-to-preserve-fertility-complete-guide/,trt,hCG protocol on TRT to preserve fertility complete guide,5,active,content/_live/pages.json
page,trt/community-questions/sperm-banking-before-starting-trt-what-you-need-to-know/index.html,https://theindustryguides.com/trt/community-questions/sperm-banking-before-starting-trt-what-you-need-to-know/,trt,sperm banking before starting TRT what you need to know,5,active,content/_live/pages.json
page,trt/community-questions/trt-injections-vs-pellets-vs-cream-which-delivery-method-is-right-for-you/index.html,https://theindustryguides.com/trt/community-questions/trt-injections-vs-pellets-vs-cream-which-delivery-method-is-right-for-you/,trt,TRT injections vs pellets vs cream which delivery method is right for you,5,active,content/_live/pages.json
page,trt/community-questions/estradiol-on-trt-why-it-matters-and-when-to-treat-high-estrogen/index.html,https://theindustryguides.com/trt/community-questions/estradiol-on-trt-why-it-matters-and-when-to-treat-high-estrogen/,trt,estradiol on TRT why it matters and when to treat high estrogen,5,active,content/_live/pages.json
page,trt/community-questions/trt-and-sleep-quality-does-testosterone-therapy-improve-sleep-apnea-or-make-it-worse/index.html,https://theindustryguides.com/trt/community-questions/trt-and-sleep-quality-does-testosterone-therapy-improve-sleep-apnea-or-make-it-worse/,trt,TRT and sleep quality does testosterone therapy improve sleep apnea or make it worse,5,active,content/_live/pages.json
page,trt/community-questions/how-to-read-your-testosterone-lab-results-free-total-shbg-estradiol-explained/index.html,https://theindustryguides.com/trt/community-questions/how-to-read-your-testosterone-lab-results-free-total-shbg-estradiol-explained/,trt,how to read your testosterone lab results free total SHBG estradiol explained,5,active,content/_live/pages.json
page,trt/community-questions/peptide-therapy-for-hair-loss-bpc-157-and-ghk-cu-what-the-evidence-shows/index.html,https://theindustryguides.com/trt/community-questions/peptide-therapy-for-hair-loss-bpc-157-and-ghk-cu-what-the-evidence-shows/,trt,peptide therapy for hair loss BPC-157 and GHK-Cu what the evidence shows,5,active,content/_live/pages.json
page,trt/community-questions/microneedling-frequency-and-depth-guide-for-hair-regrowth-at-home-vs-clinic/index.html,https://theindustryguides.com/trt/community-questions/microneedling-frequency-and-depth-guide-for-hair-regrowth-at-home-vs-clinic/,trt,microneedling frequency and depth guide for hair regrowth at home vs clinic,5,active,content/_live/pages.json
page,trt/community-questions/trt-clinic-vs-online-testosterone-therapy-telehealth-pros-and-cons/index.html,https://theindustryguides.com/trt/community-questions/trt-clinic-vs-online-testosterone-therapy-telehealth-pros-and-cons/,trt,TRT clinic vs online testosterone therapy telehealth pros and cons,5,active,content/_live/pages.json
page,trt/community-questions/what-happens-when-you-stop-trt-timeline-and-recovery-what-to-expect/index.html,https://theindustryguides.com/trt/community-questions/what-happens-when-you-stop-trt-timeline-and-recovery-what-to-expect/,trt,what happens when you stop TRT timeline and recovery what to expect,5,active,content/_live/pages.json
page,trt/community-questions/trt-clinic-near-me-houston-tx/index.html,https://theindustryguides.com/trt/community-questions/trt-clinic-near-me-houston-tx/,trt,TRT clinic near me Houston TX,5,active,content/_live/pages.json
page,trt/community-questions/best-testosterone-clinic-in-los-angeles-ca/index.html,https://theindustryguides.com/trt/community-questions/best-testosterone-clinic-in-los-angeles-ca/,trt,best testosterone clinic in Los Angeles CA,5,active,content/_live/pages.json
page,trt/community-questions/trt-clinic-near-me-chicago-il/index.html,https://theindustryguides.com/trt/community-questions/trt-clinic-near-me-chicago-il/,trt,TRT clinic near me Chicago IL,5,active,content/_live/pages.json
page,trt/community-questions/how-to-naturally-raise-testosterone-before-considering-trt/index.html,https://theindustryguides.com/trt/community-questions/how-to-naturally-raise-testosterone-before-considering-trt/,trt,how to naturally raise testosterone before considering TRT,5,active,content/_live/pages.json
page,neuro/community-questions/what-is-neurofeedback/index.html,https://theindustryguides.com/neuro/community-questions/what-is-neurofeedback/,neuro,what is neurofeedback,5,active,content/_live/pages.json
page,neuro/community-questions/how-does-neurofeedback-work/index.html,https://theindustryguides.com/neuro/community-questions/how-does-neurofeedback-work/,neuro,how does neurofeedback work,5,active,content/_live/pages.json
page,neuro/community-questions/neurofeedback-for-anxiety/index.html,https://theindustryguides.com/neuro/community-questions/neurofeedback-for-anxiety/,neuro,neurofeedback for anxiety,5,active,content/_live/pages.json
page,neuro/community-questions/neurofeedback-for-adhd/index.html,https://theindustryguides.com/neuro/community-questions/neurofeedback-for-adhd/,neuro,neurofeedback for ADHD,5,active,content/_live/pages.json
page,neuro/community-questions/neurofeedback-for-depression/index.html,https://theindustryguides.com/neuro/community-questions/neurofeedback-for-depression/,neuro,neurofeedback for depression,5,active,content/_live/pages.json
page,uscis-medical/community-questions/is-the-covid-19-vaccine-still-required-for-uscis-medical-exam-in-2026/index.html,https://theindustryguides.com/uscis-medical/community-questions/is-the-covid-19-vaccine-still-required-for-uscis-medical-exam-in-2026/,uscis-medical,is the covid-19 vaccine still required for uscis medical exam in 2026,5,active,content/_live/pages.json
page,uscis-medical/community-questions/when-was-the-covid-vaccine-requirement-removed-for-i-693/index.html,https://theindustryguides.com/uscis-medical/community-questions/when-was-the-covid-vaccine-requirement-removed-for-i-693/,uscis-medical,when was the covid vaccine requirement removed for i-693,5,active,content/_live/pages.json
page,uscis-medical/community-questions/what-is-the-new-i-693-validity-rule-from-june-2025/index.html,https://theindustryguides.com/uscis-medical/community-questions/what-is-the-new-i-693-validity-rule-from-june-2025/,uscis-medical,what is the new i-693 validity rule from june 2025,5,active,content/_live/pages.json
page,uscis-medical/community-questions/what-does-the-mental-health-evaluation-for-immigration-involve/index.html,https://theindustryguides.com/uscis-medical/community-questions/what-does-the-mental-health-evaluation-for-immigration-involve/,uscis-medical,what does the mental health evaluation for immigration involve,5,active,content/_live/pages.json
page,uscis-medical/community-questions/can-i-bring-an-interpreter-to-my-i-693-appointment/index.html,https://theindustryguides.com/uscis-medical/community-questions/can-i-bring-an-interpreter-to-my-i-693-appointment/,uscis-medical,can i bring an interpreter to my i-693 appointment,5,active,content/_live/pages.json
insight,insights/dentistry-001-how-to-find-the-best-dentist-near-me-using-a-real-5-factor-checklist.html,https://dentistryguides.com/dentistry/,dentistry,How to find the best dentist near me using a real 5-factor checklist,1,active,content/_live/insights.json
insight,insights/dentistry-002-emergency-dentist-open-now-what-to-do-first.html,https://dentistryguides.com/dentistry/,dentistry,Emergency dentist open now — what to do first?,1,active,content/_live/insights.json
insight,insights/dentistry-003-how-to-compare-pricing-without-walking-into-the-wrong-fit.html,https://dentistryguides.com/dentistry/,dentistry,How to compare pricing without walking into the wrong fit — Dentistry Atlas (Quick Answers),1,active,content/_live/insights.json
insight,insights/dentistry-004-dentist-that-takes-my-insurance-how-to-confirm.html,https://dentistryguides.com/dentistry/,dentistry,Dentist that takes my insurance — how to confirm?,1,active,content/_live/insights.json
insight,insights/dentistry-005-how-to-evaluate-sedation-dentistry-safety-and-fit.html,https://dentistryguides.com/dentistry/,dentistry,How to evaluate sedation dentistry safety and fit — Dentistry Atlas (Quick Answers),1,active,content/_live/insights.json
insight,insights/dentistry-006-what-to-verify-when-comparing-pediatric-dental-offices.html,https://dentistryguides.com/dentistry/,dentistry,What to verify when comparing pediatric dental offices,1,active,content/_live/insights.json
insight,insights/dentistry-007-how-to-compare-local-implant-teams-before-booking.html,https://dentistryguides.com/dentistry/,dentistry,How to compare local implant teams before booking,1,active,content/_live/insights.json
insight,insights/dentistry-008-what-to-ask-before-booking-root-canal-care.html,https://dentistryguides.com/dentistry/,dentistry,What to ask before booking root-canal care,1,active,content/_live/insights.json
insight,insights/dentistry-009-what-to-verify-before-booking-a-tooth-extraction.html,https://dentistryguides.com/dentistry/,dentistry,What to verify before booking a tooth extraction,1,active,content/_live/insights.json
insight,insights/dentistry-010-dentist-reviews-what-actually-matters.html,https://dentistryguides.com/dentistry/,dentistry,Dentist reviews — what actually matters?,1,active,content/_live/insights.json
insight,insights/dentistry-011-dental-scam-red-flags.html,https://dentistryguides.com/dentistry/,dentistry,Dental scam red flags — Dentistry Atlas (Quick Answers),1,active,content/_live/insights.json
insight,insights/dentistry-012-how-to-compare-2-3-dentists-fast.html,https://dentistryguides.com/dentistry/,dentistry,How to compare 2–3 dentists fast,1,active,content/_live/insights.json
insight,insights/dentistry-013-how-to-compare-2-3-local-dental-offices-quickly.html,https://dentistryguides.com/dentistry/,dentistry,How to compare 2–3 local dental offices quickly,1,active,content/_live/insights.json
insight,insights/dentistry-014-dentist-open-saturday-how-to-find.html,https://dentistryguides.com/dentistry/,dentistry,Dentist open Saturday — how to find,1,active,content/_live/insights.json
insight,insights/dentistry-015-dentist-appointment-today-what-to-do.html,https://dentistryguides.com/dentistry/,dentistry,Dentist appointment today — what to do,1,active,content/_live/insights.json
insight,insights/dentistry-016-dentist-for-tooth-infection-what-to-ask.html,https://dentistryguides.com/dentistry/,dentistry,Dentist for tooth infection — what to ask,1,active,content/_live/insights.json
insight,insights/dentistry-017-how-to-know-if-you-need-urgent-care.html,https://dentistryguides.com/dentistry/,dentistry,How to know if you need urgent care,1,active,content/_live/insights.json
insight,insights/dentistry-018-how-to-get-a-second-opinion-on-dental-work.html,https://dentistryguides.com/dentistry/,dentistry,How to get a second opinion on dental work,1,active,content/_live/insights.json
insight,insights/dentistry-019-how-to-avoid-unnecessary-treatment.html,https://dentistryguides.com/dentistry/,dentistry,How to avoid unnecessary treatment,1,active,content/_live/insights.json
insight,insights/dentistry-020-how-to-ask-for-itemized-pricing.html,https://dentistryguides.com/dentistry/,dentistry,How to ask for itemized pricing,1,active,content/_live/insights.json
insight,insights/dentistry-021-how-to-confirm-insurance-coverage.html,https://dentistryguides.com/dentistry/,dentistry,How to confirm insurance coverage,1,active,content/_live/insights.json
insight,insights/dentistry-022-in-network-vs-out-of-network-what-to-ask.html,https://dentistryguides.com/dentistry/,dentistry,In‑network vs out-of-network — what to ask,1,active,content/_live/insights.json
insight,insights/dentistry-023-how-to-choose-a-dentist-for-implants.html,https://dentistryguides.com/dentistry/,dentistry,How to choose a dentist for implants,1,active,content/_live/insights.json
insight,insights/dentistry-024-how-to-choose-a-dentist-for-kids.html,https://dentistryguides.com/dentistry/,dentistry,How to choose a dentist for kids,1,active,content/_live/insights.json
insight,insights/dentistry-025-how-to-choose-a-dentist-for-braces-invisalign.html,https://dentistryguides.com/dentistry/,dentistry,How to choose a dentist for braces/Invisalign,1,active,content/_live/insights.json
insight,insights/dentistry-026-open-now-dentist-for-wisdom-teeth.html,https://dentistryguides.com/dentistry/,dentistry,Open Now Dentist for Wisdom Teeth,1,active,content/_live/insights.json
insight,insights/dentistry-027-same-day-dentist-for-wisdom-teeth.html,https://dentistryguides.com/dentistry/,dentistry,Same Day Dentist for Wisdom Teeth,1,active,content/_live/insights.json
insight,insights/dentistry-028-trusted-dentist-for-wisdom-teeth.html,https://dentistryguides.com/dentistry/,dentistry,Trusted Dentist for Wisdom Teeth,1,active,content/_live/insights.json
insight,insights/dentistry-029-gentle-dentist-for-wisdom-teeth.html,https://dentistryguides.com/dentistry/,dentistry,Gentle Dentist for Wisdom Teeth,1,active,content/_live/insights.json
insight,insights/dentistry-030-highly-reviewed-dentist-for-wisdom-teeth.html,https://dentistryguides.com/dentistry/,dentistry,Highly Reviewed Dentist for Wisdom Teeth,1,active,content/_live/insights.json
insight,insights/dentistry-031-best-dentist-for-tooth-pain.html,https://dentistryguides.com/dentistry/,dentistry,Best Dentist for Tooth Pain,1,active,content/_live/insights.json
insight,insights/dentistry-032-top-rated-dentist-for-tooth-pain.html,https://dentistryguides.com/dentistry/,dentistry,Top Rated Dentist for Tooth Pain,1,active,content/_live/insights.json
insight,insights/dentistry-033-affordable-dentist-for-tooth-pain.html,https://dentistryguides.com/dentistry/,dentistry,Affordable Dentist for Tooth Pain,1,active,content/_live/insights.json
insight,insights/dentistry-034-near-me-dentist-for-tooth-pain.html,https://dentistryguides.com/dentistry/,dentistry,Near Me Dentist for Tooth Pain,1,active,content/_live/insights.json
insight,insights/dentistry-035-emergency-dentist-for-tooth-pain.html,https://dentistryguides.com/dentistry/,dentistry,Emergency Dentist for Tooth Pain,1,active,content/_live/insights.json
insight,insights/dentistry-036-open-now-dentist-for-tooth-pain.html,https://dentistryguides.com/dentistry/,dentistry,Open Now Dentist for Tooth Pain,1,active,content/_live/insights.json
insight,insights/dentistry-037-near-me-dentist-for-sedation-dentist.html,https://dentistryguides.com/dentistry/,dentistry,Near Me Dentist for Sedation Dentist,1,active,content/_live/insights.json
insight,insights/dentistry-038-emergency-dentist-for-sedation-dentist.html,https://dentistryguides.com/dentistry/,dentistry,Emergency Dentist for Sedation Dentist,1,active,content/_live/insights.json
insight,insights/dentistry-039-open-now-dentist-for-sedation-dentist.html,https://dentistryguides.com/dentistry/,dentistry,Open Now Dentist for Sedation Dentist,1,active,content/_live/insights.json
insight,insights/dentistry-040-same-day-dentist-for-sedation-dentist.html,https://dentistryguides.com/dentistry/,dentistry,Same Day Dentist for Sedation Dentist,1,active,content/_live/insights.json
insight,insights/dentistry-041-trusted-dentist-for-sedation-dentist.html,https://dentistryguides.com/dentistry/,dentistry,Trusted Dentist for Sedation Dentist,1,active,content/_live/insights.json
insight,insights/dentistry-042-gentle-dentist-for-sedation-dentist.html,https://dentistryguides.com/dentistry/,dentistry,Gentle Dentist for Sedation Dentist,1,active,content/_live/insights.json
insight,insights/dentistry-043-highly-reviewed-dentist-for-sedation-dentist.html,https://dentistryguides.com/dentistry/,dentistry,Highly Reviewed Dentist for Sedation Dentist,1,active,content/_live/insights.json
insight,insights/dentistry-044-best-dentist-for-teeth-cleaning.html,https://dentistryguides.com/dentistry/,dentistry,Best Dentist for Teeth Cleaning,1,active,content/_live/insights.json
insight,insights/dentistry-045-top-rated-dentist-for-teeth-cleaning.html,https://dentistryguides.com/dentistry/,dentistry,Top Rated Dentist for Teeth Cleaning,1,active,content/_live/insights.json
insight,insights/dentistry-046-affordable-dentist-for-teeth-cleaning.html,https://dentistryguides.com/dentistry/,dentistry,Affordable Dentist for Teeth Cleaning,1,active,content/_live/insights.json
insight,insights/dentistry-047-near-me-dentist-for-teeth-cleaning.html,https://dentistryguides.com/dentistry/,dentistry,Near Me Dentist for Teeth Cleaning,1,active,content/_live/insights.json
insight,insights/dentistry-048-emergency-dentist-for-teeth-cleaning.html,https://dentistryguides.com/dentistry/,dentistry,Emergency Dentist for Teeth Cleaning,1,active,content/_live/insights.json
insight,insights/dentistry-049-open-now-dentist-for-teeth-cleaning.html,https://dentistryguides.com/dentistry/,dentistry,Open Now Dentist for Teeth Cleaning,1,active,content/_live/insights.json
insight,insights/dentistry-050-same-day-dentist-for-teeth-cleaning.html,https://dentistryguides.com/dentistry/,dentistry,Same Day Dentist for Teeth Cleaning,1,active,content/_live/insights.json
insight,insights/dentistry-051-trusted-dentist-for-teeth-cleaning.html,https://dentistryguides.com/dentistry/,dentistry,Trusted Dentist for Teeth Cleaning,1,active,content/_live/insights.json
insight,insights/dentistry-052-gentle-dentist-for-teeth-cleaning.html,https://dentistryguides.com/dentistry/,dentistry,Gentle Dentist for Teeth Cleaning,1,active,content/_live/insights.json
insight,insights/dentistry-053-highly-reviewed-dentist-for-teeth-cleaning.html,https://dentistryguides.com/dentistry/,dentistry,Highly Reviewed Dentist for Teeth Cleaning,1,active,content/_live/insights.json
insight,insights/dentistry-054-best-dentist-for-wisdom-teeth.html,https://dentistryguides.com/dentistry/,dentistry,Best Dentist for Wisdom Teeth,1,active,content/_live/insights.json
insight,insights/dentistry-055-top-rated-dentist-for-wisdom-teeth.html,https://dentistryguides.com/dentistry/,dentistry,Top Rated Dentist for Wisdom Teeth,1,active,content/_live/insights.json
insight,insights/dentistry-056-affordable-dentist-for-wisdom-teeth.html,https://dentistryguides.com/dentistry/,dentistry,Affordable Dentist for Wisdom Teeth,1,active,content/_live/insights.json
insight,insights/dentistry-057-near-me-dentist-for-wisdom-teeth.html,https://dentistryguides.com/dentistry/,dentistry,Near Me Dentist for Wisdom Teeth,1,active,content/_live/insights.json
insight,insights/dentistry-058-emergency-dentist-for-wisdom-teeth.html,https://dentistryguides.com/dentistry/,dentistry,Emergency Dentist for Wisdom Teeth,1,active,content/_live/insights.json
insight,insights/dentistry-061-how-much-is-a-single-tooth-implant.html,https://dentistryguides.com/dentistry/,dentistry,How much is a single tooth implant?,1,active,content/_live/insights.json
insight,insights/dentistry-062-are-dental-implants-worth-it-after-60.html,https://dentistryguides.com/dentistry/,dentistry,Are dental implants worth it after 60?,1,active,content/_live/insights.json
insight,insights/dentistry-063-is-invisalign-cheaper-than-braces.html,https://dentistryguides.com/dentistry/,dentistry,Is Invisalign cheaper than braces?,1,active,content/_live/insights.json
insight,insights/dentistry-064-does-insurance-cover-braces-for-adults.html,https://dentistryguides.com/dentistry/,dentistry,Does insurance cover braces for adults?,1,active,content/_live/insights.json
insight,insights/dentistry-065-average-cost-of-clear-aligners-2026.html,https://dentistryguides.com/dentistry/,dentistry,Average cost of clear aligners 2026,1,active,content/_live/insights.json
insight,insights/dentistry-anxiety-trust-001-5-ways-to-find-a-dentist-good-with-anxious-patients.html,https://dentistryguides.com/dentistry/anxiety-trust/,dentistry,5 Ways to Find a Dentist Good With Anxious Patients,1,active,content/_live/insights.json
insight,insights/dentistry-anxiety-trust-002-dentist-for-nervous-patients-what-helps.html,https://dentistryguides.com/dentistry/anxiety-trust/,dentistry,Dentist for nervous patients — what helps?,1,active,content/_live/insights.json
insight,insights/dentistry-anxiety-trust-003-how-to-evaluate-sedation-dentistry-safety-and-fit.html,https://dentistryguides.com/dentistry/anxiety-trust/,dentistry,How to evaluate sedation dentistry safety and fit — Dentistry: Anxiety & Trust,1,active,content/_live/insights.json
insight,insights/dentistry-anxiety-trust-004-how-to-tell-if-a-dentist-is-trustworthy.html,https://dentistryguides.com/dentistry/anxiety-trust/,dentistry,How to tell if a dentist is trustworthy,1,active,content/_live/insights.json
insight,insights/dentistry-anxiety-trust-005-dental-scam-red-flags.html,https://dentistryguides.com/dentistry/anxiety-trust/,dentistry,Dental scam red flags — Dentistry: Anxiety & Trust,1,active,content/_live/insights.json
insight,insights/dentistry-anxiety-trust-006-do-i-need-a-second-opinion.html,https://dentistryguides.com/dentistry/anxiety-trust/,dentistry,Do I need a second opinion?,1,active,content/_live/insights.json
insight,insights/dentistry-anxiety-trust-007-how-to-avoid-unnecessary-work.html,https://dentistryguides.com/dentistry/anxiety-trust/,dentistry,How to avoid unnecessary work,1,active,content/_live/insights.json
insight,insights/dentistry-anxiety-trust-008-pressure-sales-tactics-what-to-do.html,https://dentistryguides.com/dentistry/anxiety-trust/,dentistry,Pressure sales tactics — what to do,1,active,content/_live/insights.json
insight,insights/dentistry-anxiety-trust-009-bad-dentist-work-what-now.html,https://dentistryguides.com/dentistry/anxiety-trust/,dentistry,Bad dentist work — what now?,1,active,content/_live/insights.json
insight,insights/dentistry-anxiety-trust-010-how-to-switch-dentists.html,https://dentistryguides.com/dentistry/anxiety-trust/,dentistry,How to switch dentists,1,active,content/_live/insights.json
insight,insights/dentistry-anxiety-trust-011-how-to-read-treatment-plans.html,https://dentistryguides.com/dentistry/anxiety-trust/,dentistry,How to read treatment plans,1,active,content/_live/insights.json
insight,insights/dentistry-anxiety-trust-012-how-to-ask-questions-without-feeling-awkward.html,https://dentistryguides.com/dentistry/anxiety-trust/,dentistry,How to ask questions without feeling awkward,1,active,content/_live/insights.json
insight,insights/dentistry-anxiety-trust-013-how-to-know-if-you-need-a-root-canal.html,https://dentistryguides.com/dentistry/anxiety-trust/,dentistry,How to know if you need a root canal,1,active,content/_live/insights.json
insight,insights/dentistry-anxiety-trust-014-how-to-know-if-you-need-a-crown.html,https://dentistryguides.com/dentistry/anxiety-trust/,dentistry,How to know if you need a crown,1,active,content/_live/insights.json
insight,insights/dentistry-anxiety-trust-015-how-to-know-if-you-need-an-implant.html,https://dentistryguides.com/dentistry/anxiety-trust/,dentistry,How to know if you need an implant,1,active,content/_live/insights.json
insight,insights/dentistry-anxiety-trust-016-how-to-handle-dental-fear-as-an-adult.html,https://dentistryguides.com/dentistry/anxiety-trust/,dentistry,How to handle dental fear as an adult,1,active,content/_live/insights.json
insight,insights/dentistry-anxiety-trust-017-kids-dental-anxiety-what-to-do.html,https://dentistryguides.com/dentistry/anxiety-trust/,dentistry,Kids dental anxiety — what to do,1,active,content/_live/insights.json
insight,insights/dentistry-anxiety-trust-018-needle-fear-what-to-do.html,https://dentistryguides.com/dentistry/anxiety-trust/,dentistry,Needle fear — what to do,1,active,content/_live/insights.json
insight,insights/dentistry-anxiety-trust-019-gag-reflex-what-to-do.html,https://dentistryguides.com/dentistry/anxiety-trust/,dentistry,Gag reflex — what to do,1,active,content/_live/insights.json
insight,insights/dentistry-anxiety-trust-020-how-to-prepare-for-first-visit.html,https://dentistryguides.com/dentistry/anxiety-trust/,dentistry,How to prepare for first visit,1,active,content/_live/insights.json
insight,insights/dentistry-anxiety-trust-021-what-to-bring-to-your-appointment.html,https://dentistryguides.com/dentistry/anxiety-trust/,dentistry,What to bring to your appointment,1,active,content/_live/insights.json
insight,insights/dentistry-anxiety-trust-022-dentist-reviews-what-to-ignore.html,https://dentistryguides.com/dentistry/anxiety-trust/,dentistry,Dentist reviews — what to ignore,1,active,content/_live/insights.json
insight,insights/dentistry-anxiety-trust-023-how-to-check-dentist-licensing.html,https://dentistryguides.com/dentistry/anxiety-trust/,dentistry,How to check dentist licensing,1,active,content/_live/insights.json
insight,insights/dentistry-anxiety-trust-024-how-to-verify-a-specialist-is-legit.html,https://dentistryguides.com/dentistry/anxiety-trust/,dentistry,How to verify a specialist is legit,1,active,content/_live/insights.json
insight,insights/dentistry-anxiety-trust-025-how-to-spot-a-bait-and-switch-price.html,https://dentistryguides.com/dentistry/anxiety-trust/,dentistry,How to spot a bait-and-switch price,1,active,content/_live/insights.json
insight,insights/dentistry-anxiety-trust-026-how-to-handle-financing-pressure.html,https://dentistryguides.com/dentistry/anxiety-trust/,dentistry,How to handle financing pressure,1,active,content/_live/insights.json
insight,insights/dentistry-anxiety-trust-027-anxiety-sedation-and-trust-signal-checklist.html,https://dentistryguides.com/dentistry/anxiety-trust/,dentistry,"Anxiety, sedation, and trust signal checklist",1,active,content/_live/insights.json
insight,insights/dentistry-best-top-near-me-001-dentist-comparison-checklist-how-to-interpret-top-rated-claims.html,https://dentistryguides.com/dentistry/best-top-near-me/,dentistry,Dentist comparison checklist: how to interpret “top-rated” claims,1,active,content/_live/insights.json
insight,insights/dentistry-best-top-near-me-002-how-to-evaluate-a-local-dental-provider-s-credentials.html,https://dentistryguides.com/dentistry/best-top-near-me/,dentistry,How to evaluate a local dental provider's credentials,1,active,content/_live/insights.json
insight,insights/dentistry-best-top-near-me-003-how-to-compare-local-dental-offices-without-guessing.html,https://dentistryguides.com/dentistry/best-top-near-me/,dentistry,How to compare local dental offices without guessing,1,active,content/_live/insights.json
insight,insights/dentistry-best-top-near-me-004-what-top-rated-actually-means-in-dental-care.html,https://dentistryguides.com/dentistry/best-top-near-me/,dentistry,What “top rated” actually means in dental care,1,active,content/_live/insights.json
insight,insights/dentistry-best-top-near-me-005-what-to-look-for-in-pediatric-and-family-dental-clinics.html,https://dentistryguides.com/dentistry/best-top-near-me/,dentistry,What to look for in pediatric and family dental clinics,1,active,content/_live/insights.json
insight,insights/dentistry-best-top-near-me-006-verifying-outcomes-for-cosmetic-dentistry-and-smile-makeovers.html,https://dentistryguides.com/dentistry/best-top-near-me/,dentistry,Verifying outcomes for cosmetic dentistry and smile makeovers,1,active,content/_live/insights.json
insight,insights/dentistry-best-top-near-me-007-how-to-assess-sedation-and-anxiety-friendly-dental-care.html,https://dentistryguides.com/dentistry/best-top-near-me/,dentistry,How to assess sedation and anxiety-friendly dental care,1,active,content/_live/insights.json
insight,insights/dentistry-best-top-near-me-008-what-matters-most-when-choosing-a-dentist-for-children.html,https://dentistryguides.com/dentistry/best-top-near-me/,dentistry,What matters most when choosing a dentist for children,1,active,content/_live/insights.json
insight,insights/dentistry-best-top-near-me-009-how-to-compare-implant-focused-dental-teams.html,https://dentistryguides.com/dentistry/best-top-near-me/,dentistry,How to compare implant-focused dental teams,1,active,content/_live/insights.json
insight,insights/dentistry-best-top-near-me-010-how-to-compare-endodontic-and-root-canal-options.html,https://dentistryguides.com/dentistry/best-top-near-me/,dentistry,How to compare endodontic and root-canal options,1,active,content/_live/insights.json
insight,insights/dentistry-best-top-near-me-011-how-to-compare-restorative-treatment-plans-for-crowns.html,https://dentistryguides.com/dentistry/best-top-near-me/,dentistry,How to compare restorative treatment plans for crowns,1,active,content/_live/insights.json
insight,insights/dentistry-best-top-near-me-012-how-to-compare-braces-and-orthodontic-providers.html,https://dentistryguides.com/dentistry/best-top-near-me/,dentistry,How to compare braces and orthodontic providers,1,active,content/_live/insights.json
insight,insights/dentistry-best-top-near-me-013-verifying-outcomes-for-clear-aligner-treatment.html,https://dentistryguides.com/dentistry/best-top-near-me/,dentistry,Verifying outcomes for clear aligner treatment,1,active,content/_live/insights.json
insight,insights/dentistry-best-top-near-me-014-how-to-confirm-in-network-coverage-and-fee-structure.html,https://dentistryguides.com/dentistry/best-top-near-me/,dentistry,How to confirm in-network coverage and fee structure,1,active,content/_live/insights.json
insight,insights/dentistry-best-top-near-me-015-how-to-compare-self-pay-dental-pricing-before-booking.html,https://dentistryguides.com/dentistry/best-top-near-me/,dentistry,How to compare self-pay dental pricing before booking,1,active,content/_live/insights.json
insight,insights/dentistry-best-top-near-me-016-how-to-verify-urgent-or-same-day-dental-availability.html,https://dentistryguides.com/dentistry/best-top-near-me/,dentistry,How to verify urgent or same-day dental availability,1,active,content/_live/insights.json
insight,insights/dentistry-best-top-near-me-017-how-to-find-a-good-dentist-fast.html,https://dentistryguides.com/dentistry/best-top-near-me/,dentistry,How to find a good dentist fast,1,active,content/_live/insights.json
insight,insights/dentistry-best-top-near-me-018-how-to-compare-dentists.html,https://dentistryguides.com/dentistry/best-top-near-me/,dentistry,How to compare dentists,1,active,content/_live/insights.json
insight,insights/dentistry-best-top-near-me-019-what-makes-a-dentist-good.html,https://dentistryguides.com/dentistry/best-top-near-me/,dentistry,What makes a dentist “good”?,1,active,content/_live/insights.json
insight,insights/dentistry-best-top-near-me-020-how-to-read-dentist-reviews.html,https://dentistryguides.com/dentistry/best-top-near-me/,dentistry,How to read dentist reviews,1,active,content/_live/insights.json
insight,insights/dentistry-best-top-near-me-021-how-to-check-dentist-credentials.html,https://dentistryguides.com/dentistry/best-top-near-me/,dentistry,How to check dentist credentials,1,active,content/_live/insights.json
insight,insights/dentistry-best-top-near-me-022-should-i-choose-a-chain-dental-office.html,https://dentistryguides.com/dentistry/best-top-near-me/,dentistry,Should I choose a chain dental office?,1,active,content/_live/insights.json
insight,insights/dentistry-best-top-near-me-023-should-i-choose-a-private-practice-dentist.html,https://dentistryguides.com/dentistry/best-top-near-me/,dentistry,Should I choose a private practice dentist?,1,active,content/_live/insights.json
insight,insights/dentistry-best-top-near-me-024-how-to-evaluate-urgent-dental-care-for-tooth-pain.html,https://dentistryguides.com/dentistry/best-top-near-me/,dentistry,How to evaluate urgent dental care for tooth pain,1,active,content/_live/insights.json
insight,insights/dentistry-best-top-near-me-025-how-to-evaluate-urgent-care-for-a-broken-tooth.html,https://dentistryguides.com/dentistry/best-top-near-me/,dentistry,How to evaluate urgent care for a broken tooth,1,active,content/_live/insights.json
insight,insights/dentistry-best-top-near-me-026-how-to-compare-care-options-for-gum-symptoms.html,https://dentistryguides.com/dentistry/best-top-near-me/,dentistry,How to compare care options for gum symptoms,1,active,content/_live/insights.json
insight,insights/dentistry-best-top-near-me-027-dentist-finding-decision-checklist.html,https://dentistryguides.com/dentistry/best-top-near-me/,dentistry,Dentist-finding decision checklist,1,active,content/_live/insights.json
insight,insights/dentistry-choosing-a-dentist-001-how-do-i-choose-the-right-dentist-for-me.html,https://dentistryguides.com/how-to-choose/,dentistry,How Do I Choose The Right Dentist For Me,1,active,content/_live/insights.json
insight,insights/dentistry-choosing-a-dentist-002-how-do-i-choose-a-good-dentist-for-my-family.html,https://dentistryguides.com/how-to-choose/,dentistry,How Do I Choose A Good Dentist For My Family,1,active,content/_live/insights.json
insight,insights/dentistry-choosing-a-dentist-003-how-do-i-find-a-trusted-dentist-in-chicago-illinois.html,https://dentistryguides.com/how-to-choose/,dentistry,How Do I Find A Trusted Dentist In Chicago Illinois,1,active,content/_live/insights.json
insight,insights/dentistry-choosing-a-dentist-004-how-do-i-compare-local-dental-offices-without-guessing.html,https://dentistryguides.com/how-to-choose/,dentistry,How Do I Compare Local Dental Offices Without Guessing,1,active,content/_live/insights.json
insight,insights/dentistry-choosing-a-dentist-005-what-to-look-for-when-choosing-a-dentist.html,https://dentistryguides.com/how-to-choose/,dentistry,What to Look For When Choosing a Dentist,1,active,content/_live/insights.json
insight,insights/dentistry-clear-aligners-001-are-clear-aligners-as-effective-as-traditional-braces-for-straightenin.html,https://dentistryguides.com/guides/clear-aligners/,dentistry,Are Clear Aligners As Effective As Traditional Braces For Straightening Teeth,1,active,content/_live/insights.json
insight,insights/dentistry-clear-aligners-002-is-invisalign-worth-it-for-adults.html,https://dentistryguides.com/guides/clear-aligners/,dentistry,Is Invisalign Worth It For Adults,1,active,content/_live/insights.json
insight,insights/dentistry-clear-aligners-003-are-clear-aligners-faster-than-braces.html,https://dentistryguides.com/guides/clear-aligners/,dentistry,Are Clear Aligners Faster Than Braces,1,active,content/_live/insights.json
insight,insights/dentistry-clear-aligners-004-which-works-better-for-complex-cases-aligners-or-braces.html,https://dentistryguides.com/guides/clear-aligners/,dentistry,Which Works Better For Complex Cases Aligners Or Braces,1,active,content/_live/insights.json
insight,insights/dentistry-cosmetic-restorative-001-how-do-i-compare-veneer-consultations.html,https://dentistryguides.com,dentistry,How Do I Compare Veneer Consultations,1,active,content/_live/insights.json
insight,insights/dentistry-cosmetic-restorative-002-is-whitening-worth-doing-before-bonding.html,https://dentistryguides.com,dentistry,Is Whitening Worth Doing Before Bonding,1,active,content/_live/insights.json
insight,insights/dentistry-cosmetic-restorative-003-how-many-implant-opinions-should-i-get.html,https://dentistryguides.com,dentistry,How Many Implant Opinions Should I Get,1,active,content/_live/insights.json
insight,insights/dentistry-cosmetic-restorative-004-what-should-a-smile-makeover-quote-include.html,https://dentistryguides.com,dentistry,What Should A Smile Makeover Quote Include,1,active,content/_live/insights.json
insight,insights/dentistry-cosmetic-restorative-005-implant-bridge-and-cosmetic-dentistry-comparison-framework.html,https://dentistryguides.com,dentistry,"Implant, bridge, and cosmetic dentistry comparison framework",1,active,content/_live/insights.json
insight,insights/dentistry-cost-financing-001-how-much-does-a-dental-implant-typically-cost-and-are-there-financing-.html,https://dentistryguides.com/cost-financing/,dentistry,How Much Does A Dental Implant Typically Cost And Are There Financing Options,1,active,content/_live/insights.json
insight,insights/dentistry-cost-financing-002-what-does-a-dental-implant-cost-in-dallas-texas.html,https://dentistryguides.com/cost-financing/,dentistry,What Does A Dental Implant Cost In Dallas Texas,1,active,content/_live/insights.json
insight,insights/dentistry-cost-financing-003-are-there-financing-options-for-dental-implants.html,https://dentistryguides.com/cost-financing/,dentistry,Are There Financing Options For Dental Implants,1,active,content/_live/insights.json
insight,insights/dentistry-cost-financing-004-how-much-is-a-single-dental-implant-versus-full-arch-implants.html,https://dentistryguides.com/cost-financing/,dentistry,How Much Is A Single Dental Implant Versus Full Arch Implants,1,active,content/_live/insights.json
insight,insights/dentistry-cost-financing-005-what-is-included-in-a-dental-implant-quote.html,https://dentistryguides.com/cost-financing/,dentistry,What Is Included In A Dental Implant Quote,1,active,content/_live/insights.json
insight,insights/dentistry-cost-financing-006-carecredit-vs-dental-school-vs-payment-plans-vs-medicaid.html,https://dentistryguides.com/cost-financing/,dentistry,CareCredit vs dental school vs payment plans vs Medicaid,1,active,content/_live/insights.json
insight,insights/dentistry-cost-insurance-001-how-to-compare-pricing-without-walking-into-the-wrong-fit.html,https://dentistryguides.com/dentistry/cost-insurance/,dentistry,How to compare pricing without walking into the wrong fit — Dentistry: Cost & Insurance,1,active,content/_live/insights.json
insight,insights/dentistry-cost-insurance-002-dentist-payment-plans-what-to-ask.html,https://dentistryguides.com/dentistry/cost-insurance/,dentistry,Dentist payment plans — what to ask,1,active,content/_live/insights.json
insight,insights/dentistry-cost-insurance-003-dental-insurance-what-to-confirm.html,https://dentistryguides.com/dentistry/cost-insurance/,dentistry,Dental insurance — what to confirm,1,active,content/_live/insights.json
insight,insights/dentistry-cost-insurance-004-how-to-verify-medicaid-participation-before-booking-dental-care.html,https://dentistryguides.com/dentistry/cost-insurance/,dentistry,How to verify Medicaid participation before booking dental care,1,active,content/_live/insights.json
insight,insights/dentistry-cost-insurance-005-how-much-does-a-cleaning-cost.html,https://dentistryguides.com/dentistry/cost-insurance/,dentistry,How much does a cleaning cost?,1,active,content/_live/insights.json
insight,insights/dentistry-cost-insurance-006-how-much-do-fillings-cost.html,https://dentistryguides.com/dentistry/cost-insurance/,dentistry,How much do fillings cost?,1,active,content/_live/insights.json
insight,insights/dentistry-cost-insurance-007-how-much-does-a-root-canal-cost.html,https://dentistryguides.com/dentistry/cost-insurance/,dentistry,How much does a root canal cost?,1,active,content/_live/insights.json
insight,insights/dentistry-cost-insurance-008-how-much-does-a-crown-cost.html,https://dentistryguides.com/dentistry/cost-insurance/,dentistry,How much does a crown cost?,1,active,content/_live/insights.json
insight,insights/dentistry-cost-insurance-009-how-much-do-implants-cost.html,https://dentistryguides.com/dentistry/cost-insurance/,dentistry,How much do implants cost?,1,active,content/_live/insights.json
insight,insights/dentistry-cost-insurance-010-how-much-do-dentures-cost.html,https://dentistryguides.com/dentistry/cost-insurance/,dentistry,How much do dentures cost?,1,active,content/_live/insights.json
insight,insights/dentistry-cost-insurance-011-how-much-does-extraction-cost.html,https://dentistryguides.com/dentistry/cost-insurance/,dentistry,How much does extraction cost?,1,active,content/_live/insights.json
insight,insights/dentistry-cost-insurance-012-how-to-get-a-written-estimate.html,https://dentistryguides.com/dentistry/cost-insurance/,dentistry,How to get a written estimate — Dentistry: Cost & Insurance,1,active,content/_live/insights.json
insight,insights/dentistry-cost-insurance-013-why-dental-costs-vary-so-much.html,https://dentistryguides.com/dentistry/cost-insurance/,dentistry,Why dental costs vary so much,1,active,content/_live/insights.json
insight,insights/dentistry-cost-insurance-014-in-network-vs-out-of-network-what-it-means.html,https://dentistryguides.com/dentistry/cost-insurance/,dentistry,In‑network vs out-of-network — what it means,1,active,content/_live/insights.json
insight,insights/dentistry-cost-insurance-015-does-insurance-cover-sedation.html,https://dentistryguides.com/dentistry/cost-insurance/,dentistry,Does insurance cover sedation?,1,active,content/_live/insights.json
insight,insights/dentistry-cost-insurance-016-financing-red-flags.html,https://dentistryguides.com/dentistry/cost-insurance/,dentistry,Financing red flags,1,active,content/_live/insights.json
insight,insights/dentistry-cost-insurance-017-discount-plans-are-they-worth-it.html,https://dentistryguides.com/dentistry/cost-insurance/,dentistry,Discount plans — are they worth it?,1,active,content/_live/insights.json
insight,insights/dentistry-cost-insurance-018-how-to-compare-quotes.html,https://dentistryguides.com/dentistry/cost-insurance/,dentistry,How to compare quotes — Dentistry: Cost & Insurance,1,active,content/_live/insights.json
insight,insights/dentistry-cost-insurance-019-is-it-cheaper-to-go-to-a-dental-school.html,https://dentistryguides.com/dentistry/cost-insurance/,dentistry,Is it cheaper to go to a dental school?,1,active,content/_live/insights.json
insight,insights/dentistry-cost-insurance-020-low-cost-clinics-what-to-watch-for.html,https://dentistryguides.com/dentistry/cost-insurance/,dentistry,Low-cost clinics — what to watch for,1,active,content/_live/insights.json
insight,insights/dentistry-cost-insurance-021-emergency-dental-cost-what-to-expect.html,https://dentistryguides.com/dentistry/cost-insurance/,dentistry,Emergency dental cost — what to expect,1,active,content/_live/insights.json
insight,insights/dentistry-cost-insurance-022-implant-cost-why-it-varies.html,https://dentistryguides.com/dentistry/cost-insurance/,dentistry,Implant cost — why it varies,1,active,content/_live/insights.json
insight,insights/dentistry-cost-insurance-023-root-canal-cost-why-it-varies.html,https://dentistryguides.com/dentistry/cost-insurance/,dentistry,Root canal cost — why it varies,1,active,content/_live/insights.json
insight,insights/dentistry-cost-insurance-024-crown-cost-why-it-varies.html,https://dentistryguides.com/dentistry/cost-insurance/,dentistry,Crown cost — why it varies,1,active,content/_live/insights.json
insight,insights/dentistry-cost-insurance-025-extraction-cost-why-it-varies.html,https://dentistryguides.com/dentistry/cost-insurance/,dentistry,Extraction cost — why it varies,1,active,content/_live/insights.json
insight,insights/dentistry-cost-insurance-026-how-to-avoid-surprise-charges.html,https://dentistryguides.com/dentistry/cost-insurance/,dentistry,How to avoid surprise charges — Dentistry: Cost & Insurance,1,active,content/_live/insights.json
insight,insights/dentistry-dental-bridge-vs-implant-001-what-is-the-difference-between-a-dental-bridge-and-a-dental-implant.html,https://dentistryguides.com/guides/dental-bridge-vs-implant/,dentistry,What Is The Difference Between A Dental Bridge And A Dental Implant,1,active,content/_live/insights.json
insight,insights/dentistry-dental-bridge-vs-implant-002-is-a-dental-implant-better-than-a-bridge-long-term.html,https://dentistryguides.com/guides/dental-bridge-vs-implant/,dentistry,Is A Dental Implant Better Than A Bridge Long Term,1,active,content/_live/insights.json
insight,insights/dentistry-dental-bridge-vs-implant-003-how-do-i-decide-between-a-bridge-and-an-implant-for-one-missing-tooth.html,https://dentistryguides.com/guides/dental-bridge-vs-implant/,dentistry,How Do I Decide Between A Bridge And An Implant For One Missing Tooth,1,active,content/_live/insights.json
insight,insights/dentistry-dental-bridge-vs-implant-004-which-is-cheaper-long-term-a-bridge-or-an-implant.html,https://dentistryguides.com/guides/dental-bridge-vs-implant/,dentistry,Which Is Cheaper Long Term A Bridge Or An Implant,1,active,content/_live/insights.json
insight,insights/dentistry-dental-red-flags-001-what-are-red-flags-to-watch-out-for-when-visiting-a-new-dentist.html,https://dentistryguides.com/guides/dental-red-flags/,dentistry,What Are Red Flags To Watch Out For When Visiting A New Dentist,1,active,content/_live/insights.json
insight,insights/dentistry-dental-red-flags-002-what-are-dental-scam-red-flags.html,https://dentistryguides.com/guides/dental-red-flags/,dentistry,What Are Dental Scam Red Flags,1,active,content/_live/insights.json
insight,insights/dentistry-dental-red-flags-003-should-i-get-a-second-opinion-before-a-crown.html,https://dentistryguides.com/guides/dental-red-flags/,dentistry,Should I Get A Second Opinion Before A Crown,1,active,content/_live/insights.json
insight,insights/dentistry-dental-red-flags-004-how-do-i-know-if-a-dentist-is-upselling-treatment.html,https://dentistryguides.com/guides/dental-red-flags/,dentistry,How Do I Know If A Dentist Is Upselling Treatment,1,active,content/_live/insights.json
insight,insights/dentistry-emergency-open-now-001-how-to-verify-emergency-dental-availability-right-now.html,https://dentistryguides.com/dentistry/emergency-open-now/,dentistry,How to verify emergency dental availability right now,1,active,content/_live/insights.json
insight,insights/dentistry-emergency-open-now-002-how-to-confirm-same-day-dental-appointments.html,https://dentistryguides.com/dentistry/emergency-open-now/,dentistry,How to confirm same-day dental appointments,1,active,content/_live/insights.json
insight,insights/dentistry-emergency-open-now-003-how-to-check-walk-in-dental-availability-before-you-leave-home.html,https://dentistryguides.com/dentistry/emergency-open-now/,dentistry,How to check walk-in dental availability before you leave home,1,active,content/_live/insights.json
insight,insights/dentistry-emergency-open-now-004-tooth-knocked-out-what-do-i-do-now.html,https://dentistryguides.com/dentistry/emergency-open-now/,dentistry,Tooth knocked out — what do I do now?,1,active,content/_live/insights.json
insight,insights/dentistry-emergency-open-now-005-severe-tooth-pain-should-i-go-to-er-or-dentist.html,https://dentistryguides.com/dentistry/emergency-open-now/,dentistry,Severe tooth pain — should I go to ER or dentist?,1,active,content/_live/insights.json
insight,insights/dentistry-emergency-open-now-006-swollen-face-from-tooth-infection-what-now.html,https://dentistryguides.com/dentistry/emergency-open-now/,dentistry,Swollen face from tooth infection — what now?,1,active,content/_live/insights.json
insight,insights/dentistry-emergency-open-now-007-broken-tooth-what-now.html,https://dentistryguides.com/dentistry/emergency-open-now/,dentistry,Broken tooth — what now?,1,active,content/_live/insights.json
insight,insights/dentistry-emergency-open-now-008-lost-filling-what-now.html,https://dentistryguides.com/dentistry/emergency-open-now/,dentistry,Lost filling — what now?,1,active,content/_live/insights.json
insight,insights/dentistry-emergency-open-now-009-crown-fell-off-what-now.html,https://dentistryguides.com/dentistry/emergency-open-now/,dentistry,Crown fell off — what now?,1,active,content/_live/insights.json
insight,insights/dentistry-emergency-open-now-010-how-to-compare-local-options-using-a-real-decision-checklist.html,https://dentistryguides.com/dentistry/emergency-open-now/,dentistry,How to compare local options using a real decision checklist — Dentistry: Emergency & Open Now,1,active,content/_live/insights.json
insight,insights/dentistry-emergency-open-now-011-tooth-abscess-what-now.html,https://dentistryguides.com/dentistry/emergency-open-now/,dentistry,Tooth abscess — what now?,1,active,content/_live/insights.json
insight,insights/dentistry-emergency-open-now-012-can-urgent-care-treat-tooth-pain.html,https://dentistryguides.com/dentistry/emergency-open-now/,dentistry,Can urgent care treat tooth pain?,1,active,content/_live/insights.json
insight,insights/dentistry-emergency-open-now-013-how-fast-can-i-be-seen-today.html,https://dentistryguides.com/dentistry/emergency-open-now/,dentistry,How fast can I be seen today?,1,active,content/_live/insights.json
insight,insights/dentistry-emergency-open-now-014-how-to-find-an-emergency-dentist-quickly.html,https://dentistryguides.com/dentistry/emergency-open-now/,dentistry,How to find an emergency dentist quickly,1,active,content/_live/insights.json
insight,insights/dentistry-emergency-open-now-015-emergency-dental-costs-what-to-ask.html,https://dentistryguides.com/dentistry/emergency-open-now/,dentistry,Emergency dental costs — what to ask,1,active,content/_live/insights.json
insight,insights/dentistry-emergency-open-now-016-red-flags-in-emergency-dental-offices.html,https://dentistryguides.com/dentistry/emergency-open-now/,dentistry,Red flags in emergency dental offices,1,active,content/_live/insights.json
insight,insights/dentistry-emergency-open-now-017-is-it-safe-to-wait-until-tomorrow.html,https://dentistryguides.com/dentistry/emergency-open-now/,dentistry,Is it safe to wait until tomorrow?,1,active,content/_live/insights.json
insight,insights/dentistry-emergency-open-now-018-kids-dental-emergency-what-now.html,https://dentistryguides.com/dentistry/emergency-open-now/,dentistry,Kids dental emergency — what now?,1,active,content/_live/insights.json
insight,insights/dentistry-emergency-open-now-019-weekend-emergency-dentist-how-to-find.html,https://dentistryguides.com/dentistry/emergency-open-now/,dentistry,Weekend emergency dentist — how to find,1,active,content/_live/insights.json
insight,insights/dentistry-emergency-open-now-020-night-emergency-dentist-what-to-do.html,https://dentistryguides.com/dentistry/emergency-open-now/,dentistry,Night emergency dentist — what to do,1,active,content/_live/insights.json
insight,insights/dentistry-emergency-open-now-021-what-to-ask-when-you-need-urgent-help-for-a-broken-crown.html,https://dentistryguides.com/dentistry/emergency-open-now/,dentistry,What to ask when you need urgent help for a broken crown,1,active,content/_live/insights.json
insight,insights/dentistry-emergency-open-now-022-what-to-ask-when-you-suspect-a-dental-infection.html,https://dentistryguides.com/dentistry/emergency-open-now/,dentistry,What to ask when you suspect a dental infection,1,active,content/_live/insights.json
insight,insights/dentistry-emergency-open-now-023-what-to-ask-when-facial-or-gum-swelling-starts.html,https://dentistryguides.com/dentistry/emergency-open-now/,dentistry,What to ask when facial or gum swelling starts,1,active,content/_live/insights.json
insight,insights/dentistry-emergency-open-now-024-how-to-handle-urgent-dental-issues-for-a-child.html,https://dentistryguides.com/dentistry/emergency-open-now/,dentistry,How to handle urgent dental issues for a child,1,active,content/_live/insights.json
insight,insights/dentistry-emergency-open-now-025-emergency-dental-appointment-today-what-to-bring.html,https://dentistryguides.com/dentistry/emergency-open-now/,dentistry,Emergency dental appointment today — what to bring,1,active,content/_live/insights.json
insight,insights/dentistry-insurance-billing-001-why-is-my-dental-estimate-different-from-the-final-bill.html,https://dentistryguides.com,dentistry,Why Is My Dental Estimate Different From The Final Bill,1,active,content/_live/insights.json
insight,insights/dentistry-insurance-billing-002-what-does-out-of-network-really-mean-for-dental-care.html,https://dentistryguides.com,dentistry,What Does Out Of Network Really Mean For Dental Care,1,active,content/_live/insights.json
insight,insights/dentistry-insurance-billing-003-can-a-dentist-charge-more-than-the-insurance-estimate.html,https://dentistryguides.com,dentistry,Can A Dentist Charge More Than The Insurance Estimate,1,active,content/_live/insights.json
insight,insights/dentistry-insurance-billing-004-how-do-payment-plans-work-at-dental-offices.html,https://dentistryguides.com,dentistry,How Do Payment Plans Work At Dental Offices,1,active,content/_live/insights.json
insight,insights/dentistry-pediatric-family-001-how-do-i-prepare-a-child-for-a-first-dental-visit.html,https://dentistryguides.com,dentistry,How Do I Prepare A Child For A First Dental Visit,1,active,content/_live/insights.json
insight,insights/dentistry-pediatric-family-002-what-if-my-child-is-terrified-of-the-dentist.html,https://dentistryguides.com,dentistry,What If My Child Is Terrified Of The Dentist,1,active,content/_live/insights.json
insight,insights/dentistry-pediatric-family-003-can-siblings-be-booked-together-at-a-family-dentist.html,https://dentistryguides.com,dentistry,Can Siblings Be Booked Together At A Family Dentist,1,active,content/_live/insights.json
insight,insights/dentistry-pediatric-family-004-when-is-sedation-worth-discussing-for-pediatric-dentistry.html,https://dentistryguides.com,dentistry,When Is Sedation Worth Discussing For Pediatric Dentistry,1,active,content/_live/insights.json
insight,insights/dentistry-pediatric-family-005-parent-facing-pediatric-dentist-checklist.html,https://dentistryguides.com,dentistry,Parent-facing pediatric dentist checklist,1,active,content/_live/insights.json
insight,insights/dentistry-q001-how-does-dental-insurance-verification-work.html,https://dentistryguides.com/request-assistance/,dentistry,How does dental insurance verification work?,1,active,content/_live/insights.json
insight,insights/dentistry-q002-what-should-i-verify-about-dental-insurance-verification.html,https://dentistryguides.com/request-assistance/,dentistry,What should I verify about dental insurance verification?,1,active,content/_live/insights.json
insight,insights/dentistry-q003-what-mistakes-cause-problems-with-dental-insurance-verification.html,https://dentistryguides.com/request-assistance/,dentistry,What mistakes cause problems with dental insurance verification?,1,active,content/_live/insights.json
insight,insights/dentistry-q004-when-should-i-get-professional-help-with-dental-insurance-verification.html,https://dentistryguides.com/request-assistance/,dentistry,When should I get professional help with dental insurance verification?,1,active,content/_live/insights.json
insight,insights/dentistry-q005-how-does-medicaid-dental-coverage-work.html,https://dentistryguides.com/request-assistance/,dentistry,How does Medicaid dental coverage work?,1,active,content/_live/insights.json
insight,insights/dentistry-q006-what-should-i-verify-about-medicaid-dental-coverage.html,https://dentistryguides.com/request-assistance/,dentistry,What should I verify about Medicaid dental coverage?,1,active,content/_live/insights.json
insight,insights/dentistry-q007-what-mistakes-cause-problems-with-medicaid-dental-coverage.html,https://dentistryguides.com/request-assistance/,dentistry,What mistakes cause problems with Medicaid dental coverage?,1,active,content/_live/insights.json
insight,insights/dentistry-q008-when-should-i-get-professional-help-with-medicaid-dental-coverage.html,https://dentistryguides.com/request-assistance/,dentistry,When should I get professional help with Medicaid dental coverage?,1,active,content/_live/insights.json
insight,insights/dentistry-q009-how-does-itemized-dental-pricing-work.html,https://dentistryguides.com/request-assistance/,dentistry,How does itemized dental pricing work?,1,active,content/_live/insights.json
insight,insights/dentistry-q010-what-should-i-verify-about-itemized-dental-pricing.html,https://dentistryguides.com/request-assistance/,dentistry,What should I verify about itemized dental pricing?,1,active,content/_live/insights.json
insight,insights/dentistry-q011-what-mistakes-cause-problems-with-itemized-dental-pricing.html,https://dentistryguides.com/request-assistance/,dentistry,What mistakes cause problems with itemized dental pricing?,1,active,content/_live/insights.json
insight,insights/dentistry-q012-when-should-i-get-professional-help-with-itemized-dental-pricing.html,https://dentistryguides.com/request-assistance/,dentistry,When should I get professional help with itemized dental pricing?,1,active,content/_live/insights.json
insight,insights/dentistry-q013-how-does-invisalign-and-clear-aligner-costs-work.html,https://dentistryguides.com/request-assistance/,dentistry,How does Invisalign and clear-aligner costs work?,1,active,content/_live/insights.json
insight,insights/dentistry-q014-what-should-i-verify-about-invisalign-and-clear-aligner-costs.html,https://dentistryguides.com/request-assistance/,dentistry,What should I verify about Invisalign and clear-aligner costs?,1,active,content/_live/insights.json
insight,insights/dentistry-q015-what-mistakes-cause-problems-with-invisalign-and-clear-aligner-costs.html,https://dentistryguides.com/request-assistance/,dentistry,What mistakes cause problems with Invisalign and clear-aligner costs?,1,active,content/_live/insights.json
insight,insights/dentistry-q016-when-should-i-get-professional-help-with-invisalign-and-clear-aligner-costs.html,https://dentistryguides.com/request-assistance/,dentistry,When should I get professional help with Invisalign and clear-aligner costs?,1,active,content/_live/insights.json
insight,insights/dentistry-q017-how-does-dental-implant-costs-work.html,https://dentistryguides.com/request-assistance/,dentistry,How does dental implant costs work?,1,active,content/_live/insights.json
insight,insights/dentistry-q018-what-should-i-verify-about-dental-implant-costs.html,https://dentistryguides.com/request-assistance/,dentistry,What should I verify about dental implant costs?,1,active,content/_live/insights.json
insight,insights/dentistry-q019-what-mistakes-cause-problems-with-dental-implant-costs.html,https://dentistryguides.com/request-assistance/,dentistry,What mistakes cause problems with dental implant costs?,1,active,content/_live/insights.json
insight,insights/dentistry-q020-when-should-i-get-professional-help-with-dental-implant-costs.html,https://dentistryguides.com/request-assistance/,dentistry,When should I get professional help with dental implant costs?,1,active,content/_live/insights.json
insight,insights/dentistry-q021-how-does-emergency-dental-triage-work.html,https://dentistryguides.com/request-assistance/,dentistry,How does emergency dental triage work?,1,active,content/_live/insights.json
insight,insights/dentistry-q022-what-should-i-verify-about-emergency-dental-triage.html,https://dentistryguides.com/request-assistance/,dentistry,What should I verify about emergency dental triage?,1,active,content/_live/insights.json
insight,insights/dentistry-q023-what-mistakes-cause-problems-with-emergency-dental-triage.html,https://dentistryguides.com/request-assistance/,dentistry,What mistakes cause problems with emergency dental triage?,1,active,content/_live/insights.json
insight,insights/dentistry-q024-when-should-i-get-professional-help-with-emergency-dental-triage.html,https://dentistryguides.com/request-assistance/,dentistry,When should I get professional help with emergency dental triage?,1,active,content/_live/insights.json
insight,insights/dentistry-q025-how-does-dental-second-opinions-work.html,https://dentistryguides.com/request-assistance/,dentistry,How does dental second opinions work?,1,active,content/_live/insights.json
insight,insights/dentistry-q026-what-should-i-verify-about-dental-second-opinions.html,https://dentistryguides.com/request-assistance/,dentistry,What should I verify about dental second opinions?,1,active,content/_live/insights.json
insight,insights/dentistry-q027-what-mistakes-cause-problems-with-dental-second-opinions.html,https://dentistryguides.com/request-assistance/,dentistry,What mistakes cause problems with dental second opinions?,1,active,content/_live/insights.json
insight,insights/dentistry-q028-when-should-i-get-professional-help-with-dental-second-opinions.html,https://dentistryguides.com/request-assistance/,dentistry,When should I get professional help with dental second opinions?,1,active,content/_live/insights.json
insight,insights/dentistry-q029-how-does-choosing-the-right-dental-specialist-work.html,https://dentistryguides.com/request-assistance/,dentistry,How does choosing the right dental specialist work?,1,active,content/_live/insights.json
insight,insights/dentistry-q030-what-should-i-verify-about-choosing-the-right-dental-specialist.html,https://dentistryguides.com/request-assistance/,dentistry,What should I verify about choosing the right dental specialist?,1,active,content/_live/insights.json
insight,insights/dentistry-q031-what-mistakes-cause-problems-with-choosing-the-right-dental-specialist.html,https://dentistryguides.com/request-assistance/,dentistry,What mistakes cause problems with choosing the right dental specialist?,1,active,content/_live/insights.json
insight,insights/dentistry-q032-when-should-i-get-professional-help-with-choosing-the-right-dental-specialist.html,https://dentistryguides.com/request-assistance/,dentistry,When should I get professional help with choosing the right dental specialist?,1,active,content/_live/insights.json
insight,insights/dentistry-q033-how-does-unnecessary-treatment-red-flags-work.html,https://dentistryguides.com/request-assistance/,dentistry,How does unnecessary-treatment red flags work?,1,active,content/_live/insights.json
insight,insights/dentistry-q034-what-should-i-verify-about-unnecessary-treatment-red-flags.html,https://dentistryguides.com/request-assistance/,dentistry,What should I verify about unnecessary-treatment red flags?,1,active,content/_live/insights.json
insight,insights/dentistry-q035-what-mistakes-cause-problems-with-unnecessary-treatment-red-flags.html,https://dentistryguides.com/request-assistance/,dentistry,What mistakes cause problems with unnecessary-treatment red flags?,1,active,content/_live/insights.json
insight,insights/dentistry-q036-when-should-i-get-professional-help-with-unnecessary-treatment-red-flags.html,https://dentistryguides.com/request-assistance/,dentistry,When should I get professional help with unnecessary-treatment red flags?,1,active,content/_live/insights.json
insight,insights/dentistry-q037-how-does-payment-plans-and-financing-work.html,https://dentistryguides.com/request-assistance/,dentistry,How does payment plans and financing work?,1,active,content/_live/insights.json
insight,insights/dentistry-q038-what-should-i-verify-about-payment-plans-and-financing.html,https://dentistryguides.com/request-assistance/,dentistry,What should I verify about payment plans and financing?,1,active,content/_live/insights.json
insight,insights/dentistry-q039-what-mistakes-cause-problems-with-payment-plans-and-financing.html,https://dentistryguides.com/request-assistance/,dentistry,What mistakes cause problems with payment plans and financing?,1,active,content/_live/insights.json
insight,insights/dentistry-q040-when-should-i-get-professional-help-with-payment-plans-and-financing.html,https://dentistryguides.com/request-assistance/,dentistry,When should I get professional help with payment plans and financing?,1,active,content/_live/insights.json
insight,insights/dentistry-recovery-aftercare-001-how-long-should-swelling-last-after-dental-work.html,https://dentistryguides.com,dentistry,How Long Should Swelling Last After Dental Work,1,active,content/_live/insights.json
insight,insights/dentistry-recovery-aftercare-002-what-is-normal-pain-after-a-root-canal.html,https://dentistryguides.com,dentistry,What Is Normal Pain After A Root Canal,1,active,content/_live/insights.json
insight,insights/dentistry-recovery-aftercare-003-when-can-i-eat-normally-after-a-tooth-extraction.html,https://dentistryguides.com,dentistry,When Can I Eat Normally After A Tooth Extraction,1,active,content/_live/insights.json
insight,insights/dentistry-recovery-aftercare-004-what-if-sensitivity-gets-worse-after-a-filling.html,https://dentistryguides.com,dentistry,What If Sensitivity Gets Worse After A Filling,1,active,content/_live/insights.json
insight,insights/dentistry-root-canal-treatment-001-how-painful-is-a-root-canal-and-how-long-does-the-procedure-take.html,https://dentistryguides.com/guides/root-canal-treatment/,dentistry,How Painful Is A Root Canal And How Long Does The Procedure Take,1,active,content/_live/insights.json
insight,insights/dentistry-root-canal-treatment-002-does-a-root-canal-hurt-more-than-a-filling.html,https://dentistryguides.com/guides/root-canal-treatment/,dentistry,Does A Root Canal Hurt More Than A Filling,1,active,content/_live/insights.json
insight,insights/dentistry-root-canal-treatment-003-how-long-does-a-root-canal-appointment-take.html,https://dentistryguides.com/guides/root-canal-treatment/,dentistry,How Long Does A Root Canal Appointment Take,1,active,content/_live/insights.json
insight,insights/dentistry-root-canal-treatment-004-what-is-recovery-like-after-a-root-canal.html,https://dentistryguides.com/guides/root-canal-treatment/,dentistry,What Is Recovery Like After A Root Canal,1,active,content/_live/insights.json
insight,insights/dentistry-root-canal-treatment-005-do-i-need-a-crown-after-a-root-canal.html,https://dentistryguides.com/guides/root-canal-treatment/,dentistry,Do I Need A Crown After A Root Canal,1,active,content/_live/insights.json
insight,insights/dentistry-second-opinion-do-i-need-a-second-opinion-for-dental-work.html,https://dentistryguides.com/dentistry/second-opinion/,dentistry,Second opinion do i need a second opinion for dental work,1,active,content/_live/insights.json
insight,insights/dentistry-second-opinion-how-to-get-a-second-opinion-for-dental-treatment.html,https://dentistryguides.com/dentistry/second-opinion/,dentistry,Second opinion how to get a second opinion for dental treatment,1,active,content/_live/insights.json
insight,insights/dentistry-second-opinion-is-it-worth-getting-a-second-opinion-dentist.html,https://dentistryguides.com/dentistry/second-opinion/,dentistry,Second opinion is it worth getting a second opinion dentist,1,active,content/_live/insights.json
insight,insights/dentistry-second-opinion-what-to-ask-for-dental-second-opinion.html,https://dentistryguides.com/dentistry/second-opinion/,dentistry,Second opinion what to ask for dental second opinion,1,active,content/_live/insights.json
insight,insights/dentistry-second-opinion-when-should-i-get-a-second-opinion-dentist.html,https://dentistryguides.com/dentistry/second-opinion/,dentistry,Second opinion when should i get a second opinion dentist,1,active,content/_live/insights.json
insight,insights/dentistry-sedation-fear-cost-of-sedation-dentistry.html,https://dentistryguides.com/dentistry/sedation-fear/,dentistry,Sedation fear cost of sedation dentistry,1,active,content/_live/insights.json
insight,insights/dentistry-sedation-fear-dentist-for-people-with-dental-anxiety-sedation.html,https://dentistryguides.com/dentistry/sedation-fear/,dentistry,Sedation fear dentist for people with dental anxiety sedation,1,active,content/_live/insights.json
insight,insights/dentistry-sedation-fear-is-sedation-dentistry-safe-for-anxiety.html,https://dentistryguides.com/dentistry/sedation-fear/,dentistry,Sedation fear is sedation dentistry safe for anxiety,1,active,content/_live/insights.json
insight,insights/dentistry-sedation-fear-nitrous-oxide-vs-iv-sedation-dentist.html,https://dentistryguides.com/dentistry/sedation-fear/,dentistry,Sedation fear nitrous oxide vs iv sedation dentist,1,active,content/_live/insights.json
insight,insights/dentistry-sedation-fear-what-sedation-options-do-dentists-offer.html,https://dentistryguides.com/dentistry/sedation-fear/,dentistry,Sedation fear what sedation options do dentists offer,1,active,content/_live/insights.json
insight,insights/dentistry-specialists-001-implant-dentist-vs-oral-surgeon-who-should-i-see.html,https://dentistryguides.com/dentistry/specialists/,dentistry,Implant dentist vs oral surgeon — who should I see?,1,active,content/_live/insights.json
insight,insights/dentistry-specialists-002-root-canal-endodontist-how-to-choose.html,https://dentistryguides.com/dentistry/specialists/,dentistry,Root canal (endodontist) — how to choose,1,active,content/_live/insights.json
insight,insights/dentistry-specialists-003-how-to-evaluate-a-local-oral-surgeon-before-booking.html,https://dentistryguides.com/dentistry/specialists/,dentistry,How to evaluate a local oral surgeon before booking,1,active,content/_live/insights.json
insight,insights/dentistry-specialists-004-periodontist-for-gums-how-to-choose.html,https://dentistryguides.com/dentistry/specialists/,dentistry,Periodontist for gums — how to choose,1,active,content/_live/insights.json
insight,insights/dentistry-specialists-005-pediatric-dentist-how-to-choose.html,https://dentistryguides.com/dentistry/specialists/,dentistry,Pediatric dentist — how to choose,1,active,content/_live/insights.json
insight,insights/dentistry-specialists-006-sedation-dentistry-who-is-a-good-candidate.html,https://dentistryguides.com/dentistry/specialists/,dentistry,Sedation dentistry — who is a good candidate,1,active,content/_live/insights.json
insight,insights/dentistry-specialists-007-invisalign-provider-what-to-check.html,https://dentistryguides.com/dentistry/specialists/,dentistry,Invisalign provider — what to check,1,active,content/_live/insights.json
insight,insights/dentistry-specialists-008-braces-orthodontist-what-to-check.html,https://dentistryguides.com/dentistry/specialists/,dentistry,Braces orthodontist — what to check,1,active,content/_live/insights.json
insight,insights/dentistry-specialists-009-dentures-provider-what-to-check.html,https://dentistryguides.com/dentistry/specialists/,dentistry,Dentures provider — what to check,1,active,content/_live/insights.json
insight,insights/dentistry-specialists-010-tmj-dentist-what-to-check.html,https://dentistryguides.com/dentistry/specialists/,dentistry,TMJ dentist — what to check,1,active,content/_live/insights.json
insight,insights/dentistry-specialists-011-sleep-dentistry-snoring-dentist-what-to-check.html,https://dentistryguides.com/dentistry/specialists/,dentistry,Sleep dentistry / snoring dentist — what to check,1,active,content/_live/insights.json
insight,insights/dentistry-specialists-012-cosmetic-dentist-how-to-avoid-bad-work.html,https://dentistryguides.com/dentistry/specialists/,dentistry,Cosmetic dentist — how to avoid bad work,1,active,content/_live/insights.json
insight,insights/dentistry-specialists-013-who-should-do-veneers.html,https://dentistryguides.com/dentistry/specialists/,dentistry,Who should do veneers?,1,active,content/_live/insights.json
insight,insights/dentistry-specialists-014-who-should-do-full-mouth-rehab.html,https://dentistryguides.com/dentistry/specialists/,dentistry,Who should do full mouth rehab?,1,active,content/_live/insights.json
insight,insights/dentistry-specialists-015-second-opinion-when-to-get-one.html,https://dentistryguides.com/dentistry/specialists/,dentistry,Second opinion — when to get one,1,active,content/_live/insights.json
insight,insights/dentistry-specialists-016-how-to-compare-specialists.html,https://dentistryguides.com/dentistry/specialists/,dentistry,How to compare specialists,1,active,content/_live/insights.json
insight,insights/dentistry-specialists-017-what-credentials-matter-for-implants.html,https://dentistryguides.com/dentistry/specialists/,dentistry,What credentials matter for implants?,1,active,content/_live/insights.json
insight,insights/dentistry-specialists-018-what-sedation-options-exist.html,https://dentistryguides.com/dentistry/specialists/,dentistry,What sedation options exist?,1,active,content/_live/insights.json
insight,insights/dentistry-specialists-019-how-to-choose-for-kids-with-anxiety.html,https://dentistryguides.com/dentistry/specialists/,dentistry,How to choose for kids with anxiety,1,active,content/_live/insights.json
insight,insights/dentistry-specialists-020-how-to-choose-for-older-adults.html,https://dentistryguides.com/dentistry/specialists/,dentistry,How to choose for older adults,1,active,content/_live/insights.json
insight,insights/dentistry-specialists-021-how-to-compare-implant-focused-specialists.html,https://dentistryguides.com/dentistry/specialists/,dentistry,How to compare implant-focused specialists,1,active,content/_live/insights.json
insight,insights/dentistry-specialists-022-how-to-compare-orthodontic-providers.html,https://dentistryguides.com/dentistry/specialists/,dentistry,How to compare orthodontic providers,1,active,content/_live/insights.json
insight,insights/dentistry-specialists-023-how-to-compare-endodontic-specialists.html,https://dentistryguides.com/dentistry/specialists/,dentistry,How to compare endodontic specialists,1,active,content/_live/insights.json
insight,insights/dentistry-specialists-024-how-to-compare-oral-surgery-providers.html,https://dentistryguides.com/dentistry/specialists/,dentistry,How to compare oral surgery providers,1,active,content/_live/insights.json
insight,insights/dentistry-specialists-025-how-to-compare-pediatric-dental-clinics.html,https://dentistryguides.com/dentistry/specialists/,dentistry,How to compare pediatric dental clinics,1,active,content/_live/insights.json
insight,insights/dentistry-treatment-comparison-001-how-do-i-choose-between-a-root-canal-and-extraction.html,https://dentistryguides.com,dentistry,How Do I Choose Between A Root Canal And Extraction,1,active,content/_live/insights.json
insight,insights/dentistry-treatment-comparison-002-when-is-a-crown-better-than-a-filling.html,https://dentistryguides.com,dentistry,When Is A Crown Better Than A Filling,1,active,content/_live/insights.json
insight,insights/dentistry-treatment-comparison-003-is-an-implant-always-better-than-a-bridge.html,https://dentistryguides.com,dentistry,Is An Implant Always Better Than A Bridge,1,active,content/_live/insights.json
insight,insights/dentistry-treatment-comparison-004-how-do-i-compare-treatment-plans-from-two-dentists.html,https://dentistryguides.com,dentistry,How Do I Compare Treatment Plans From Two Dentists,1,active,content/_live/insights.json
insight,insights/neuro-001-decision-tree-adhd-vs-autism-vs-broader-neuro-evaluation.html,https://neuroevalguides.com/neuro/,neuro,Decision tree: ADHD vs autism vs broader neuro evaluation,1,active,content/_live/insights.json
insight,insights/neuro-002-what-to-do-when-adhd-and-autism-symptoms-overlap.html,https://neuroevalguides.com/neuro/,neuro,What to do when ADHD and autism symptoms overlap,1,active,content/_live/insights.json
insight,insights/neuro-003-session-by-session-walkthrough-what-to-expect.html,https://neuroevalguides.com/neuro/,neuro,Session-by-session walkthrough: what to expect,1,active,content/_live/insights.json
insight,insights/neuro-004-how-to-choose-the-right-neuropsych-evaluation-path.html,https://neuroevalguides.com/neuro/,neuro,How to choose the right neuropsych evaluation path — Neuropsych Evaluation Intake & Provider Comparison Guide,1,active,content/_live/insights.json
insight,insights/neuro-005-how-to-compare-local-options-using-a-real-decision-checklist.html,https://neuroevalguides.com/neuro/,neuro,How to compare local options using a real decision checklist — Neuropsych Evaluation Intake & Provider Comparison Guide,1,active,content/_live/insights.json
insight,insights/neuro-006-how-to-compare-adhd-testing-options-before-booking.html,https://neuroevalguides.com/neuro/,neuro,How to compare ADHD testing options before booking,1,active,content/_live/insights.json
insight,insights/neuro-007-what-to-verify-before-booking-child-neuropsych-testing.html,https://neuroevalguides.com/neuro/,neuro,What to verify before booking child neuropsych testing,1,active,content/_live/insights.json
insight,insights/neuro-008-what-to-verify-before-booking-concussion-testing.html,https://neuroevalguides.com/neuro/,neuro,What to verify before booking concussion testing,1,active,content/_live/insights.json
insight,insights/neuro-009-how-much-does-a-neuropsych-eval-cost.html,https://neuroevalguides.com/neuro/,neuro,How much does a neuropsych eval cost,1,active,content/_live/insights.json
insight,insights/neuro-011-neuropsych-report-what-you-get.html,https://neuroevalguides.com/neuro/,neuro,Neuropsych report — what you get,1,active,content/_live/insights.json
insight,insights/neuro-012-neuro-eval-red-flags.html,https://neuroevalguides.com/neuro/,neuro,Neuro eval red flags,1,active,content/_live/insights.json
insight,insights/neuro-013-how-to-compare-providers-fast.html,https://neuroevalguides.com/neuro/,neuro,How to compare providers fast,1,active,content/_live/insights.json
insight,insights/neuro-014-how-to-choose-the-right-neuropsych-evaluation-path.html,https://neuroevalguides.com/neuro/,neuro,How to choose the right neuropsych evaluation path — Neuropsych Evaluation Intake & Provider Comparison Guide (2),1,active,content/_live/insights.json
insight,insights/neuro-016-how-to-prepare-for-testing-day.html,https://neuroevalguides.com/neuro/,neuro,How to prepare for testing day,1,active,content/_live/insights.json
insight,insights/neuro-017-what-should-the-intake-call-include.html,https://neuroevalguides.com/neuro/,neuro,What should the intake call include?,1,active,content/_live/insights.json
insight,insights/neuro-018-how-to-tell-if-testing-is-comprehensive.html,https://neuroevalguides.com/neuro/,neuro,How to tell if testing is comprehensive,1,active,content/_live/insights.json
insight,insights/neuro-019-do-i-need-a-referral.html,https://neuroevalguides.com/neuro/,neuro,Do I need a referral?,1,active,content/_live/insights.json
insight,insights/neuro-020-can-i-bring-school-medical-records.html,https://neuroevalguides.com/neuro/,neuro,Can I bring school/medical records?,1,active,content/_live/insights.json
insight,insights/neuro-021-how-to-use-results-for-accommodations.html,https://neuroevalguides.com/neuro/,neuro,How to use results for accommodations,1,active,content/_live/insights.json
insight,insights/neuro-022-how-to-get-a-second-opinion.html,https://neuroevalguides.com/neuro/,neuro,How to get a second opinion,1,active,content/_live/insights.json
insight,insights/neuro-023-neuropsych-evaluation-for-adults-vs-kids.html,https://neuroevalguides.com/neuro/,neuro,Neuropsych evaluation for adults vs kids,1,active,content/_live/insights.json
insight,insights/neuro-024-how-to-avoid-wasted-money-on-the-wrong-provider.html,https://neuroevalguides.com/neuro/,neuro,How to avoid wasted money on the wrong provider,1,active,content/_live/insights.json
insight,insights/neuro-025-neuropsych-telehealth-what-parts-can-be-remote.html,https://neuroevalguides.com/neuro/,neuro,Neuropsych telehealth — what parts can be remote?,1,active,content/_live/insights.json
insight,insights/neuro-026-how-to-choose-if-you-have-a-deadline.html,https://neuroevalguides.com/neuro/,neuro,How to choose if you have a deadline,1,active,content/_live/insights.json
insight,insights/neuro-027-how-to-ask-for-a-price-estimate.html,https://neuroevalguides.com/neuro/,neuro,How to ask for a price estimate,1,active,content/_live/insights.json
insight,insights/neuro-028-how-to-confirm-what-the-report-includes.html,https://neuroevalguides.com/neuro/,neuro,How to confirm what the report includes,1,active,content/_live/insights.json
insight,insights/neuro-029-what-to-do-after-an-evaluation-when-results-are-finally-in.html,https://neuroevalguides.com/neuro/,neuro,What to do after an evaluation when results are finally in,1,active,content/_live/insights.json
insight,insights/neuro-030-how-do-i-know-if-i-need-therapy-after-testing.html,https://neuroevalguides.com/neuro/,neuro,How do I know if I need therapy after testing?,1,active,content/_live/insights.json
insight,insights/neuro-031-what-questions-should-i-ask-a-therapy-provider-after-diagnosis.html,https://neuroevalguides.com/neuro/,neuro,What questions should I ask a therapy provider after diagnosis?,1,active,content/_live/insights.json
insight,insights/neuro-032-child-specialist-anxiety-vs-adhd-eval-near-me.html,https://neuroevalguides.com/neuro/,neuro,Child Specialist Anxiety Vs Adhd Eval Near Me,1,active,content/_live/insights.json
insight,insights/neuro-033-adult-specialist-anxiety-vs-adhd-eval-near-me.html,https://neuroevalguides.com/neuro/,neuro,Adult Specialist Anxiety Vs Adhd Eval Near Me,1,active,content/_live/insights.json
insight,insights/neuro-034-fast-appointment-anxiety-vs-adhd-eval-near-me.html,https://neuroevalguides.com/neuro/,neuro,Fast Appointment Anxiety Vs Adhd Eval Near Me,1,active,content/_live/insights.json
insight,insights/neuro-035-highly-reviewed-anxiety-vs-adhd-eval-near-me.html,https://neuroevalguides.com/neuro/,neuro,Highly Reviewed Anxiety Vs Adhd Eval Near Me,1,active,content/_live/insights.json
insight,insights/neuro-036-insurance-friendly-anxiety-vs-adhd-eval-near-me.html,https://neuroevalguides.com/neuro/,neuro,Insurance Friendly Anxiety Vs Adhd Eval Near Me,1,active,content/_live/insights.json
insight,insights/neuro-037-best-neuropsych-evaluation-near-me.html,https://neuroevalguides.com/neuro/,neuro,Best Neuropsych Evaluation Near Me,1,active,content/_live/insights.json
insight,insights/neuro-038-top-rated-neuropsych-evaluation-near-me.html,https://neuroevalguides.com/neuro/,neuro,Top Rated Neuropsych Evaluation Near Me,1,active,content/_live/insights.json
insight,insights/neuro-039-affordable-neuropsych-evaluation-near-me.html,https://neuroevalguides.com/neuro/,neuro,Affordable Neuropsych Evaluation Near Me,1,active,content/_live/insights.json
insight,insights/neuro-040-near-me-neuropsych-evaluation-near-me.html,https://neuroevalguides.com/neuro/,neuro,Near Me Neuropsych Evaluation Near Me,1,active,content/_live/insights.json
insight,insights/neuro-041-trusted-neuropsych-evaluation-near-me.html,https://neuroevalguides.com/neuro/,neuro,Trusted Neuropsych Evaluation Near Me,1,active,content/_live/insights.json
insight,insights/neuro-042-child-specialist-neuropsych-evaluation-near-me.html,https://neuroevalguides.com/neuro/,neuro,Child Specialist Neuropsych Evaluation Near Me,1,active,content/_live/insights.json
insight,insights/neuro-043-telehealth-vs-in-person-neuropsychological-testing-which-is-better.html,https://neuroevalguides.com/neuro/,neuro,Telehealth vs in-person neuropsychological testing which is better,1,active,content/_live/insights.json
insight,insights/neuro-044-what-should-i-expect-during-a-neuropsychological-evaluation.html,https://neuroevalguides.com/neuro/,neuro,What should I expect during a neuropsychological evaluation,1,active,content/_live/insights.json
insight,insights/neuro-045-near-me-work-accommodations-eval-near-me.html,https://neuroevalguides.com/neuro/,neuro,Near Me Work Accommodations Eval Near Me,1,active,content/_live/insights.json
insight,insights/neuro-046-trusted-work-accommodations-eval-near-me.html,https://neuroevalguides.com/neuro/,neuro,Trusted Work Accommodations Eval Near Me,1,active,content/_live/insights.json
insight,insights/neuro-047-child-specialist-work-accommodations-eval-near-me.html,https://neuroevalguides.com/neuro/,neuro,Child Specialist Work Accommodations Eval Near Me,1,active,content/_live/insights.json
insight,insights/neuro-048-adult-specialist-work-accommodations-eval-near-me.html,https://neuroevalguides.com/neuro/,neuro,Adult Specialist Work Accommodations Eval Near Me,1,active,content/_live/insights.json
insight,insights/neuro-049-fast-appointment-work-accommodations-eval-near-me.html,https://neuroevalguides.com/neuro/,neuro,Fast Appointment Work Accommodations Eval Near Me,1,active,content/_live/insights.json
insight,insights/neuro-050-highly-reviewed-work-accommodations-eval-near-me.html,https://neuroevalguides.com/neuro/,neuro,Highly Reviewed Work Accommodations Eval Near Me,1,active,content/_live/insights.json
insight,insights/neuro-051-insurance-friendly-work-accommodations-eval-near-me.html,https://neuroevalguides.com/neuro/,neuro,Insurance Friendly Work Accommodations Eval Near Me,1,active,content/_live/insights.json
insight,insights/neuro-052-best-memory-testing-near-me.html,https://neuroevalguides.com/neuro/,neuro,Best Memory Testing Near Me,1,active,content/_live/insights.json
insight,insights/neuro-053-top-rated-memory-testing-near-me.html,https://neuroevalguides.com/neuro/,neuro,Top Rated Memory Testing Near Me,1,active,content/_live/insights.json
insight,insights/neuro-054-affordable-memory-testing-near-me.html,https://neuroevalguides.com/neuro/,neuro,Affordable Memory Testing Near Me,1,active,content/_live/insights.json
insight,insights/neuro-055-near-me-memory-testing-near-me.html,https://neuroevalguides.com/neuro/,neuro,Near Me Memory Testing Near Me,1,active,content/_live/insights.json
insight,insights/neuro-056-trusted-memory-testing-near-me.html,https://neuroevalguides.com/neuro/,neuro,Trusted Memory Testing Near Me,1,active,content/_live/insights.json
insight,insights/neuro-057-child-specialist-memory-testing-near-me.html,https://neuroevalguides.com/neuro/,neuro,Child Specialist Memory Testing Near Me,1,active,content/_live/insights.json
insight,insights/neuro-058-adult-specialist-memory-testing-near-me.html,https://neuroevalguides.com/neuro/,neuro,Adult Specialist Memory Testing Near Me,1,active,content/_live/insights.json
insight,insights/neuro-059-fast-appointment-memory-testing-near-me.html,https://neuroevalguides.com/neuro/,neuro,Fast Appointment Memory Testing Near Me,1,active,content/_live/insights.json
insight,insights/neuro-060-highly-reviewed-memory-testing-near-me.html,https://neuroevalguides.com/neuro/,neuro,Highly Reviewed Memory Testing Near Me,1,active,content/_live/insights.json
insight,insights/neuro-061-insurance-friendly-memory-testing-near-me.html,https://neuroevalguides.com/neuro/,neuro,Insurance Friendly Memory Testing Near Me,1,active,content/_live/insights.json
insight,insights/neuro-062-best-anxiety-vs-adhd-eval-near-me.html,https://neuroevalguides.com/neuro/,neuro,Best Anxiety Vs Adhd Eval Near Me,1,active,content/_live/insights.json
insight,insights/neuro-063-top-rated-anxiety-vs-adhd-eval-near-me.html,https://neuroevalguides.com/neuro/,neuro,Top Rated Anxiety Vs Adhd Eval Near Me,1,active,content/_live/insights.json
insight,insights/neuro-064-affordable-anxiety-vs-adhd-eval-near-me.html,https://neuroevalguides.com/neuro/,neuro,Affordable Anxiety Vs Adhd Eval Near Me,1,active,content/_live/insights.json
insight,insights/neuro-065-near-me-anxiety-vs-adhd-eval-near-me.html,https://neuroevalguides.com/neuro/,neuro,Near Me Anxiety Vs Adhd Eval Near Me,1,active,content/_live/insights.json
insight,insights/neuro-066-trusted-anxiety-vs-adhd-eval-near-me.html,https://neuroevalguides.com/neuro/,neuro,Trusted Anxiety Vs Adhd Eval Near Me,1,active,content/_live/insights.json
insight,insights/neuro-adhd-testing-001-how-do-i-get-tested-for-adhd-as-an-adult.html,https://neuroevalguides.com,neuro,How Do I Get Tested For Adhd As An Adult,1,active,content/_live/insights.json
insight,insights/neuro-adhd-testing-002-what-does-adhd-testing-usually-include.html,https://neuroevalguides.com,neuro,What Does Adhd Testing Usually Include,1,active,content/_live/insights.json
insight,insights/neuro-adhd-testing-003-how-long-does-an-adhd-evaluation-usually-take.html,https://neuroevalguides.com,neuro,How Long Does An Adhd Evaluation Usually Take,1,active,content/_live/insights.json
insight,insights/neuro-adhd-testing-004-do-i-need-a-referral-for-adhd-testing.html,https://neuroevalguides.com,neuro,Do I Need A Referral For Adhd Testing,1,active,content/_live/insights.json
insight,insights/neuro-adhd-testing-005-adhd-testing-process-checklist.html,https://neuroevalguides.com,neuro,ADHD testing process checklist,1,active,content/_live/insights.json
insight,insights/neuro-adhd-therapy-selection-001-what-questions-should-i-ask-an-adhd-therapist-before-booking.html,https://neuroevalguides.com/autism-therapy-selection/,neuro,What Questions Should I Ask An Adhd Therapist Before Booking,1,active,content/_live/insights.json
insight,insights/neuro-adhd-therapy-selection-002-how-do-i-know-if-a-therapist-really-understands-adhd.html,https://neuroevalguides.com/autism-therapy-selection/,neuro,How Do I Know If A Therapist Really Understands Adhd,1,active,content/_live/insights.json
insight,insights/neuro-adhd-therapy-selection-003-adhd-therapist-vs-adhd-coach-what-is-the-difference.html,https://neuroevalguides.com/autism-therapy-selection/,neuro,Adhd Therapist Vs Adhd Coach What Is The Difference,1,active,content/_live/insights.json
insight,insights/neuro-adhd-therapy-selection-004-what-kind-of-therapy-helps-adults-with-adhd.html,https://neuroevalguides.com/autism-therapy-selection/,neuro,What Kind Of Therapy Helps Adults With Adhd,1,active,content/_live/insights.json
insight,insights/neuro-adhd-therapy-selection-005-can-the-same-provider-do-adhd-testing-and-therapy.html,https://neuroevalguides.com/autism-therapy-selection/,neuro,Can The Same Provider Do Adhd Testing And Therapy,1,active,content/_live/insights.json
insight,insights/neuro-adhd-therapy-selection-006-what-does-progress-in-adhd-therapy-usually-look-like.html,https://neuroevalguides.com/autism-therapy-selection/,neuro,What Does Progress In Adhd Therapy Usually Look Like,1,active,content/_live/insights.json
insight,insights/neuro-adult-vs-child-001-how-is-adult-adhd-testing-different-from-child-testing.html,https://neuroevalguides.com,neuro,How Is Adult Adhd Testing Different From Child Testing,1,active,content/_live/insights.json
insight,insights/neuro-adult-vs-child-002-how-is-an-adult-autism-evaluation-different-from-a-child-evaluation.html,https://neuroevalguides.com,neuro,How Is An Adult Autism Evaluation Different From A Child Evaluation,1,active,content/_live/insights.json
insight,insights/neuro-adult-vs-child-003-who-usually-orders-neuropsych-testing-for-adults.html,https://neuroevalguides.com,neuro,Who Usually Orders Neuropsych Testing For Adults,1,active,content/_live/insights.json
insight,insights/neuro-adult-vs-child-004-when-is-a-pediatric-specialist-a-better-fit-than-a-general-clinic.html,https://neuroevalguides.com,neuro,When Is A Pediatric Specialist A Better Fit Than A General Clinic,1,active,content/_live/insights.json
insight,insights/neuro-autism-evaluation-001-how-do-autism-evaluations-usually-work-for-adults.html,https://neuroevalguides.com,neuro,How Do Autism Evaluations Usually Work For Adults,1,active,content/_live/insights.json
insight,insights/neuro-autism-evaluation-002-what-is-included-in-an-autism-evaluation-for-a-child.html,https://neuroevalguides.com,neuro,What Is Included In An Autism Evaluation For A Child,1,active,content/_live/insights.json
insight,insights/neuro-autism-evaluation-003-how-long-does-it-take-to-get-autism-testing-results.html,https://neuroevalguides.com,neuro,How Long Does It Take To Get Autism Testing Results,1,active,content/_live/insights.json
insight,insights/neuro-autism-evaluation-004-what-records-help-before-an-autism-evaluation.html,https://neuroevalguides.com,neuro,What Records Help Before An Autism Evaluation,1,active,content/_live/insights.json
insight,insights/neuro-autism-therapy-selection-001-what-questions-should-i-ask-an-aba-clinic-before-starting.html,https://neuroevalguides.com/autism-therapy-selection/,neuro,What Questions Should I Ask An Aba Clinic Before Starting,1,active,content/_live/insights.json
insight,insights/neuro-autism-therapy-selection-002-how-do-i-choose-between-home-based-and-center-based-autism-therapy.html,https://neuroevalguides.com/autism-therapy-selection/,neuro,How Do I Choose Between Home Based And Center Based Autism Therapy,1,active,content/_live/insights.json
insight,insights/neuro-autism-therapy-selection-003-school-based-vs-clinic-based-autism-therapy-what-is-the-difference.html,https://neuroevalguides.com/autism-therapy-selection/,neuro,School Based Vs Clinic Based Autism Therapy What Is The Difference,1,active,content/_live/insights.json
insight,insights/neuro-autism-therapy-selection-004-can-adults-get-autism-therapy-after-diagnosis.html,https://neuroevalguides.com/autism-therapy-selection/,neuro,Can Adults Get Autism Therapy After Diagnosis,1,active,content/_live/insights.json
insight,insights/neuro-autism-therapy-selection-005-can-one-clinic-handle-autism-evaluation-and-therapy.html,https://neuroevalguides.com/autism-therapy-selection/,neuro,Can One Clinic Handle Autism Evaluation And Therapy,1,active,content/_live/insights.json
insight,insights/neuro-autism-therapy-selection-006-what-should-parent-training-include-in-autism-therapy.html,https://neuroevalguides.com/autism-therapy-selection/,neuro,What Should Parent Training Include In Autism Therapy,1,active,content/_live/insights.json
insight,insights/neuro-best-top-near-me-001-how-to-evaluate-a-neuropsychologist-before-booking.html,https://neuroevalguides.com/neuro/best-top-near-me/,neuro,How to evaluate a neuropsychologist before booking,1,active,content/_live/insights.json
insight,insights/neuro-best-top-near-me-002-how-to-compare-neuropsych-providers-without-relying-on-hype.html,https://neuroevalguides.com/neuro/best-top-near-me/,neuro,How to compare neuropsych providers without relying on hype,1,active,content/_live/insights.json
insight,insights/neuro-best-top-near-me-003-how-to-choose-the-right-neuropsych-evaluation-setting.html,https://neuroevalguides.com/neuro/best-top-near-me/,neuro,How to choose the right neuropsych evaluation setting,1,active,content/_live/insights.json
insight,insights/neuro-best-top-near-me-004-how-to-compare-adhd-testing-pathways-before-booking.html,https://neuroevalguides.com/neuro/best-top-near-me/,neuro,How to compare ADHD testing pathways before booking,1,active,content/_live/insights.json
insight,insights/neuro-best-top-near-me-005-how-to-compare-autism-evaluation-options-for-your-situation.html,https://neuroevalguides.com/neuro/best-top-near-me/,neuro,How to compare autism evaluation options for your situation,1,active,content/_live/insights.json
insight,insights/neuro-best-top-near-me-006-how-to-compare-learning-disability-testing-options.html,https://neuroevalguides.com/neuro/best-top-near-me/,neuro,How to compare learning-disability testing options,1,active,content/_live/insights.json
insight,insights/neuro-best-top-near-me-007-how-to-compare-concussion-evaluation-options.html,https://neuroevalguides.com/neuro/best-top-near-me/,neuro,How to compare concussion evaluation options,1,active,content/_live/insights.json
insight,insights/neuro-best-top-near-me-008-how-to-compare-traumatic-brain-injury-evaluation-options.html,https://neuroevalguides.com/neuro/best-top-near-me/,neuro,How to compare traumatic brain injury evaluation options,1,active,content/_live/insights.json
insight,insights/neuro-best-top-near-me-009-how-to-compare-child-neuropsych-evaluation-options.html,https://neuroevalguides.com/neuro/best-top-near-me/,neuro,How to compare child neuropsych evaluation options,1,active,content/_live/insights.json
insight,insights/neuro-best-top-near-me-010-how-to-compare-adult-adhd-testing-options.html,https://neuroevalguides.com/neuro/best-top-near-me/,neuro,How to compare adult ADHD testing options,1,active,content/_live/insights.json
insight,insights/neuro-best-top-near-me-011-neuropsych-for-school-accommodations-who-to-choose.html,https://neuroevalguides.com/neuro/best-top-near-me/,neuro,Neuropsych for school accommodations — who to choose,1,active,content/_live/insights.json
insight,insights/neuro-best-top-near-me-012-neuropsych-for-legal-case-who-to-choose.html,https://neuroevalguides.com/neuro/best-top-near-me/,neuro,Neuropsych for legal case — who to choose,1,active,content/_live/insights.json
insight,insights/neuro-best-top-near-me-013-neuropsych-for-workplace-who-to-choose.html,https://neuroevalguides.com/neuro/best-top-near-me/,neuro,Neuropsych for workplace — who to choose,1,active,content/_live/insights.json
insight,insights/neuro-best-top-near-me-014-how-to-verify-neuropsych-coverage-before-you-book.html,https://neuroevalguides.com/neuro/best-top-near-me/,neuro,How to verify neuropsych coverage before you book,1,active,content/_live/insights.json
insight,insights/neuro-best-top-near-me-015-how-to-compare-neuropsych-pricing-and-payment-paths.html,https://neuroevalguides.com/neuro/best-top-near-me/,neuro,How to compare neuropsych pricing and payment paths,1,active,content/_live/insights.json
insight,insights/neuro-best-top-near-me-016-fast-neuropsych-appointment-is-it-legit.html,https://neuroevalguides.com/neuro/best-top-near-me/,neuro,Fast neuropsych appointment — is it legit?,1,active,content/_live/insights.json
insight,insights/neuro-best-top-near-me-017-how-to-compare-neuropsych-providers.html,https://neuroevalguides.com/neuro/best-top-near-me/,neuro,How to compare neuropsych providers,1,active,content/_live/insights.json
insight,insights/neuro-best-top-near-me-018-what-credentials-matter-in-neuropsych.html,https://neuroevalguides.com/neuro/best-top-near-me/,neuro,What credentials matter in neuropsych,1,active,content/_live/insights.json
insight,insights/neuro-best-top-near-me-019-how-to-read-neuropsych-reviews.html,https://neuroevalguides.com/neuro/best-top-near-me/,neuro,How to read neuropsych reviews,1,active,content/_live/insights.json
insight,insights/neuro-best-top-near-me-020-neuropsych-report-quality-what-to-look-for.html,https://neuroevalguides.com/neuro/best-top-near-me/,neuro,Neuropsych report quality — what to look for,1,active,content/_live/insights.json
insight,insights/neuro-best-top-near-me-021-how-to-evaluate-child-adhd-testing-providers.html,https://neuroevalguides.com/neuro/best-top-near-me/,neuro,How to evaluate child ADHD testing providers,1,active,content/_live/insights.json
insight,insights/neuro-best-top-near-me-022-how-to-evaluate-adult-adhd-testing-providers.html,https://neuroevalguides.com/neuro/best-top-near-me/,neuro,How to evaluate adult ADHD testing providers,1,active,content/_live/insights.json
insight,insights/neuro-best-top-near-me-023-how-to-evaluate-concussion-testing-providers.html,https://neuroevalguides.com/neuro/best-top-near-me/,neuro,How to evaluate concussion testing providers,1,active,content/_live/insights.json
insight,insights/neuro-best-top-near-me-024-how-to-evaluate-memory-testing-providers.html,https://neuroevalguides.com/neuro/best-top-near-me/,neuro,How to evaluate memory-testing providers,1,active,content/_live/insights.json
insight,insights/neuro-best-top-near-me-025-how-to-evaluate-autism-evaluation-providers.html,https://neuroevalguides.com/neuro/best-top-near-me/,neuro,How to evaluate autism-evaluation providers,1,active,content/_live/insights.json
insight,insights/neuro-best-top-near-me-026-can-the-same-clinic-do-both-evaluation-and-therapy.html,https://neuroevalguides.com/neuro/best-top-near-me/,neuro,Can the same clinic do both evaluation and therapy?,1,active,content/_live/insights.json
insight,insights/neuro-best-top-near-me-027-how-do-i-choose-an-adhd-therapist-who-is-actually-a-fit.html,https://neuroevalguides.com/neuro/best-top-near-me/,neuro,How do I choose an ADHD therapist who is actually a fit?,1,active,content/_live/insights.json
insight,insights/neuro-best-top-near-me-028-how-do-i-compare-autism-therapy-options-without-guessing.html,https://neuroevalguides.com/neuro/best-top-near-me/,neuro,How do I compare autism therapy options without guessing?,1,active,content/_live/insights.json
insight,insights/neuro-best-top-near-me-029-best-adhd-evaluation-provider-in-atlanta-ga.html,https://neuroevalguides.com/neuro/best-top-near-me/,neuro,Best ADHD evaluation provider in Atlanta GA,1,active,content/_live/insights.json
insight,insights/neuro-best-top-near-me-030-where-to-get-a-neuropsychological-evaluation-in-chicago.html,https://neuroevalguides.com/neuro/best-top-near-me/,neuro,Where to get a neuropsychological evaluation in Chicago,1,active,content/_live/insights.json
insight,insights/neuro-best-top-near-me-031-autism-evaluation-providers-near-houston-tx.html,https://neuroevalguides.com/neuro/best-top-near-me/,neuro,Autism evaluation providers near Houston TX,1,active,content/_live/insights.json
insight,insights/neuro-best-top-near-me-032-adult-adhd-testing-los-angeles-how-do-i-get-evaluated.html,https://neuroevalguides.com/neuro/best-top-near-me/,neuro,Adult ADHD testing Los Angeles how do I get evaluated,1,active,content/_live/insights.json
insight,insights/neuro-cost-timeline-001-cost-range-table-by-provider-type.html,https://neuroevalguides.com/neuro/cost-timeline/,neuro,Cost range table by provider type,1,active,content/_live/insights.json
insight,insights/neuro-cost-timeline-002-insurance-appeal-and-reimbursement-checklist.html,https://neuroevalguides.com/neuro/cost-timeline/,neuro,Insurance appeal and reimbursement checklist,1,active,content/_live/insights.json
insight,insights/neuro-cost-timeline-003-how-much-does-a-neuropsych-evaluation-cost.html,https://neuroevalguides.com/neuro/cost-timeline/,neuro,How much does a neuropsych evaluation cost?,1,active,content/_live/insights.json
insight,insights/neuro-cost-timeline-004-does-insurance-cover-neuropsych-testing.html,https://neuroevalguides.com/neuro/cost-timeline/,neuro,Does insurance cover neuropsych testing?,1,active,content/_live/insights.json
insight,insights/neuro-cost-timeline-005-how-long-does-testing-take.html,https://neuroevalguides.com/neuro/cost-timeline/,neuro,How long does testing take?,1,active,content/_live/insights.json
insight,insights/neuro-cost-timeline-006-how-long-until-results-are-ready.html,https://neuroevalguides.com/neuro/cost-timeline/,neuro,How long until results are ready?,1,active,content/_live/insights.json
insight,insights/neuro-cost-timeline-007-can-i-get-a-rush-report.html,https://neuroevalguides.com/neuro/cost-timeline/,neuro,Can I get a rush report?,1,active,content/_live/insights.json
insight,insights/neuro-cost-timeline-008-why-neuropsych-testing-is-expensive.html,https://neuroevalguides.com/neuro/cost-timeline/,neuro,Why neuropsych testing is expensive,1,active,content/_live/insights.json
insight,insights/neuro-cost-timeline-009-how-to-get-a-written-estimate.html,https://neuroevalguides.com/neuro/cost-timeline/,neuro,How to get a written estimate — Neuro: Cost & Timeline,1,active,content/_live/insights.json
insight,insights/neuro-cost-timeline-010-payment-plans-for-testing.html,https://neuroevalguides.com/neuro/cost-timeline/,neuro,Payment plans for testing,1,active,content/_live/insights.json
insight,insights/neuro-cost-timeline-011-school-testing-vs-private-neuropsych.html,https://neuroevalguides.com/neuro/cost-timeline/,neuro,School testing vs private neuropsych,1,active,content/_live/insights.json
insight,insights/neuro-cost-timeline-012-cheaper-adhd-testing-options.html,https://neuroevalguides.com/neuro/cost-timeline/,neuro,Cheaper ADHD testing options,1,active,content/_live/insights.json
insight,insights/neuro-cost-timeline-013-is-online-adhd-testing-reliable.html,https://neuroevalguides.com/neuro/cost-timeline/,neuro,Is online ADHD testing reliable?,1,active,content/_live/insights.json
insight,insights/neuro-cost-timeline-014-how-to-compare-quotes.html,https://neuroevalguides.com/neuro/cost-timeline/,neuro,How to compare quotes — Neuro: Cost & Timeline,1,active,content/_live/insights.json
insight,insights/neuro-cost-timeline-015-what-s-included-in-the-report.html,https://neuroevalguides.com/neuro/cost-timeline/,neuro,What’s included in the report?,1,active,content/_live/insights.json
insight,insights/neuro-cost-timeline-016-do-i-need-multiple-sessions.html,https://neuroevalguides.com/neuro/cost-timeline/,neuro,Do I need multiple sessions?,1,active,content/_live/insights.json
insight,insights/neuro-cost-timeline-017-what-documents-should-i-bring.html,https://neuroevalguides.com/neuro/cost-timeline/,neuro,What documents should I bring?,1,active,content/_live/insights.json
insight,insights/neuro-cost-timeline-018-what-if-i-can-t-afford-testing.html,https://neuroevalguides.com/neuro/cost-timeline/,neuro,What if I can’t afford testing?,1,active,content/_live/insights.json
insight,insights/neuro-cost-timeline-019-what-if-i-only-need-a-letter.html,https://neuroevalguides.com/neuro/cost-timeline/,neuro,What if I only need a letter?,1,active,content/_live/insights.json
insight,insights/neuro-cost-timeline-020-how-long-is-the-report-valid.html,https://neuroevalguides.com/neuro/cost-timeline/,neuro,How long is the report valid?,1,active,content/_live/insights.json
insight,insights/neuro-cost-timeline-021-how-to-plan-around-school-work.html,https://neuroevalguides.com/neuro/cost-timeline/,neuro,How to plan around school/work,1,active,content/_live/insights.json
insight,insights/neuro-cost-timeline-022-how-to-prepare-a-child-for-testing.html,https://neuroevalguides.com/neuro/cost-timeline/,neuro,How to prepare a child for testing,1,active,content/_live/insights.json
insight,insights/neuro-cost-timeline-023-how-to-handle-deadlines.html,https://neuroevalguides.com/neuro/cost-timeline/,neuro,How to handle deadlines — Neuro: Cost & Timeline,1,active,content/_live/insights.json
insight,insights/neuro-cost-timeline-024-what-to-ask-about-turnaround-time.html,https://neuroevalguides.com/neuro/cost-timeline/,neuro,What to ask about turnaround time,1,active,content/_live/insights.json
insight,insights/neuro-cost-timeline-025-how-to-avoid-surprise-fees.html,https://neuroevalguides.com/neuro/cost-timeline/,neuro,How to avoid surprise fees,1,active,content/_live/insights.json
insight,insights/neuro-cost-timeline-026-how-to-reduce-repeat-visits.html,https://neuroevalguides.com/neuro/cost-timeline/,neuro,How to reduce repeat visits,1,active,content/_live/insights.json
insight,insights/neuro-cost-timeline-027-what-to-do-if-insurance-denies-coverage.html,https://neuroevalguides.com/neuro/cost-timeline/,neuro,What to do if insurance denies coverage,1,active,content/_live/insights.json
insight,insights/neuro-cost-timeline-028-how-fast-can-therapy-start-after-an-evaluation.html,https://neuroevalguides.com/neuro/cost-timeline/,neuro,How fast can therapy start after an evaluation?,1,active,content/_live/insights.json
insight,insights/neuro-cost-timeline-029-does-insurance-usually-cover-therapy-after-diagnosis.html,https://neuroevalguides.com/neuro/cost-timeline/,neuro,Does insurance usually cover therapy after diagnosis?,1,active,content/_live/insights.json
insight,insights/neuro-cost-timeline-030-how-much-does-an-adhd-evaluation-cost.html,https://neuroevalguides.com/neuro/cost-timeline/,neuro,How much does an ADHD evaluation cost,1,active,content/_live/insights.json
insight,insights/neuro-insurance-school-docs-001-does-insurance-usually-cover-neuropsych-testing.html,https://neuroevalguides.com,neuro,Does Insurance Usually Cover Neuropsych Testing,1,active,content/_live/insights.json
insight,insights/neuro-insurance-school-docs-002-what-paperwork-helps-with-school-accommodations.html,https://neuroevalguides.com,neuro,What Paperwork Helps With School Accommodations,1,active,content/_live/insights.json
insight,insights/neuro-insurance-school-docs-003-can-i-use-a-private-evaluation-for-a-504-or-iep-meeting.html,https://neuroevalguides.com,neuro,Can I Use A Private Evaluation For A 504 Or Iep Meeting,1,active,content/_live/insights.json
insight,insights/neuro-insurance-school-docs-004-what-if-insurance-denies-adhd-or-autism-testing.html,https://neuroevalguides.com,neuro,What If Insurance Denies Adhd Or Autism Testing,1,active,content/_live/insights.json
insight,insights/neuro-q001-how-does-adhd-evaluation-process-work.html,https://neuroevalguides.com/request-assistance/,neuro,How does ADHD evaluation process work?,1,active,content/_live/insights.json
insight,insights/neuro-q002-what-should-i-verify-about-adhd-evaluation-process.html,https://neuroevalguides.com/request-assistance/,neuro,What should I verify about ADHD evaluation process?,1,active,content/_live/insights.json
insight,insights/neuro-q003-what-mistakes-cause-problems-with-adhd-evaluation-process.html,https://neuroevalguides.com/request-assistance/,neuro,What mistakes cause problems with ADHD evaluation process?,1,active,content/_live/insights.json
insight,insights/neuro-q004-when-should-i-get-professional-help-with-adhd-evaluation-process.html,https://neuroevalguides.com/request-assistance/,neuro,When should I get professional help with ADHD evaluation process?,1,active,content/_live/insights.json
insight,insights/neuro-q005-how-does-adult-autism-evaluation-work.html,https://neuroevalguides.com/request-assistance/,neuro,How does adult autism evaluation work?,1,active,content/_live/insights.json
insight,insights/neuro-q006-what-should-i-verify-about-adult-autism-evaluation.html,https://neuroevalguides.com/request-assistance/,neuro,What should I verify about adult autism evaluation?,1,active,content/_live/insights.json
insight,insights/neuro-q007-what-mistakes-cause-problems-with-adult-autism-evaluation.html,https://neuroevalguides.com/request-assistance/,neuro,What mistakes cause problems with adult autism evaluation?,1,active,content/_live/insights.json
insight,insights/neuro-q008-when-should-i-get-professional-help-with-adult-autism-evaluation.html,https://neuroevalguides.com/request-assistance/,neuro,When should I get professional help with adult autism evaluation?,1,active,content/_live/insights.json
insight,insights/neuro-q009-how-does-neuropsych-evaluation-cost-work.html,https://neuroevalguides.com/request-assistance/,neuro,How does neuropsych evaluation cost work?,1,active,content/_live/insights.json
insight,insights/neuro-q010-what-should-i-verify-about-neuropsych-evaluation-cost.html,https://neuroevalguides.com/request-assistance/,neuro,What should I verify about neuropsych evaluation cost?,1,active,content/_live/insights.json
insight,insights/neuro-q011-what-mistakes-cause-problems-with-neuropsych-evaluation-cost.html,https://neuroevalguides.com/request-assistance/,neuro,What mistakes cause problems with neuropsych evaluation cost?,1,active,content/_live/insights.json
insight,insights/neuro-q012-when-should-i-get-professional-help-with-neuropsych-evaluation-cost.html,https://neuroevalguides.com/request-assistance/,neuro,When should I get professional help with neuropsych evaluation cost?,1,active,content/_live/insights.json
insight,insights/neuro-q013-how-does-insurance-and-out-of-network-benefits-work.html,https://neuroevalguides.com/request-assistance/,neuro,How does insurance and out-of-network benefits work?,1,active,content/_live/insights.json
insight,insights/neuro-q014-what-should-i-verify-about-insurance-and-out-of-network-benefits.html,https://neuroevalguides.com/request-assistance/,neuro,What should I verify about insurance and out-of-network benefits?,1,active,content/_live/insights.json
insight,insights/neuro-q015-what-mistakes-cause-problems-with-insurance-and-out-of-network-benefits.html,https://neuroevalguides.com/request-assistance/,neuro,What mistakes cause problems with insurance and out-of-network benefits?,1,active,content/_live/insights.json
insight,insights/neuro-q016-when-should-i-get-professional-help-with-insurance-and-out-of-network-benefits.html,https://neuroevalguides.com/request-assistance/,neuro,When should I get professional help with insurance and out-of-network benefits?,1,active,content/_live/insights.json
insight,insights/neuro-q017-how-does-telehealth-testing-validity-work.html,https://neuroevalguides.com/request-assistance/,neuro,How does telehealth testing validity work?,1,active,content/_live/insights.json
insight,insights/neuro-q018-what-should-i-verify-about-telehealth-testing-validity.html,https://neuroevalguides.com/request-assistance/,neuro,What should I verify about telehealth testing validity?,1,active,content/_live/insights.json
insight,insights/neuro-q019-what-mistakes-cause-problems-with-telehealth-testing-validity.html,https://neuroevalguides.com/request-assistance/,neuro,What mistakes cause problems with telehealth testing validity?,1,active,content/_live/insights.json
insight,insights/neuro-q020-when-should-i-get-professional-help-with-telehealth-testing-validity.html,https://neuroevalguides.com/request-assistance/,neuro,When should I get professional help with telehealth testing validity?,1,active,content/_live/insights.json
insight,insights/neuro-q021-how-does-provider-credentials-and-fit-work.html,https://neuroevalguides.com/request-assistance/,neuro,How does provider credentials and fit work?,1,active,content/_live/insights.json
insight,insights/neuro-q022-what-should-i-verify-about-provider-credentials-and-fit.html,https://neuroevalguides.com/request-assistance/,neuro,What should I verify about provider credentials and fit?,1,active,content/_live/insights.json
insight,insights/neuro-q023-what-mistakes-cause-problems-with-provider-credentials-and-fit.html,https://neuroevalguides.com/request-assistance/,neuro,What mistakes cause problems with provider credentials and fit?,1,active,content/_live/insights.json
insight,insights/neuro-q024-when-should-i-get-professional-help-with-provider-credentials-and-fit.html,https://neuroevalguides.com/request-assistance/,neuro,When should I get professional help with provider credentials and fit?,1,active,content/_live/insights.json
insight,insights/neuro-q025-how-does-evaluation-report-quality-work.html,https://neuroevalguides.com/request-assistance/,neuro,How does evaluation report quality work?,1,active,content/_live/insights.json
insight,insights/neuro-q026-what-should-i-verify-about-evaluation-report-quality.html,https://neuroevalguides.com/request-assistance/,neuro,What should I verify about evaluation report quality?,1,active,content/_live/insights.json
insight,insights/neuro-q027-what-mistakes-cause-problems-with-evaluation-report-quality.html,https://neuroevalguides.com/request-assistance/,neuro,What mistakes cause problems with evaluation report quality?,1,active,content/_live/insights.json
insight,insights/neuro-q028-when-should-i-get-professional-help-with-evaluation-report-quality.html,https://neuroevalguides.com/request-assistance/,neuro,When should I get professional help with evaluation report quality?,1,active,content/_live/insights.json
insight,insights/neuro-q029-how-does-school-and-workplace-accommodations-work.html,https://neuroevalguides.com/request-assistance/,neuro,How does school and workplace accommodations work?,1,active,content/_live/insights.json
insight,insights/neuro-q030-what-should-i-verify-about-school-and-workplace-accommodations.html,https://neuroevalguides.com/request-assistance/,neuro,What should I verify about school and workplace accommodations?,1,active,content/_live/insights.json
insight,insights/neuro-q031-what-mistakes-cause-problems-with-school-and-workplace-accommodations.html,https://neuroevalguides.com/request-assistance/,neuro,What mistakes cause problems with school and workplace accommodations?,1,active,content/_live/insights.json
insight,insights/neuro-q032-when-should-i-get-professional-help-with-school-and-workplace-accommodations.html,https://neuroevalguides.com/request-assistance/,neuro,When should I get professional help with school and workplace accommodations?,1,active,content/_live/insights.json
insight,insights/neuro-q033-how-does-evaluation-wait-times-work.html,https://neuroevalguides.com/request-assistance/,neuro,How does evaluation wait times work?,1,active,content/_live/insights.json
insight,insights/neuro-q034-what-should-i-verify-about-evaluation-wait-times.html,https://neuroevalguides.com/request-assistance/,neuro,What should I verify about evaluation wait times?,1,active,content/_live/insights.json
insight,insights/neuro-q035-what-mistakes-cause-problems-with-evaluation-wait-times.html,https://neuroevalguides.com/request-assistance/,neuro,What mistakes cause problems with evaluation wait times?,1,active,content/_live/insights.json
insight,insights/neuro-q036-when-should-i-get-professional-help-with-evaluation-wait-times.html,https://neuroevalguides.com/request-assistance/,neuro,When should I get professional help with evaluation wait times?,1,active,content/_live/insights.json
insight,insights/neuro-q037-how-does-repeat-and-updated-evaluations-work.html,https://neuroevalguides.com/request-assistance/,neuro,How does repeat and updated evaluations work?,1,active,content/_live/insights.json
insight,insights/neuro-q038-what-should-i-verify-about-repeat-and-updated-evaluations.html,https://neuroevalguides.com/request-assistance/,neuro,What should I verify about repeat and updated evaluations?,1,active,content/_live/insights.json
insight,insights/neuro-q039-what-mistakes-cause-problems-with-repeat-and-updated-evaluations.html,https://neuroevalguides.com/request-assistance/,neuro,What mistakes cause problems with repeat and updated evaluations?,1,active,content/_live/insights.json
insight,insights/neuro-q040-when-should-i-get-professional-help-with-repeat-and-updated-evaluations.html,https://neuroevalguides.com/request-assistance/,neuro,When should I get professional help with repeat and updated evaluations?,1,active,content/_live/insights.json
insight,insights/neuro-report-results-001-how-long-should-a-neuropsych-report-take-to-come-back.html,https://neuroevalguides.com,neuro,How Long Should A Neuropsych Report Take To Come Back,1,active,content/_live/insights.json
insight,insights/neuro-report-results-002-what-should-i-do-if-i-do-not-understand-the-evaluation-report.html,https://neuroevalguides.com,neuro,What Should I Do If I Do Not Understand The Evaluation Report,1,active,content/_live/insights.json
insight,insights/neuro-report-results-003-can-i-ask-follow-up-questions-after-testing-results-are-delivered.html,https://neuroevalguides.com,neuro,Can I Ask Follow Up Questions After Testing Results Are Delivered,1,active,content/_live/insights.json
insight,insights/neuro-report-results-004-what-happens-after-an-adhd-or-autism-diagnosis-is-confirmed.html,https://neuroevalguides.com,neuro,What Happens After An Adhd Or Autism Diagnosis Is Confirmed,1,active,content/_live/insights.json
insight,insights/neuro-situations-001-child-struggling-in-school-do-we-need-testing.html,https://neuroevalguides.com/neuro/situations/,neuro,Child struggling in school — do we need testing?,1,active,content/_live/insights.json
insight,insights/neuro-situations-002-adult-suspecting-adhd-where-to-start.html,https://neuroevalguides.com/neuro/situations/,neuro,Adult suspecting ADHD — where to start?,1,active,content/_live/insights.json
insight,insights/neuro-situations-003-concussion-symptoms-months-later-what-now.html,https://neuroevalguides.com/neuro/situations/,neuro,Concussion symptoms months later — what now?,1,active,content/_live/insights.json
insight,insights/neuro-situations-004-legal-case-needs-neuro-eval-what-to-expect.html,https://neuroevalguides.com/neuro/situations/,neuro,Legal case needs neuro eval — what to expect,1,active,content/_live/insights.json
insight,insights/neuro-situations-005-work-accommodations-what-testing-helps.html,https://neuroevalguides.com/neuro/situations/,neuro,Work accommodations — what testing helps,1,active,content/_live/insights.json
insight,insights/neuro-situations-006-college-accommodations-what-testing-helps.html,https://neuroevalguides.com/neuro/situations/,neuro,College accommodations — what testing helps,1,active,content/_live/insights.json
insight,insights/neuro-situations-007-autism-evaluation-for-child-what-to-expect.html,https://neuroevalguides.com/neuro/situations/,neuro,Autism evaluation for child — what to expect,1,active,content/_live/insights.json
insight,insights/neuro-situations-008-autism-evaluation-for-adult-what-to-expect.html,https://neuroevalguides.com/neuro/situations/,neuro,Autism evaluation for adult — what to expect,1,active,content/_live/insights.json
insight,insights/neuro-situations-009-memory-problems-what-testing-helps.html,https://neuroevalguides.com/neuro/situations/,neuro,Memory problems — what testing helps,1,active,content/_live/insights.json
insight,insights/neuro-situations-010-anxiety-vs-adhd-what-s-different.html,https://neuroevalguides.com/neuro/situations/,neuro,Anxiety vs ADHD — what’s different,1,active,content/_live/insights.json
insight,insights/neuro-situations-011-adhd-vs-learning-disability-what-s-different.html,https://neuroevalguides.com/neuro/situations/,neuro,ADHD vs learning disability — what’s different,1,active,content/_live/insights.json
insight,insights/neuro-situations-012-tbi-vs-adhd-what-s-different.html,https://neuroevalguides.com/neuro/situations/,neuro,TBI vs ADHD — what’s different,1,active,content/_live/insights.json
insight,insights/neuro-situations-013-sleep-issues-affecting-attention-what-to-do.html,https://neuroevalguides.com/neuro/situations/,neuro,Sleep issues affecting attention — what to do,1,active,content/_live/insights.json
insight,insights/neuro-situations-014-medication-questions-after-testing.html,https://neuroevalguides.com/neuro/situations/,neuro,Medication questions after testing,1,active,content/_live/insights.json
insight,insights/neuro-situations-015-school-won-t-accept-report-what-now.html,https://neuroevalguides.com/neuro/situations/,neuro,School won’t accept report — what now?,1,active,content/_live/insights.json
insight,insights/neuro-situations-016-insurance-denied-claim-what-now.html,https://neuroevalguides.com/neuro/situations/,neuro,Insurance denied claim — what now?,1,active,content/_live/insights.json
insight,insights/neuro-situations-017-need-testing-quickly-for-deadline-what-now.html,https://neuroevalguides.com/neuro/situations/,neuro,Need testing quickly for deadline — what now?,1,active,content/_live/insights.json
insight,insights/neuro-situations-018-child-has-anxiety-about-testing-what-to-do.html,https://neuroevalguides.com/neuro/situations/,neuro,Child has anxiety about testing — what to do,1,active,content/_live/insights.json
insight,insights/neuro-situations-019-how-to-prepare-for-evaluation-day.html,https://neuroevalguides.com/neuro/situations/,neuro,How to prepare for evaluation day,1,active,content/_live/insights.json
insight,insights/neuro-situations-020-what-to-bring-to-testing.html,https://neuroevalguides.com/neuro/situations/,neuro,What to bring to testing,1,active,content/_live/insights.json
insight,insights/neuro-situations-021-what-happens-after-results.html,https://neuroevalguides.com/neuro/situations/,neuro,What happens after results,1,active,content/_live/insights.json
insight,insights/neuro-situations-022-how-to-use-the-report.html,https://neuroevalguides.com/neuro/situations/,neuro,How to use the report,1,active,content/_live/insights.json
insight,insights/neuro-situations-023-who-should-receive-the-report.html,https://neuroevalguides.com/neuro/situations/,neuro,Who should receive the report,1,active,content/_live/insights.json
insight,insights/neuro-situations-024-can-the-report-be-updated-later.html,https://neuroevalguides.com/neuro/situations/,neuro,Can the report be updated later?,1,active,content/_live/insights.json
insight,insights/neuro-situations-025-do-i-need-re-testing.html,https://neuroevalguides.com/neuro/situations/,neuro,Do I need re-testing?,1,active,content/_live/insights.json
insight,insights/neuro-situations-026-adult-with-a-new-adhd-diagnosis-what-comes-next.html,https://neuroevalguides.com/neuro/situations/,neuro,Adult with a new ADHD diagnosis — what comes next?,1,active,content/_live/insights.json
insight,insights/neuro-situations-027-child-just-diagnosed-with-autism-how-do-we-choose-the-next-support.html,https://neuroevalguides.com/neuro/situations/,neuro,Child just diagnosed with autism — how do we choose the next support?,1,active,content/_live/insights.json
insight,insights/neuro-therapy-after-evaluation-001-what-should-i-do-after-an-adhd-diagnosis.html,https://neuroevalguides.com/autism-therapy-selection/,neuro,What Should I Do After An Adhd Diagnosis,1,active,content/_live/insights.json
insight,insights/neuro-therapy-after-evaluation-002-do-i-need-therapy-after-adhd-testing.html,https://neuroevalguides.com/autism-therapy-selection/,neuro,Do I Need Therapy After Adhd Testing,1,active,content/_live/insights.json
insight,insights/neuro-therapy-after-evaluation-003-can-i-use-my-adhd-evaluation-report-to-find-a-therapist-faster.html,https://neuroevalguides.com/autism-therapy-selection/,neuro,Can I Use My Adhd Evaluation Report To Find A Therapist Faster,1,active,content/_live/insights.json
insight,insights/neuro-therapy-after-evaluation-004-what-should-i-do-after-an-autism-evaluation.html,https://neuroevalguides.com/autism-therapy-selection/,neuro,What Should I Do After An Autism Evaluation,1,active,content/_live/insights.json
insight,insights/neuro-therapy-after-evaluation-005-what-kind-of-therapy-usually-comes-after-an-autism-diagnosis.html,https://neuroevalguides.com/autism-therapy-selection/,neuro,What Kind Of Therapy Usually Comes After An Autism Diagnosis,1,active,content/_live/insights.json
insight,insights/neuro-therapy-after-evaluation-006-what-records-should-i-bring-from-an-autism-evaluation-to-therapy-intak.html,https://neuroevalguides.com/autism-therapy-selection/,neuro,What Records Should I Bring From An Autism Evaluation To Therapy Intake,1,active,content/_live/insights.json
insight,insights/neuro-therapy-red-flags-and-fit-001-what-are-red-flags-in-an-aba-clinic.html,https://neuroevalguides.com/autism-therapy-selection/,neuro,What Are Red Flags In An Aba Clinic,1,active,content/_live/insights.json
insight,insights/neuro-therapy-red-flags-and-fit-002-is-remote-supervision-in-aba-a-red-flag.html,https://neuroevalguides.com/autism-therapy-selection/,neuro,Is Remote Supervision In Aba A Red Flag,1,active,content/_live/insights.json
insight,insights/neuro-therapy-red-flags-and-fit-003-how-often-should-a-bcba-actually-be-involved.html,https://neuroevalguides.com/autism-therapy-selection/,neuro,How Often Should A Bcba Actually Be Involved,1,active,content/_live/insights.json
insight,insights/neuro-therapy-red-flags-and-fit-004-what-if-my-child-keeps-getting-new-therapists.html,https://neuroevalguides.com/autism-therapy-selection/,neuro,What If My Child Keeps Getting New Therapists,1,active,content/_live/insights.json
insight,insights/neuro-therapy-red-flags-and-fit-005-what-are-red-flags-when-choosing-an-adhd-therapist.html,https://neuroevalguides.com/autism-therapy-selection/,neuro,What Are Red Flags When Choosing An Adhd Therapist,1,active,content/_live/insights.json
insight,insights/neuro-therapy-red-flags-and-fit-006-what-should-i-do-if-the-first-therapist-is-not-a-good-fit-for-adhd.html,https://neuroevalguides.com/autism-therapy-selection/,neuro,What Should I Do If The First Therapist Is Not A Good Fit For Adhd,1,active,content/_live/insights.json
insight,insights/neuro-trust-questions-001-how-do-i-know-a-neuropsychologist-is-legit.html,https://neuroevalguides.com/neuro/trust-questions/,neuro,How do I know a neuropsychologist is legit?,1,active,content/_live/insights.json
insight,insights/neuro-trust-questions-002-neuropsych-scam-signs.html,https://neuroevalguides.com/neuro/trust-questions/,neuro,Neuropsych scam signs,1,active,content/_live/insights.json
insight,insights/neuro-trust-questions-003-red-flags-during-intake.html,https://neuroevalguides.com/neuro/trust-questions/,neuro,Red flags during intake,1,active,content/_live/insights.json
insight,insights/neuro-trust-questions-004-what-questions-should-i-ask-before-booking.html,https://neuroevalguides.com/neuro/trust-questions/,neuro,What questions should I ask before booking?,1,active,content/_live/insights.json
insight,insights/neuro-trust-questions-005-what-should-be-in-the-report.html,https://neuroevalguides.com/neuro/trust-questions/,neuro,What should be in the report?,1,active,content/_live/insights.json
insight,insights/neuro-trust-questions-006-will-they-talk-to-my-school-doctor.html,https://neuroevalguides.com/neuro/trust-questions/,neuro,Will they talk to my school/doctor?,1,active,content/_live/insights.json
insight,insights/neuro-trust-questions-007-can-i-get-raw-scores.html,https://neuroevalguides.com/neuro/trust-questions/,neuro,Can I get raw scores?,1,active,content/_live/insights.json
insight,insights/neuro-trust-questions-008-how-do-i-get-a-second-opinion.html,https://neuroevalguides.com/neuro/trust-questions/,neuro,How do I get a second opinion?,1,active,content/_live/insights.json
insight,insights/neuro-trust-questions-009-how-to-compare-2-3-providers.html,https://neuroevalguides.com/neuro/trust-questions/,neuro,How to compare 2–3 providers,1,active,content/_live/insights.json
insight,insights/neuro-trust-questions-010-how-to-check-licensing.html,https://neuroevalguides.com/neuro/trust-questions/,neuro,How to check licensing,1,active,content/_live/insights.json
insight,insights/neuro-trust-questions-011-how-to-check-experience-with-kids.html,https://neuroevalguides.com/neuro/trust-questions/,neuro,How to check experience with kids,1,active,content/_live/insights.json
insight,insights/neuro-trust-questions-012-how-to-check-experience-with-adhd.html,https://neuroevalguides.com/neuro/trust-questions/,neuro,How to check experience with ADHD,1,active,content/_live/insights.json
insight,insights/neuro-trust-questions-013-how-to-check-experience-with-tbi.html,https://neuroevalguides.com/neuro/trust-questions/,neuro,How to check experience with TBI,1,active,content/_live/insights.json
insight,insights/neuro-trust-questions-014-provider-won-t-explain-process-red-flag.html,https://neuroevalguides.com/neuro/trust-questions/,neuro,Provider won’t explain process — red flag?,1,active,content/_live/insights.json
insight,insights/neuro-trust-questions-015-provider-guarantees-a-diagnosis-red-flag.html,https://neuroevalguides.com/neuro/trust-questions/,neuro,Provider guarantees a diagnosis — red flag?,1,active,content/_live/insights.json
insight,insights/neuro-trust-questions-016-how-to-read-reviews-safely.html,https://neuroevalguides.com/neuro/trust-questions/,neuro,How to read reviews safely,1,active,content/_live/insights.json
insight,insights/neuro-trust-questions-017-what-if-i-feel-rushed.html,https://neuroevalguides.com/neuro/trust-questions/,neuro,What if I feel rushed?,1,active,content/_live/insights.json
insight,insights/neuro-trust-questions-018-what-if-the-provider-is-rude.html,https://neuroevalguides.com/neuro/trust-questions/,neuro,What if the provider is rude?,1,active,content/_live/insights.json
insight,insights/neuro-trust-questions-019-what-if-the-report-is-unclear.html,https://neuroevalguides.com/neuro/trust-questions/,neuro,What if the report is unclear?,1,active,content/_live/insights.json
insight,insights/neuro-trust-questions-020-how-to-request-corrections.html,https://neuroevalguides.com/neuro/trust-questions/,neuro,How to request corrections,1,active,content/_live/insights.json
insight,insights/neuro-trust-questions-021-how-to-switch-providers.html,https://neuroevalguides.com/neuro/trust-questions/,neuro,How to switch providers,1,active,content/_live/insights.json
insight,insights/neuro-trust-questions-022-can-i-bring-someone-with-me.html,https://neuroevalguides.com/neuro/trust-questions/,neuro,Can I bring someone with me?,1,active,content/_live/insights.json
insight,insights/neuro-trust-questions-023-do-they-offer-accommodations.html,https://neuroevalguides.com/neuro/trust-questions/,neuro,Do they offer accommodations?,1,active,content/_live/insights.json
insight,insights/neuro-trust-questions-024-do-they-do-telehealth-parts.html,https://neuroevalguides.com/neuro/trust-questions/,neuro,Do they do telehealth parts?,1,active,content/_live/insights.json
insight,insights/neuro-trust-questions-025-how-to-protect-privacy.html,https://neuroevalguides.com/neuro/trust-questions/,neuro,How to protect privacy,1,active,content/_live/insights.json
insight,insights/neuro-trust-questions-026-what-are-red-flags-in-an-aba-clinic.html,https://neuroevalguides.com/neuro/trust-questions/,neuro,What are red flags in an ABA clinic?,1,active,content/_live/insights.json
insight,insights/neuro-trust-questions-027-what-are-red-flags-when-choosing-an-adhd-therapist.html,https://neuroevalguides.com/neuro/trust-questions/,neuro,What are red flags when choosing an ADHD therapist?,1,active,content/_live/insights.json
insight,insights/neuro-trust-questions-028-how-to-choose-a-neuropsychological-evaluation-provider.html,https://neuroevalguides.com/neuro/trust-questions/,neuro,How to choose a neuropsychological evaluation provider,1,active,content/_live/insights.json
insight,insights/neuro-trust-questions-029-red-flags-when-choosing-a-neuropsychological-evaluation-provider.html,https://neuroevalguides.com/neuro/trust-questions/,neuro,Red flags when choosing a neuropsychological evaluation provider,1,active,content/_live/insights.json
insight,insights/personal-injury-001-the-industry-guides-personal-injury-claim-lifecycle.html,https://theaccidentguides.com/personal-injury/,personal_injury,The Industry Guides Personal Injury Claim Lifecycle,1,active,content/_live/insights.json
insight,insights/personal-injury-002-do-i-need-a-personal-injury-lawyer.html,https://theaccidentguides.com/personal-injury/,personal_injury,Do I need a personal injury lawyer?,1,active,content/_live/insights.json
insight,insights/personal-injury-003-how-to-compare-local-personal-injury-lawyers-safely.html,https://theaccidentguides.com/personal-injury/,personal_injury,How to compare local personal injury lawyers safely,1,active,content/_live/insights.json
insight,insights/personal-injury-004-how-to-evaluate-car-accident-lawyer-options.html,https://theaccidentguides.com/personal-injury/,personal_injury,How to evaluate car-accident lawyer options,1,active,content/_live/insights.json
insight,insights/personal-injury-005-how-to-compare-accident-attorneys-without-relying-on-slogans.html,https://theaccidentguides.com/personal-injury/,personal_injury,How to compare accident attorneys without relying on slogans,1,active,content/_live/insights.json
insight,insights/personal-injury-006-how-does-a-contingency-fee-work.html,https://theaccidentguides.com/personal-injury/,personal_injury,How does a contingency fee work?,1,active,content/_live/insights.json
insight,insights/personal-injury-007-what-should-i-ask-in-a-free-consultation.html,https://theaccidentguides.com/personal-injury/,personal_injury,What should I ask in a free consultation?,1,active,content/_live/insights.json
insight,insights/personal-injury-008-how-fast-can-i-talk-to-a-lawyer-today.html,https://theaccidentguides.com/personal-injury/,personal_injury,How fast can I talk to a lawyer today?,1,active,content/_live/insights.json
insight,insights/personal-injury-009-can-i-switch-lawyers-if-i-m-unhappy.html,https://theaccidentguides.com/personal-injury/,personal_injury,Can I switch lawyers if I’m unhappy?,1,active,content/_live/insights.json
insight,insights/personal-injury-010-how-do-i-avoid-injury-lawyer-scams.html,https://theaccidentguides.com/personal-injury/,personal_injury,How do I avoid injury lawyer scams?,1,active,content/_live/insights.json
insight,insights/personal-injury-011-should-i-pick-a-big-firm-or-a-local-firm.html,https://theaccidentguides.com/personal-injury/,personal_injury,Should I pick a big firm or a local firm?,1,active,content/_live/insights.json
insight,insights/personal-injury-012-will-my-case-go-to-trial.html,https://theaccidentguides.com/personal-injury/,personal_injury,Will my case go to trial?,1,active,content/_live/insights.json
insight,insights/personal-injury-013-how-long-do-cases-usually-take.html,https://theaccidentguides.com/personal-injury/,personal_injury,How long do cases usually take?,1,active,content/_live/insights.json
insight,insights/personal-injury-014-how-do-i-pick-the-right-lawyer-for-my-accident-type.html,https://theaccidentguides.com/personal-injury/,personal_injury,How do I pick the right lawyer for my accident type?,1,active,content/_live/insights.json
insight,insights/personal-injury-015-do-i-have-to-talk-to-insurance-first.html,https://theaccidentguides.com/personal-injury/,personal_injury,Do I have to talk to insurance first?,1,active,content/_live/insights.json
insight,insights/personal-injury-016-can-a-lawyer-help-with-medical-bills.html,https://theaccidentguides.com/personal-injury/,personal_injury,Can a lawyer help with medical bills?,1,active,content/_live/insights.json
insight,insights/personal-injury-017-how-to-pressure-test-local-accident-lawyer-options.html,https://theaccidentguides.com/personal-injury/,personal_injury,How to pressure-test local accident-lawyer options,1,active,content/_live/insights.json
insight,insights/personal-injury-018-what-to-ask-when-comparing-car-accident-attorneys.html,https://theaccidentguides.com/personal-injury/,personal_injury,What to ask when comparing car-accident attorneys,1,active,content/_live/insights.json
insight,insights/personal-injury-019-how-to-compare-2-3-injury-lawyers-fast.html,https://theaccidentguides.com/personal-injury/,personal_injury,How to compare 2–3 injury lawyers fast,1,active,content/_live/insights.json
insight,insights/personal-injury-020-how-to-check-licensing-and-discipline.html,https://theaccidentguides.com/personal-injury/,personal_injury,How to check licensing and discipline,1,active,content/_live/insights.json
insight,insights/personal-injury-021-free-consultation-what-to-bring.html,https://theaccidentguides.com/personal-injury/,personal_injury,Free consultation — what to bring,1,active,content/_live/insights.json
insight,insights/personal-injury-022-what-documents-matter-most.html,https://theaccidentguides.com/personal-injury/,personal_injury,What documents matter most,1,active,content/_live/insights.json
insight,insights/personal-injury-023-what-to-do-if-you-re-hurt-but-unsure.html,https://theaccidentguides.com/personal-injury/,personal_injury,What to do if you’re hurt but unsure,1,active,content/_live/insights.json
insight,insights/personal-injury-024-how-to-avoid-saying-the-wrong-thing-to-insurance.html,https://theaccidentguides.com/personal-injury/,personal_injury,How to avoid saying the wrong thing to insurance,1,active,content/_live/insights.json
insight,insights/personal-injury-025-what-to-do-if-the-other-driver-is-uninsured.html,https://theaccidentguides.com/personal-injury/,personal_injury,What to do if the other driver is uninsured,1,active,content/_live/insights.json
insight,insights/personal-injury-026-what-to-do-if-the-other-driver-fled.html,https://theaccidentguides.com/personal-injury/,personal_injury,What to do if the other driver fled,1,active,content/_live/insights.json
insight,insights/personal-injury-027-what-to-do-if-you-re-partly-at-fault.html,https://theaccidentguides.com/personal-injury/,personal_injury,What to do if you’re partly at fault,1,active,content/_live/insights.json
insight,insights/personal-injury-028-when-to-hire-a-lawyer-vs-wait.html,https://theaccidentguides.com/personal-injury/,personal_injury,When to hire a lawyer vs wait,1,active,content/_live/insights.json
insight,insights/personal-injury-029-how-to-choose-a-lawyer-for-truck-accidents.html,https://theaccidentguides.com/personal-injury/,personal_injury,How to choose a lawyer for truck accidents,1,active,content/_live/insights.json
insight,insights/personal-injury-030-how-to-choose-a-lawyer-for-serious-injuries.html,https://theaccidentguides.com/personal-injury/,personal_injury,How to choose a lawyer for serious injuries,1,active,content/_live/insights.json
insight,insights/personal-injury-031-how-to-choose-a-lawyer-if-you-missed-work.html,https://theaccidentguides.com/personal-injury/,personal_injury,How to choose a lawyer if you missed work,1,active,content/_live/insights.json
insight,insights/personal-injury-032-no-win-no-fee-workplace-injury-lawyer-near-me.html,https://theaccidentguides.com/personal-injury/,personal_injury,No Win No Fee Workplace Injury Lawyer Near Me,1,active,content/_live/insights.json
insight,insights/personal-injury-033-experienced-workplace-injury-lawyer-near-me.html,https://theaccidentguides.com/personal-injury/,personal_injury,Experienced Workplace Injury Lawyer Near Me,1,active,content/_live/insights.json
insight,insights/personal-injury-034-trusted-workplace-injury-lawyer-near-me.html,https://theaccidentguides.com/personal-injury/,personal_injury,Trusted Workplace Injury Lawyer Near Me,1,active,content/_live/insights.json
insight,insights/personal-injury-035-good-workplace-injury-lawyer-near-me.html,https://theaccidentguides.com/personal-injury/,personal_injury,Good Workplace Injury Lawyer Near Me,1,active,content/_live/insights.json
insight,insights/personal-injury-036-highly-reviewed-workplace-injury-lawyer-near-me.html,https://theaccidentguides.com/personal-injury/,personal_injury,Highly Reviewed Workplace Injury Lawyer Near Me,1,active,content/_live/insights.json
insight,insights/personal-injury-037-best-car-accident-lawyer-near-me.html,https://theaccidentguides.com/personal-injury/,personal_injury,Best Car Accident Lawyer Near Me,1,active,content/_live/insights.json
insight,insights/personal-injury-038-top-rated-car-accident-lawyer-near-me.html,https://theaccidentguides.com/personal-injury/,personal_injury,Top Rated Car Accident Lawyer Near Me,1,active,content/_live/insights.json
insight,insights/personal-injury-039-affordable-car-accident-lawyer-near-me.html,https://theaccidentguides.com/personal-injury/,personal_injury,Affordable Car Accident Lawyer Near Me,1,active,content/_live/insights.json
insight,insights/personal-injury-040-near-me-car-accident-lawyer-near-me.html,https://theaccidentguides.com/personal-injury/,personal_injury,Near Me Car Accident Lawyer Near Me,1,active,content/_live/insights.json
insight,insights/personal-injury-041-free-consultation-car-accident-lawyer-near-me.html,https://theaccidentguides.com/personal-injury/,personal_injury,Free Consultation Car Accident Lawyer Near Me,1,active,content/_live/insights.json
insight,insights/personal-injury-042-no-win-no-fee-car-accident-lawyer-near-me.html,https://theaccidentguides.com/personal-injury/,personal_injury,No Win No Fee Car Accident Lawyer Near Me,1,active,content/_live/insights.json
insight,insights/personal-injury-043-what-to-do-after-a-car-accident-step-by-step.html,https://theaccidentguides.com/personal-injury/,personal_injury,What to do after a car accident step by step,1,active,content/_live/insights.json
insight,insights/personal-injury-044-should-i-give-a-recorded-statement-to-the-insurance-company-after-an-a.html,https://theaccidentguides.com/personal-injury/,personal_injury,Should I give a recorded statement to the insurance company after an accident,1,active,content/_live/insights.json
insight,insights/personal-injury-045-can-i-sue-for-pain-and-suffering-after-a-car-accident.html,https://theaccidentguides.com/personal-injury/,personal_injury,Can I sue for pain and suffering after a car accident,1,active,content/_live/insights.json
insight,insights/personal-injury-046-how-should-you-compare-personal-injury-lawyers-without-relying-on-best.html,https://theaccidentguides.com/personal-injury/,personal_injury,How should you compare personal injury lawyers without relying on “best lawyer” lists?,1,active,content/_live/insights.json
insight,insights/personal-injury-047-near-me-truck-accident-lawyer-near-me.html,https://theaccidentguides.com/personal-injury/,personal_injury,Near Me Truck Accident Lawyer Near Me,1,active,content/_live/insights.json
insight,insights/personal-injury-048-near-me-hit-and-run-lawyer-near-me.html,https://theaccidentguides.com/personal-injury/,personal_injury,Near Me Hit And Run Lawyer Near Me,1,active,content/_live/insights.json
insight,insights/personal-injury-049-free-consultation-hit-and-run-lawyer-near-me.html,https://theaccidentguides.com/personal-injury/,personal_injury,Free Consultation Hit And Run Lawyer Near Me,1,active,content/_live/insights.json
insight,insights/personal-injury-050-no-win-no-fee-hit-and-run-lawyer-near-me.html,https://theaccidentguides.com/personal-injury/,personal_injury,No Win No Fee Hit And Run Lawyer Near Me,1,active,content/_live/insights.json
insight,insights/personal-injury-051-experienced-hit-and-run-lawyer-near-me.html,https://theaccidentguides.com/personal-injury/,personal_injury,Experienced Hit And Run Lawyer Near Me,1,active,content/_live/insights.json
insight,insights/personal-injury-052-trusted-hit-and-run-lawyer-near-me.html,https://theaccidentguides.com/personal-injury/,personal_injury,Trusted Hit And Run Lawyer Near Me,1,active,content/_live/insights.json
insight,insights/personal-injury-053-good-hit-and-run-lawyer-near-me.html,https://theaccidentguides.com/personal-injury/,personal_injury,Good Hit And Run Lawyer Near Me,1,active,content/_live/insights.json
insight,insights/personal-injury-054-highly-reviewed-hit-and-run-lawyer-near-me.html,https://theaccidentguides.com/personal-injury/,personal_injury,Highly Reviewed Hit And Run Lawyer Near Me,1,active,content/_live/insights.json
insight,insights/personal-injury-055-best-uninsured-driver-lawyer-near-me.html,https://theaccidentguides.com/personal-injury/,personal_injury,Best Uninsured Driver Lawyer Near Me,1,active,content/_live/insights.json
insight,insights/personal-injury-056-top-rated-uninsured-driver-lawyer-near-me.html,https://theaccidentguides.com/personal-injury/,personal_injury,Top Rated Uninsured Driver Lawyer Near Me,1,active,content/_live/insights.json
insight,insights/personal-injury-057-affordable-uninsured-driver-lawyer-near-me.html,https://theaccidentguides.com/personal-injury/,personal_injury,Affordable Uninsured Driver Lawyer Near Me,1,active,content/_live/insights.json
insight,insights/personal-injury-058-near-me-uninsured-driver-lawyer-near-me.html,https://theaccidentguides.com/personal-injury/,personal_injury,Near Me Uninsured Driver Lawyer Near Me,1,active,content/_live/insights.json
insight,insights/personal-injury-059-free-consultation-uninsured-driver-lawyer-near-me.html,https://theaccidentguides.com/personal-injury/,personal_injury,Free Consultation Uninsured Driver Lawyer Near Me,1,active,content/_live/insights.json
insight,insights/personal-injury-060-no-win-no-fee-uninsured-driver-lawyer-near-me.html,https://theaccidentguides.com/personal-injury/,personal_injury,No Win No Fee Uninsured Driver Lawyer Near Me,1,active,content/_live/insights.json
insight,insights/personal-injury-061-experienced-uninsured-driver-lawyer-near-me.html,https://theaccidentguides.com/personal-injury/,personal_injury,Experienced Uninsured Driver Lawyer Near Me,1,active,content/_live/insights.json
insight,insights/personal-injury-062-trusted-uninsured-driver-lawyer-near-me.html,https://theaccidentguides.com/personal-injury/,personal_injury,Trusted Uninsured Driver Lawyer Near Me,1,active,content/_live/insights.json
insight,insights/personal-injury-063-good-uninsured-driver-lawyer-near-me.html,https://theaccidentguides.com/personal-injury/,personal_injury,Good Uninsured Driver Lawyer Near Me,1,active,content/_live/insights.json
insight,insights/personal-injury-064-highly-reviewed-uninsured-driver-lawyer-near-me.html,https://theaccidentguides.com/personal-injury/,personal_injury,Highly Reviewed Uninsured Driver Lawyer Near Me,1,active,content/_live/insights.json
insight,insights/personal-injury-065-best-workplace-injury-lawyer-near-me.html,https://theaccidentguides.com/personal-injury/,personal_injury,Best Workplace Injury Lawyer Near Me,1,active,content/_live/insights.json
insight,insights/personal-injury-066-top-rated-workplace-injury-lawyer-near-me.html,https://theaccidentguides.com/personal-injury/,personal_injury,Top Rated Workplace Injury Lawyer Near Me,1,active,content/_live/insights.json
insight,insights/personal-injury-067-affordable-workplace-injury-lawyer-near-me.html,https://theaccidentguides.com/personal-injury/,personal_injury,Affordable Workplace Injury Lawyer Near Me,1,active,content/_live/insights.json
insight,insights/personal-injury-068-near-me-workplace-injury-lawyer-near-me.html,https://theaccidentguides.com/personal-injury/,personal_injury,Near Me Workplace Injury Lawyer Near Me,1,active,content/_live/insights.json
insight,insights/personal-injury-069-free-consultation-workplace-injury-lawyer-near-me.html,https://theaccidentguides.com/personal-injury/,personal_injury,Free Consultation Workplace Injury Lawyer Near Me,1,active,content/_live/insights.json
insight,insights/personal-injury-072-how-much-is-my-whiplash-case-worth-in-florida.html,https://theaccidentguides.com/personal-injury/,personal_injury,How much is my whiplash case worth in Florida?,1,active,content/_live/insights.json
insight,insights/personal-injury-073-what-is-the-average-settlement-for-a-rear-end-collision-with-a-herniat.html,https://theaccidentguides.com/personal-injury/,personal_injury,What is the average settlement for a rear-end collision with a herniated disc?,1,active,content/_live/insights.json
insight,insights/personal-injury-074-what-is-the-maximum-payout-for-a-slip-and-fall-at-a-grocery-store.html,https://theaccidentguides.com/personal-injury/,personal_injury,What is the maximum payout for a slip and fall at a grocery store?,1,active,content/_live/insights.json
insight,insights/personal-injury-best-top-near-me-001-how-do-i-find-the-best-personal-injury-lawyer-near-me.html,https://theaccidentguides.com/personal-injury/best-top-near-me,personal_injury,How Do I Find The Best Personal Injury Lawyer Near Me,1,active,content/_live/insights.json
insight,insights/personal-injury-best-top-near-me-002-personal-injury-attorney-recommendations-in-los-angeles.html,https://theaccidentguides.com/personal-injury/best-top-near-me,personal_injury,Personal Injury Attorney Recommendations In Los Angeles,1,active,content/_live/insights.json
insight,insights/personal-injury-best-top-near-me-003-who-are-the-best-personal-injury-lawyers-in-chicago-illinois.html,https://theaccidentguides.com/personal-injury/best-top-near-me,personal_injury,Who Are The Best Personal Injury Lawyers In Chicago Illinois,1,active,content/_live/insights.json
insight,insights/personal-injury-best-top-near-me-004-does-local-experience-matter-when-choosing-a-personal-injury-lawyer.html,https://theaccidentguides.com/personal-injury/best-top-near-me,personal_injury,Does Local Experience Matter When Choosing A Personal Injury Lawyer,1,active,content/_live/insights.json
insight,insights/personal-injury-cost-fees-001-how-much-does-a-personal-injury-lawyer-cost-and-how-do-contingency-fee.html,https://theaccidentguides.com/personal-injury/cost-fees,personal_injury,How Much Does A Personal Injury Lawyer Cost And How Do Contingency Fees Work,1,active,content/_live/insights.json
insight,insights/personal-injury-cost-fees-002-what-percentage-does-a-personal-injury-lawyer-take.html,https://theaccidentguides.com/personal-injury/cost-fees,personal_injury,What Percentage Does A Personal Injury Lawyer Take,1,active,content/_live/insights.json
insight,insights/personal-injury-cost-fees-003-what-do-you-pay-if-you-lose-a-personal-injury-case.html,https://theaccidentguides.com/personal-injury/cost-fees,personal_injury,What Do You Pay If You Lose A Personal Injury Case,1,active,content/_live/insights.json
insight,insights/personal-injury-cost-fees-004-how-do-case-expenses-affect-my-settlement-payout.html,https://theaccidentguides.com/personal-injury/cost-fees,personal_injury,How Do Case Expenses Affect My Settlement Payout,1,active,content/_live/insights.json
insight,insights/personal-injury-evidence-documents-001-what-evidence-matters-most-after-a-car-accident.html,https://theaccidentguides.com/guides/evidence-checklist-after-an-accident,personal_injury,What Evidence Matters Most After A Car Accident,1,active,content/_live/insights.json
insight,insights/personal-injury-evidence-documents-002-should-i-send-medical-records-directly-to-insurance.html,https://theaccidentguides.com/guides/evidence-checklist-after-an-accident,personal_injury,Should I Send Medical Records Directly To Insurance,1,active,content/_live/insights.json
insight,insights/personal-injury-evidence-documents-003-what-photos-should-i-keep-after-an-injury-accident.html,https://theaccidentguides.com/guides/evidence-checklist-after-an-accident,personal_injury,What Photos Should I Keep After An Injury Accident,1,active,content/_live/insights.json
insight,insights/personal-injury-evidence-documents-004-what-should-i-save-after-a-crash-besides-the-police-report.html,https://theaccidentguides.com/guides/evidence-checklist-after-an-accident,personal_injury,What Should I Save After A Crash Besides The Police Report,1,active,content/_live/insights.json
insight,insights/personal-injury-evidence-documents-005-do-i-need-every-bill-before-talking-to-a-lawyer.html,https://theaccidentguides.com/guides/evidence-checklist-after-an-accident,personal_injury,Do I Need Every Bill Before Talking To A Lawyer,1,active,content/_live/insights.json
insight,insights/personal-injury-evidence-documents-006-do-photos-really-matter-if-the-crash-seemed-minor.html,https://theaccidentguides.com/guides/evidence-checklist-after-an-accident,personal_injury,Do Photos Really Matter If The Crash Seemed Minor,1,active,content/_live/insights.json
insight,insights/personal-injury-insurance-fault-001-should-i-give-a-recorded-statement-to-the-insurance-company.html,https://theaccidentguides.com/personal-injury/insurance-fault,personal_injury,Should I Give A Recorded Statement To The Insurance Company,1,active,content/_live/insights.json
insight,insights/personal-injury-insurance-fault-002-what-if-the-insurance-adjuster-calls-me-every-day.html,https://theaccidentguides.com/personal-injury/insurance-fault,personal_injury,What If The Insurance Adjuster Calls Me Every Day,1,active,content/_live/insights.json
insight,insights/personal-injury-insurance-fault-003-can-i-still-recover-money-if-i-was-partly-at-fault.html,https://theaccidentguides.com/personal-injury/insurance-fault,personal_injury,Can I Still Recover Money If I Was Partly At Fault,1,active,content/_live/insights.json
insight,insights/personal-injury-insurance-fault-004-what-happens-if-the-other-driver-has-no-insurance.html,https://theaccidentguides.com/personal-injury/insurance-fault,personal_injury,What Happens If The Other Driver Has No Insurance,1,active,content/_live/insights.json
insight,insights/personal-injury-medical-treatment-001-should-i-go-to-urgent-care-or-the-er-after-a-crash.html,https://theaccidentguides.com/personal-injury/situations,personal_injury,Should I Go To Urgent Care Or The Er After A Crash,1,active,content/_live/insights.json
insight,insights/personal-injury-medical-treatment-002-should-i-go-to-the-er-or-urgent-care-after-a-car-accident.html,https://theaccidentguides.com/personal-injury/situations,personal_injury,Should I Go To The Er Or Urgent Care After A Car Accident,1,active,content/_live/insights.json
insight,insights/personal-injury-medical-treatment-003-does-delaying-treatment-hurt-my-injury-claim.html,https://theaccidentguides.com/personal-injury/situations,personal_injury,Does Delaying Treatment Hurt My Injury Claim,1,active,content/_live/insights.json
insight,insights/personal-injury-medical-treatment-004-is-it-bad-if-i-waited-a-few-days-to-get-checked-after-a-crash.html,https://theaccidentguides.com/personal-injury/situations,personal_injury,Is It Bad If I Waited A Few Days To Get Checked After A Crash,1,active,content/_live/insights.json
insight,insights/personal-injury-medical-treatment-005-can-i-choose-my-own-doctor-after-an-accident.html,https://theaccidentguides.com/personal-injury/situations,personal_injury,Can I Choose My Own Doctor After An Accident,1,active,content/_live/insights.json
insight,insights/personal-injury-medical-treatment-006-what-if-i-stopped-treatment-because-of-cost.html,https://theaccidentguides.com/personal-injury/situations,personal_injury,What If I Stopped Treatment Because Of Cost,1,active,content/_live/insights.json
insight,insights/personal-injury-process-timeline-001-how-long-does-a-personal-injury-case-usually-take.html,https://theaccidentguides.com/personal-injury/process-timeline,personal_injury,How Long Does A Personal Injury Case Usually Take,1,active,content/_live/insights.json
insight,insights/personal-injury-process-timeline-002-when-should-i-talk-to-a-lawyer-after-an-accident.html,https://theaccidentguides.com/personal-injury/process-timeline,personal_injury,When Should I Talk To A Lawyer After An Accident,1,active,content/_live/insights.json
insight,insights/personal-injury-process-timeline-003-what-happens-after-i-sign-with-an-injury-lawyer.html,https://theaccidentguides.com/personal-injury/process-timeline,personal_injury,What Happens After I Sign With An Injury Lawyer,1,active,content/_live/insights.json
insight,insights/personal-injury-process-timeline-004-how-long-does-settlement-negotiation-usually-last.html,https://theaccidentguides.com/personal-injury/process-timeline,personal_injury,How Long Does Settlement Negotiation Usually Last,1,active,content/_live/insights.json
insight,insights/personal-injury-q001-how-does-statute-of-limitations-deadlines-work.html,https://theaccidentguides.com/request-assistance/,personal_injury,How does statute-of-limitations deadlines work?,1,active,content/_live/insights.json
insight,insights/personal-injury-q002-what-should-i-verify-about-statute-of-limitations-deadlines.html,https://theaccidentguides.com/request-assistance/,personal_injury,What should I verify about statute-of-limitations deadlines?,1,active,content/_live/insights.json
insight,insights/personal-injury-q003-what-mistakes-cause-problems-with-statute-of-limitations-deadlines.html,https://theaccidentguides.com/request-assistance/,personal_injury,What mistakes cause problems with statute-of-limitations deadlines?,1,active,content/_live/insights.json
insight,insights/personal-injury-q004-how-should-i-compare-options-involving-statute-of-limitations-deadlines.html,https://theaccidentguides.com/request-assistance/,personal_injury,How should I compare options involving statute-of-limitations deadlines?,1,active,content/_live/insights.json
insight,insights/personal-injury-q005-when-should-i-talk-to-a-lawyer-about-statute-of-limitations-deadlines.html,https://theaccidentguides.com/request-assistance/,personal_injury,When should I talk to a lawyer about statute-of-limitations deadlines?,1,active,content/_live/insights.json
insight,insights/personal-injury-q006-how-does-comparative-and-contributory-fault-work.html,https://theaccidentguides.com/request-assistance/,personal_injury,How does comparative and contributory fault work?,1,active,content/_live/insights.json
insight,insights/personal-injury-q007-what-should-i-verify-about-comparative-and-contributory-fault.html,https://theaccidentguides.com/request-assistance/,personal_injury,What should I verify about comparative and contributory fault?,1,active,content/_live/insights.json
insight,insights/personal-injury-q008-what-mistakes-cause-problems-with-comparative-and-contributory-fault.html,https://theaccidentguides.com/request-assistance/,personal_injury,What mistakes cause problems with comparative and contributory fault?,1,active,content/_live/insights.json
insight,insights/personal-injury-q009-how-should-i-compare-options-involving-comparative-and-contributory-fault.html,https://theaccidentguides.com/request-assistance/,personal_injury,How should I compare options involving comparative and contributory fault?,1,active,content/_live/insights.json
insight,insights/personal-injury-q010-when-should-i-talk-to-a-lawyer-about-comparative-and-contributory-fault.html,https://theaccidentguides.com/request-assistance/,personal_injury,When should I talk to a lawyer about comparative and contributory fault?,1,active,content/_live/insights.json
insight,insights/personal-injury-q011-how-does-medical-liens-work.html,https://theaccidentguides.com/request-assistance/,personal_injury,How does medical liens work?,1,active,content/_live/insights.json
insight,insights/personal-injury-q012-what-should-i-verify-about-medical-liens.html,https://theaccidentguides.com/request-assistance/,personal_injury,What should I verify about medical liens?,1,active,content/_live/insights.json
insight,insights/personal-injury-q013-what-mistakes-cause-problems-with-medical-liens.html,https://theaccidentguides.com/request-assistance/,personal_injury,What mistakes cause problems with medical liens?,1,active,content/_live/insights.json
insight,insights/personal-injury-q014-how-should-i-compare-options-involving-medical-liens.html,https://theaccidentguides.com/request-assistance/,personal_injury,How should I compare options involving medical liens?,1,active,content/_live/insights.json
insight,insights/personal-injury-q015-when-should-i-talk-to-a-lawyer-about-medical-liens.html,https://theaccidentguides.com/request-assistance/,personal_injury,When should I talk to a lawyer about medical liens?,1,active,content/_live/insights.json
insight,insights/personal-injury-q016-how-does-maximum-medical-improvement-work.html,https://theaccidentguides.com/request-assistance/,personal_injury,How does maximum medical improvement work?,1,active,content/_live/insights.json
insight,insights/personal-injury-q017-what-should-i-verify-about-maximum-medical-improvement.html,https://theaccidentguides.com/request-assistance/,personal_injury,What should I verify about maximum medical improvement?,1,active,content/_live/insights.json
insight,insights/personal-injury-q018-what-mistakes-cause-problems-with-maximum-medical-improvement.html,https://theaccidentguides.com/request-assistance/,personal_injury,What mistakes cause problems with maximum medical improvement?,1,active,content/_live/insights.json
insight,insights/personal-injury-q019-how-should-i-compare-options-involving-maximum-medical-improvement.html,https://theaccidentguides.com/request-assistance/,personal_injury,How should I compare options involving maximum medical improvement?,1,active,content/_live/insights.json
insight,insights/personal-injury-q020-when-should-i-talk-to-a-lawyer-about-maximum-medical-improvement.html,https://theaccidentguides.com/request-assistance/,personal_injury,When should I talk to a lawyer about maximum medical improvement?,1,active,content/_live/insights.json
insight,insights/personal-injury-q021-how-does-evidence-after-an-accident-work.html,https://theaccidentguides.com/request-assistance/,personal_injury,How does evidence after an accident work?,1,active,content/_live/insights.json
insight,insights/personal-injury-q022-what-should-i-verify-about-evidence-after-an-accident.html,https://theaccidentguides.com/request-assistance/,personal_injury,What should I verify about evidence after an accident?,1,active,content/_live/insights.json
insight,insights/personal-injury-q023-what-mistakes-cause-problems-with-evidence-after-an-accident.html,https://theaccidentguides.com/request-assistance/,personal_injury,What mistakes cause problems with evidence after an accident?,1,active,content/_live/insights.json
insight,insights/personal-injury-q024-how-should-i-compare-options-involving-evidence-after-an-accident.html,https://theaccidentguides.com/request-assistance/,personal_injury,How should I compare options involving evidence after an accident?,1,active,content/_live/insights.json
insight,insights/personal-injury-q025-when-should-i-talk-to-a-lawyer-about-evidence-after-an-accident.html,https://theaccidentguides.com/request-assistance/,personal_injury,When should I talk to a lawyer about evidence after an accident?,1,active,content/_live/insights.json
insight,insights/personal-injury-q026-how-does-recorded-insurance-statements-work.html,https://theaccidentguides.com/request-assistance/,personal_injury,How does recorded insurance statements work?,1,active,content/_live/insights.json
insight,insights/personal-injury-q027-what-should-i-verify-about-recorded-insurance-statements.html,https://theaccidentguides.com/request-assistance/,personal_injury,What should I verify about recorded insurance statements?,1,active,content/_live/insights.json
insight,insights/personal-injury-q028-what-mistakes-cause-problems-with-recorded-insurance-statements.html,https://theaccidentguides.com/request-assistance/,personal_injury,What mistakes cause problems with recorded insurance statements?,1,active,content/_live/insights.json
insight,insights/personal-injury-q029-how-should-i-compare-options-involving-recorded-insurance-statements.html,https://theaccidentguides.com/request-assistance/,personal_injury,How should I compare options involving recorded insurance statements?,1,active,content/_live/insights.json
insight,insights/personal-injury-q030-when-should-i-talk-to-a-lawyer-about-recorded-insurance-statements.html,https://theaccidentguides.com/request-assistance/,personal_injury,When should I talk to a lawyer about recorded insurance statements?,1,active,content/_live/insights.json
insight,insights/personal-injury-q031-how-does-settlement-demand-and-negotiation-work.html,https://theaccidentguides.com/request-assistance/,personal_injury,How does settlement demand and negotiation work?,1,active,content/_live/insights.json
insight,insights/personal-injury-q032-what-should-i-verify-about-settlement-demand-and-negotiation.html,https://theaccidentguides.com/request-assistance/,personal_injury,What should I verify about settlement demand and negotiation?,1,active,content/_live/insights.json
insight,insights/personal-injury-q033-what-mistakes-cause-problems-with-settlement-demand-and-negotiation.html,https://theaccidentguides.com/request-assistance/,personal_injury,What mistakes cause problems with settlement demand and negotiation?,1,active,content/_live/insights.json
insight,insights/personal-injury-q034-how-should-i-compare-options-involving-settlement-demand-and-negotiation.html,https://theaccidentguides.com/request-assistance/,personal_injury,How should I compare options involving settlement demand and negotiation?,1,active,content/_live/insights.json
insight,insights/personal-injury-q035-when-should-i-talk-to-a-lawyer-about-settlement-demand-and-negotiation.html,https://theaccidentguides.com/request-assistance/,personal_injury,When should I talk to a lawyer about settlement demand and negotiation?,1,active,content/_live/insights.json
insight,insights/personal-injury-q036-how-does-contingency-fees-and-case-costs-work.html,https://theaccidentguides.com/request-assistance/,personal_injury,How does contingency fees and case costs work?,1,active,content/_live/insights.json
insight,insights/personal-injury-q037-what-should-i-verify-about-contingency-fees-and-case-costs.html,https://theaccidentguides.com/request-assistance/,personal_injury,What should I verify about contingency fees and case costs?,1,active,content/_live/insights.json
insight,insights/personal-injury-q038-what-mistakes-cause-problems-with-contingency-fees-and-case-costs.html,https://theaccidentguides.com/request-assistance/,personal_injury,What mistakes cause problems with contingency fees and case costs?,1,active,content/_live/insights.json
insight,insights/personal-injury-q039-how-should-i-compare-options-involving-contingency-fees-and-case-costs.html,https://theaccidentguides.com/request-assistance/,personal_injury,How should I compare options involving contingency fees and case costs?,1,active,content/_live/insights.json
insight,insights/personal-injury-q040-when-should-i-talk-to-a-lawyer-about-contingency-fees-and-case-costs.html,https://theaccidentguides.com/request-assistance/,personal_injury,When should I talk to a lawyer about contingency fees and case costs?,1,active,content/_live/insights.json
insight,insights/personal-injury-q041-how-does-workers-compensation-overlap-work.html,https://theaccidentguides.com/request-assistance/,personal_injury,How does workers compensation overlap work?,1,active,content/_live/insights.json
insight,insights/personal-injury-q042-what-should-i-verify-about-workers-compensation-overlap.html,https://theaccidentguides.com/request-assistance/,personal_injury,What should I verify about workers compensation overlap?,1,active,content/_live/insights.json
insight,insights/personal-injury-q043-what-mistakes-cause-problems-with-workers-compensation-overlap.html,https://theaccidentguides.com/request-assistance/,personal_injury,What mistakes cause problems with workers compensation overlap?,1,active,content/_live/insights.json
insight,insights/personal-injury-q044-how-should-i-compare-options-involving-workers-compensation-overlap.html,https://theaccidentguides.com/request-assistance/,personal_injury,How should I compare options involving workers compensation overlap?,1,active,content/_live/insights.json
insight,insights/personal-injury-q045-when-should-i-talk-to-a-lawyer-about-workers-compensation-overlap.html,https://theaccidentguides.com/request-assistance/,personal_injury,When should I talk to a lawyer about workers compensation overlap?,1,active,content/_live/insights.json
insight,insights/personal-injury-q046-how-does-wrongful-death-claims-work.html,https://theaccidentguides.com/request-assistance/,personal_injury,How does wrongful-death claims work?,1,active,content/_live/insights.json
insight,insights/personal-injury-q047-what-should-i-verify-about-wrongful-death-claims.html,https://theaccidentguides.com/request-assistance/,personal_injury,What should I verify about wrongful-death claims?,1,active,content/_live/insights.json
insight,insights/personal-injury-q048-what-mistakes-cause-problems-with-wrongful-death-claims.html,https://theaccidentguides.com/request-assistance/,personal_injury,What mistakes cause problems with wrongful-death claims?,1,active,content/_live/insights.json
insight,insights/personal-injury-q049-how-should-i-compare-options-involving-wrongful-death-claims.html,https://theaccidentguides.com/request-assistance/,personal_injury,How should I compare options involving wrongful-death claims?,1,active,content/_live/insights.json
insight,insights/personal-injury-q050-when-should-i-talk-to-a-lawyer-about-wrongful-death-claims.html,https://theaccidentguides.com/request-assistance/,personal_injury,When should I talk to a lawyer about wrongful-death claims?,1,active,content/_live/insights.json
insight,insights/personal-injury-questions-to-ask-001-what-questions-should-i-ask-during-a-free-consultation-with-a-personal.html,https://theaccidentguides.com/guides/questions-to-ask-a-personal-injury-lawyer,personal_injury,What Questions Should I Ask During A Free Consultation With A Personal Injury Attorney,1,active,content/_live/insights.json
insight,insights/personal-injury-questions-to-ask-002-what-should-i-ask-a-lawyer-before-signing-a-contingency-agreement.html,https://theaccidentguides.com/guides/questions-to-ask-a-personal-injury-lawyer,personal_injury,What Should I Ask A Lawyer Before Signing A Contingency Agreement,1,active,content/_live/insights.json
insight,insights/personal-injury-questions-to-ask-003-what-should-i-ask-if-two-injury-lawyers-give-different-advice.html,https://theaccidentguides.com/guides/questions-to-ask-a-personal-injury-lawyer,personal_injury,What Should I Ask If Two Injury Lawyers Give Different Advice,1,active,content/_live/insights.json
insight,insights/personal-injury-questions-to-ask-004-what-should-i-ask-about-communication-and-updates-before-hiring-a-law-.html,https://theaccidentguides.com/guides/questions-to-ask-a-personal-injury-lawyer,personal_injury,What Should I Ask About Communication And Updates Before Hiring A Law Firm,1,active,content/_live/insights.json
insight,insights/personal-injury-settlement-offers-001-car-crash-settlement-how-much-should-i-expect.html,https://theaccidentguides.com/personal-injury/settlement-offers,personal_injury,Car Crash Settlement How Much Should I Expect,1,active,content/_live/insights.json
insight,insights/personal-injury-settlement-offers-002-how-do-i-know-if-a-personal-injury-settlement-offer-is-fair.html,https://theaccidentguides.com/personal-injury/settlement-offers,personal_injury,How Do I Know If A Personal Injury Settlement Offer Is Fair,1,active,content/_live/insights.json
insight,insights/personal-injury-settlement-offers-003-should-i-accept-the-first-settlement-offer.html,https://theaccidentguides.com/personal-injury/settlement-offers,personal_injury,Should I Accept The First Settlement Offer,1,active,content/_live/insights.json
insight,insights/personal-injury-settlement-offers-004-insurance-offered-me-money-fast-should-i-take-it.html,https://theaccidentguides.com/personal-injury/settlement-offers,personal_injury,Insurance Offered Me Money Fast Should I Take It,1,active,content/_live/insights.json
insight,insights/personal-injury-settlement-offers-005-how-do-i-know-if-an-injury-settlement-offer-is-too-low.html,https://theaccidentguides.com/personal-injury/settlement-offers,personal_injury,How Do I Know If An Injury Settlement Offer Is Too Low,1,active,content/_live/insights.json
insight,insights/personal-injury-settlement-offers-006-how-do-insurance-companies-calculate-pain-and-suffering.html,https://theaccidentguides.com/personal-injury/settlement-offers,personal_injury,How Do Insurance Companies Calculate Pain And Suffering,1,active,content/_live/insights.json
insight,insights/personal-injury-settlement-offers-007-when-does-negotiation-usually-start-in-an-injury-case.html,https://theaccidentguides.com/personal-injury/settlement-offers,personal_injury,When Does Negotiation Usually Start In An Injury Case,1,active,content/_live/insights.json
insight,insights/personal-injury-settlement-offers-008-can-i-reopen-a-case-after-i-sign-a-release.html,https://theaccidentguides.com/personal-injury/settlement-offers,personal_injury,Can I Reopen A Case After I Sign A Release,1,active,content/_live/insights.json
insight,insights/personal-injury-situations-001-can-i-file-a-personal-injury-claim-for-a-slip-and-fall-at-a-grocery-st.html,https://theaccidentguides.com/personal-injury/situations,personal_injury,Can I File A Personal Injury Claim For A Slip And Fall At A Grocery Store,1,active,content/_live/insights.json
insight,insights/personal-injury-situations-002-suing-for-severe-car-accident-after-severe-injuries.html,https://theaccidentguides.com/personal-injury/situations,personal_injury,Suing For Severe Car Accident After Severe Injuries,1,active,content/_live/insights.json
insight,insights/personal-injury-situations-003-can-i-sue-if-i-was-hurt-in-a-parking-lot-crash.html,https://theaccidentguides.com/personal-injury/situations,personal_injury,Can I Sue If I Was Hurt In A Parking Lot Crash,1,active,content/_live/insights.json
insight,insights/personal-injury-situations-004-can-i-still-have-a-claim-if-my-injuries-showed-up-later.html,https://theaccidentguides.com/personal-injury/situations,personal_injury,Can I Still Have A Claim If My Injuries Showed Up Later,1,active,content/_live/insights.json
insight,insights/personal-injury-switching-lawyers-001-dropping-my-pi-lawyer.html,https://theaccidentguides.com/guides/switching-personal-injury-lawyers,personal_injury,Dropping My Pi Lawyer,1,active,content/_live/insights.json
insight,insights/personal-injury-switching-lawyers-002-can-i-fire-my-personal-injury-lawyer-and-hire-a-new-one.html,https://theaccidentguides.com/guides/switching-personal-injury-lawyers,personal_injury,Can I Fire My Personal Injury Lawyer And Hire A New One,1,active,content/_live/insights.json
insight,insights/personal-injury-switching-lawyers-003-what-happens-to-the-fee-if-i-switch-injury-lawyers-mid-case.html,https://theaccidentguides.com/guides/switching-personal-injury-lawyers,personal_injury,What Happens To The Fee If I Switch Injury Lawyers Mid-Case,1,active,content/_live/insights.json
insight,insights/personal-injury-switching-lawyers-004-is-it-too-late-to-switch-lawyers-before-settlement-or-trial.html,https://theaccidentguides.com/guides/switching-personal-injury-lawyers,personal_injury,Is It Too Late To Switch Lawyers Before Settlement Or Trial,1,active,content/_live/insights.json
insight,insights/personal-injury-trust-red-flags-001-what-are-red-flags-to-watch-out-for-when-hiring-a-personal-injury-lawy.html,https://theaccidentguides.com/personal-injury/trust-red-flags,personal_injury,What Are Red Flags To Watch Out For When Hiring A Personal Injury Lawyer,1,active,content/_live/insights.json
insight,insights/personal-injury-trust-red-flags-002-how-do-i-tell-if-a-personal-injury-lawyer-is-legit.html,https://theaccidentguides.com/personal-injury/trust-red-flags,personal_injury,How Do I Tell If A Personal Injury Lawyer Is Legit,1,active,content/_live/insights.json
insight,insights/personal-injury-trust-red-flags-003-what-matters-more-than-reviews-when-comparing-injury-lawyers.html,https://theaccidentguides.com/personal-injury/trust-red-flags,personal_injury,What Matters More Than Reviews When Comparing Injury Lawyers,1,active,content/_live/insights.json
insight,insights/personal-injury-trust-red-flags-004-how-do-i-verify-a-personal-injury-lawyer-before-signing.html,https://theaccidentguides.com/personal-injury/trust-red-flags,personal_injury,How Do I Verify A Personal Injury Lawyer Before Signing,1,active,content/_live/insights.json
insight,insights/trt-001-the-industry-guides-trt-clinic-evaluation-framework.html,https://hormonesivhair.com/trt/,trt,The Industry Guides TRT Clinic Evaluation Framework,1,active,content/_live/insights.json
insight,insights/trt-002-how-to-compare-trt-clinics-in-2026.html,https://hormonesivhair.com/trt/,trt,How to Compare TRT Clinics in 2026,1,active,content/_live/insights.json
insight,insights/trt-003-how-to-compare-local-options-using-a-real-decision-checklist.html,https://hormonesivhair.com/trt/,trt,How to compare local options using a real decision checklist — TRT Clinic Evaluation Framework & Monitoring Questions,1,active,content/_live/insights.json
insight,insights/trt-004-what-to-verify-before-starting-testosterone-treatment.html,https://hormonesivhair.com/trt/,trt,What to verify before starting testosterone treatment,1,active,content/_live/insights.json
insight,insights/trt-005-how-to-compare-pricing-without-walking-into-the-wrong-fit.html,https://hormonesivhair.com/trt/,trt,How to compare pricing without walking into the wrong fit — TRT Clinic Evaluation Framework & Monitoring Questions,1,active,content/_live/insights.json
insight,insights/trt-006-online-trt-vs-local-clinic-which-is-safer.html,https://hormonesivhair.com/trt/,trt,Online TRT vs local clinic — which is safer?,1,active,content/_live/insights.json
insight,insights/trt-007-trt-side-effects-what-to-watch-for.html,https://hormonesivhair.com/trt/,trt,TRT side effects — what to watch for,1,active,content/_live/insights.json
insight,insights/trt-008-how-to-choose-a-trt-provider.html,https://hormonesivhair.com/trt/,trt,How to choose a TRT provider — TRT Clinic Evaluation Framework & Monitoring Questions,1,active,content/_live/insights.json
insight,insights/trt-009-trt-monitoring-what-labs-matter.html,https://hormonesivhair.com/trt/,trt,TRT monitoring — what labs matter,1,active,content/_live/insights.json
insight,insights/trt-010-how-to-choose-the-right-clinician-for-hair-loss-treatment.html,https://hormonesivhair.com/trt/,trt,How to choose the right clinician for hair-loss treatment — TRT Clinic Evaluation Framework & Monitoring Questions,1,active,content/_live/insights.json
insight,insights/trt-011-is-trt-a-scam-red-flags.html,https://hormonesivhair.com/trt/,trt,Is TRT a scam? red flags,1,active,content/_live/insights.json
insight,insights/trt-012-how-much-does-trt-cost.html,https://hormonesivhair.com/trt/,trt,How much does TRT cost,1,active,content/_live/insights.json
insight,insights/trt-013-does-insurance-cover-trt.html,https://hormonesivhair.com/trt/,trt,Does insurance cover TRT,1,active,content/_live/insights.json
insight,insights/trt-014-how-to-compare-local-trt-clinics-before-you-enroll.html,https://hormonesivhair.com/trt/,trt,How to compare local TRT clinics before you enroll — TRT Clinic Evaluation Framework & Monitoring Questions,1,active,content/_live/insights.json
insight,insights/trt-015-endocrinologist-for-trt-when-to-choose.html,https://hormonesivhair.com/trt/,trt,Endocrinologist for TRT — when to choose,1,active,content/_live/insights.json
insight,insights/trt-016-primary-care-for-low-testosterone-when-it-works.html,https://hormonesivhair.com/trt/,trt,Primary care for low testosterone — when it works,1,active,content/_live/insights.json
insight,insights/trt-017-what-labs-should-a-provider-order-first.html,https://hormonesivhair.com/trt/,trt,What labs should a provider order first?,1,active,content/_live/insights.json
insight,insights/trt-018-what-monitoring-should-happen-every-few-months.html,https://hormonesivhair.com/trt/,trt,What monitoring should happen every few months?,1,active,content/_live/insights.json
insight,insights/trt-019-trt-and-fertility-what-to-ask.html,https://hormonesivhair.com/trt/,trt,TRT and fertility — what to ask,1,active,content/_live/insights.json
insight,insights/trt-020-trt-and-sleep-apnea-what-to-ask.html,https://hormonesivhair.com/trt/,trt,TRT and sleep apnea — what to ask — TRT Clinic Evaluation Framework & Monitoring Questions,1,active,content/_live/insights.json
insight,insights/trt-021-trt-and-blood-pressure-what-to-ask.html,https://hormonesivhair.com/trt/,trt,TRT and blood pressure — what to ask — TRT Clinic Evaluation Framework & Monitoring Questions,1,active,content/_live/insights.json
insight,insights/trt-022-trt-injections-vs-gel-how-to-decide.html,https://hormonesivhair.com/trt/,trt,TRT injections vs gel — how to decide,1,active,content/_live/insights.json
insight,insights/trt-023-how-to-switch-trt-providers-safely.html,https://hormonesivhair.com/trt/,trt,How to switch TRT providers safely — TRT Clinic Evaluation Framework & Monitoring Questions,1,active,content/_live/insights.json
insight,insights/trt-024-how-to-avoid-trt-upsells.html,https://hormonesivhair.com/trt/,trt,How to avoid TRT upsells,1,active,content/_live/insights.json
insight,insights/trt-025-hair-loss-trt-what-to-ask-your-provider.html,https://hormonesivhair.com/trt/,trt,Hair loss + TRT — what to ask your provider,1,active,content/_live/insights.json
insight,insights/trt-026-how-to-check-a-clinic-s-credentials.html,https://hormonesivhair.com/trt/,trt,How to check a clinic’s credentials,1,active,content/_live/insights.json
insight,insights/trt-027-trt-pricing-how-to-compare-quotes.html,https://hormonesivhair.com/trt/,trt,TRT pricing — how to compare quotes,1,active,content/_live/insights.json
insight,insights/trt-028-peptide-clinic-near-me-what-matters-before-you-book.html,https://hormonesivhair.com/trt/,trt,Peptide clinic near me — what matters before you book,1,active,content/_live/insights.json
insight,insights/trt-029-peptides-vs-trt-what-changes-in-real-life.html,https://hormonesivhair.com/trt/,trt,Peptides vs TRT — what changes in real life,1,active,content/_live/insights.json
insight,insights/trt-030-peptide-clinics-how-to-spot-the-good-fit-versus-the-bad-fit.html,https://hormonesivhair.com/trt/,trt,Peptide clinics — how to spot the good fit versus the bad fit,1,active,content/_live/insights.json
insight,insights/trt-031-safe-minoxidil-plan-near-me.html,https://hormonesivhair.com/trt/,trt,Safe Minoxidil Plan Near Me — TRT Clinic Evaluation Framework & Monitoring Questions,1,active,content/_live/insights.json
insight,insights/trt-032-clinic-vs-doctor-minoxidil-plan-near-me.html,https://hormonesivhair.com/trt/,trt,Clinic Vs Doctor Minoxidil Plan Near Me — TRT Clinic Evaluation Framework & Monitoring Questions,1,active,content/_live/insights.json
insight,insights/trt-033-online-vs-local-minoxidil-plan-near-me.html,https://hormonesivhair.com/trt/,trt,Online Vs Local Minoxidil Plan Near Me,1,active,content/_live/insights.json
insight,insights/trt-034-highly-reviewed-minoxidil-plan-near-me.html,https://hormonesivhair.com/trt/,trt,Highly Reviewed Minoxidil Plan Near Me,1,active,content/_live/insights.json
insight,insights/trt-035-fast-appointment-minoxidil-plan-near-me.html,https://hormonesivhair.com/trt/,trt,Fast Appointment Minoxidil Plan Near Me,1,active,content/_live/insights.json
insight,insights/trt-036-best-trt-clinic-near-me.html,https://hormonesivhair.com/trt/,trt,Best Trt Clinic Near Me,1,active,content/_live/insights.json
insight,insights/trt-037-top-rated-trt-clinic-near-me.html,https://hormonesivhair.com/trt/,trt,Top Rated Trt Clinic Near Me,1,active,content/_live/insights.json
insight,insights/trt-038-affordable-trt-clinic-near-me.html,https://hormonesivhair.com/trt/,trt,Affordable Trt Clinic Near Me,1,active,content/_live/insights.json
insight,insights/trt-039-near-me-trt-clinic-near-me.html,https://hormonesivhair.com/trt/,trt,Near Me Trt Clinic Near Me,1,active,content/_live/insights.json
insight,insights/trt-040-trusted-trt-clinic-near-me.html,https://hormonesivhair.com/trt/,trt,Trusted Trt Clinic Near Me,1,active,content/_live/insights.json
insight,insights/trt-041-safe-trt-clinic-near-me.html,https://hormonesivhair.com/trt/,trt,Safe Trt Clinic Near Me,1,active,content/_live/insights.json
insight,insights/trt-042-near-me-hair-transplant-near-me.html,https://hormonesivhair.com/trt/,trt,Near Me Hair Transplant Near Me,1,active,content/_live/insights.json
insight,insights/trt-043-trusted-hair-transplant-near-me.html,https://hormonesivhair.com/trt/,trt,Trusted Hair Transplant Near Me,1,active,content/_live/insights.json
insight,insights/trt-044-safe-hair-transplant-near-me.html,https://hormonesivhair.com/trt/,trt,Safe Hair Transplant Near Me,1,active,content/_live/insights.json
insight,insights/trt-045-clinic-vs-doctor-hair-transplant-near-me.html,https://hormonesivhair.com/trt/,trt,Clinic Vs Doctor Hair Transplant Near Me,1,active,content/_live/insights.json
insight,insights/trt-046-online-vs-local-hair-transplant-near-me.html,https://hormonesivhair.com/trt/,trt,Online Vs Local Hair Transplant Near Me,1,active,content/_live/insights.json
insight,insights/trt-047-highly-reviewed-hair-transplant-near-me.html,https://hormonesivhair.com/trt/,trt,Highly Reviewed Hair Transplant Near Me,1,active,content/_live/insights.json
insight,insights/trt-048-fast-appointment-hair-transplant-near-me.html,https://hormonesivhair.com/trt/,trt,Fast Appointment Hair Transplant Near Me,1,active,content/_live/insights.json
insight,insights/trt-049-best-finasteride-consult-near-me.html,https://hormonesivhair.com/trt/,trt,Best Finasteride Consult Near Me,1,active,content/_live/insights.json
insight,insights/trt-050-top-rated-finasteride-consult-near-me.html,https://hormonesivhair.com/trt/,trt,Top Rated Finasteride Consult Near Me,1,active,content/_live/insights.json
insight,insights/trt-051-affordable-finasteride-consult-near-me.html,https://hormonesivhair.com/trt/,trt,Affordable Finasteride Consult Near Me,1,active,content/_live/insights.json
insight,insights/trt-052-near-me-finasteride-consult-near-me.html,https://hormonesivhair.com/trt/,trt,Near Me Finasteride Consult Near Me,1,active,content/_live/insights.json
insight,insights/trt-053-trusted-finasteride-consult-near-me.html,https://hormonesivhair.com/trt/,trt,Trusted Finasteride Consult Near Me,1,active,content/_live/insights.json
insight,insights/trt-054-safe-finasteride-consult-near-me.html,https://hormonesivhair.com/trt/,trt,Safe Finasteride Consult Near Me,1,active,content/_live/insights.json
insight,insights/trt-055-clinic-vs-doctor-finasteride-consult-near-me.html,https://hormonesivhair.com/trt/,trt,Clinic Vs Doctor Finasteride Consult Near Me,1,active,content/_live/insights.json
insight,insights/trt-056-online-vs-local-finasteride-consult-near-me.html,https://hormonesivhair.com/trt/,trt,Online Vs Local Finasteride Consult Near Me,1,active,content/_live/insights.json
insight,insights/trt-057-highly-reviewed-finasteride-consult-near-me.html,https://hormonesivhair.com/trt/,trt,Highly Reviewed Finasteride Consult Near Me,1,active,content/_live/insights.json
insight,insights/trt-058-fast-appointment-finasteride-consult-near-me.html,https://hormonesivhair.com/trt/,trt,Fast Appointment Finasteride Consult Near Me,1,active,content/_live/insights.json
insight,insights/trt-059-best-minoxidil-plan-near-me.html,https://hormonesivhair.com/trt/,trt,Best Minoxidil Plan Near Me,1,active,content/_live/insights.json
insight,insights/trt-060-top-rated-minoxidil-plan-near-me.html,https://hormonesivhair.com/trt/,trt,Top Rated Minoxidil Plan Near Me,1,active,content/_live/insights.json
insight,insights/trt-061-affordable-minoxidil-plan-near-me.html,https://hormonesivhair.com/trt/,trt,Affordable Minoxidil Plan Near Me,1,active,content/_live/insights.json
insight,insights/trt-062-near-me-minoxidil-plan-near-me.html,https://hormonesivhair.com/trt/,trt,Near Me Minoxidil Plan Near Me,1,active,content/_live/insights.json
insight,insights/trt-063-trusted-minoxidil-plan-near-me.html,https://hormonesivhair.com/trt/,trt,Trusted Minoxidil Plan Near Me,1,active,content/_live/insights.json
insight,insights/trt-064-safe-minoxidil-plan-near-me.html,https://hormonesivhair.com/trt/,trt,Safe Minoxidil Plan Near Me — TRT Clinic Evaluation Framework & Monitoring Questions (2),1,active,content/_live/insights.json
insight,insights/trt-065-clinic-vs-doctor-minoxidil-plan-near-me.html,https://hormonesivhair.com/trt/,trt,Clinic Vs Doctor Minoxidil Plan Near Me — TRT Clinic Evaluation Framework & Monitoring Questions (2),1,active,content/_live/insights.json
insight,insights/trt-best-top-near-me-001-how-to-choose-a-trt-provider.html,https://hormonesivhair.com/trt/best-top-near-me/,trt,How to Choose a TRT Provider — TRT Provider Selection Guide,1,active,content/_live/insights.json
insight,insights/trt-best-top-near-me-002-how-to-evaluate-a-trt-clinic-before-you-start-treatment.html,https://hormonesivhair.com/trt/best-top-near-me/,trt,How to evaluate a TRT clinic before you start treatment,1,active,content/_live/insights.json
insight,insights/trt-best-top-near-me-003-how-to-compare-local-trt-clinics-without-relying-on-hype.html,https://hormonesivhair.com/trt/best-top-near-me/,trt,How to compare local TRT clinics without relying on hype,1,active,content/_live/insights.json
insight,insights/trt-best-top-near-me-004-how-to-compare-local-options-using-a-real-decision-checklist.html,https://hormonesivhair.com/trt/best-top-near-me/,trt,How to compare local options using a real decision checklist — TRT Provider Selection Guide,1,active,content/_live/insights.json
insight,insights/trt-best-top-near-me-005-how-to-choose-the-right-clinician-for-testosterone-treatment.html,https://hormonesivhair.com/trt/best-top-near-me/,trt,How to choose the right clinician for testosterone treatment,1,active,content/_live/insights.json
insight,insights/trt-best-top-near-me-006-how-to-compare-local-trt-clinics-before-you-enroll.html,https://hormonesivhair.com/trt/best-top-near-me/,trt,How to compare local TRT clinics before you enroll — TRT Provider Selection Guide,1,active,content/_live/insights.json
insight,insights/trt-best-top-near-me-007-how-to-compare-trt-pricing-without-skipping-safety.html,https://hormonesivhair.com/trt/best-top-near-me/,trt,How to compare TRT pricing without skipping safety,1,active,content/_live/insights.json
insight,insights/trt-best-top-near-me-008-how-to-verify-trt-coverage-and-out-of-pocket-costs.html,https://hormonesivhair.com/trt/best-top-near-me/,trt,How to verify TRT coverage and out-of-pocket costs,1,active,content/_live/insights.json
insight,insights/trt-best-top-near-me-009-men-s-health-clinic-trt-is-it-legit.html,https://hormonesivhair.com/trt/best-top-near-me/,trt,Men’s health clinic TRT — is it legit?,1,active,content/_live/insights.json
insight,insights/trt-best-top-near-me-010-endocrinologist-vs-trt-clinic-who-to-choose.html,https://hormonesivhair.com/trt/best-top-near-me/,trt,Endocrinologist vs TRT clinic — who to choose?,1,active,content/_live/insights.json
insight,insights/trt-best-top-near-me-011-primary-care-doctor-for-trt-is-it-enough.html,https://hormonesivhair.com/trt/best-top-near-me/,trt,Primary care doctor for TRT — is it enough?,1,active,content/_live/insights.json
insight,insights/trt-best-top-near-me-012-how-to-compare-clinics-for-low-testosterone-care.html,https://hormonesivhair.com/trt/best-top-near-me/,trt,How to compare clinics for low-testosterone care,1,active,content/_live/insights.json
insight,insights/trt-best-top-near-me-017-how-to-compare-trt-clinics.html,https://hormonesivhair.com/trt/best-top-near-me/,trt,How to compare TRT clinics,1,active,content/_live/insights.json
insight,insights/trt-best-top-near-me-018-what-makes-a-trt-clinic-trustworthy.html,https://hormonesivhair.com/trt/best-top-near-me/,trt,What makes a TRT clinic trustworthy,1,active,content/_live/insights.json
insight,insights/trt-best-top-near-me-019-trt-reviews-what-matters.html,https://hormonesivhair.com/trt/best-top-near-me/,trt,TRT reviews — what matters,1,active,content/_live/insights.json
insight,insights/trt-best-top-near-me-020-trt-telehealth-is-it-safe.html,https://hormonesivhair.com/trt/best-top-near-me/,trt,TRT telehealth — is it safe,1,active,content/_live/insights.json
insight,insights/trt-best-top-near-me-021-fast-trt-start-is-it-a-red-flag.html,https://hormonesivhair.com/trt/best-top-near-me/,trt,Fast TRT start — is it a red flag,1,active,content/_live/insights.json
insight,insights/trt-best-top-near-me-022-trt-without-labs-red-flag.html,https://hormonesivhair.com/trt/best-top-near-me/,trt,TRT without labs — red flag?,1,active,content/_live/insights.json
insight,insights/trt-best-top-near-me-023-trt-with-very-high-doses-red-flag.html,https://hormonesivhair.com/trt/best-top-near-me/,trt,TRT with very high doses — red flag?,1,active,content/_live/insights.json
insight,insights/trt-best-top-near-me-024-how-to-compare-hair-loss-clinics-before-booking.html,https://hormonesivhair.com/trt/best-top-near-me/,trt,How to compare hair-loss clinics before booking,1,active,content/_live/insights.json
insight,insights/trt-best-top-near-me-025-how-to-evaluate-a-hair-transplant-surgeon.html,https://hormonesivhair.com/trt/best-top-near-me/,trt,How to evaluate a hair transplant surgeon,1,active,content/_live/insights.json
insight,insights/trt-best-top-near-me-026-how-to-compare-prp-hair-treatment-providers.html,https://hormonesivhair.com/trt/best-top-near-me/,trt,How to compare PRP hair treatment providers,1,active,content/_live/insights.json
insight,insights/trt-clinic-selection-001-how-do-i-compare-trt-clinics-without-guessing.html,https://hormonesivhair.com,trt,How Do I Compare Trt Clinics Without Guessing,1,active,content/_live/insights.json
insight,insights/trt-clinic-selection-002-is-local-trt-care-better-than-telehealth.html,https://hormonesivhair.com,trt,Is Local Trt Care Better Than Telehealth,1,active,content/_live/insights.json
insight,insights/trt-clinic-selection-003-what-questions-should-i-ask-before-joining-a-trt-program.html,https://hormonesivhair.com,trt,What Questions Should I Ask Before Joining A Trt Program,1,active,content/_live/insights.json
insight,insights/trt-clinic-selection-004-what-are-red-flags-when-a-trt-clinic-feels-salesy.html,https://hormonesivhair.com,trt,What Are Red Flags When A Trt Clinic Feels Salesy,1,active,content/_live/insights.json
insight,insights/trt-cost-insurance-001-trt-cost-breakdown-by-method.html,https://hormonesivhair.com/trt/cost-insurance/,trt,TRT Cost Breakdown by Method,1,active,content/_live/insights.json
insight,insights/trt-cost-insurance-002-how-much-does-trt-cost-per-month.html,https://hormonesivhair.com/trt/cost-insurance/,trt,How much does TRT cost per month?,1,active,content/_live/insights.json
insight,insights/trt-cost-insurance-003-trt-pricing-what-s-included.html,https://hormonesivhair.com/trt/cost-insurance/,trt,TRT pricing — what’s included?,1,active,content/_live/insights.json
insight,insights/trt-cost-insurance-004-trt-labs-cost-what-to-expect.html,https://hormonesivhair.com/trt/cost-insurance/,trt,TRT labs cost — what to expect,1,active,content/_live/insights.json
insight,insights/trt-cost-insurance-005-trt-visits-cost-what-to-expect.html,https://hormonesivhair.com/trt/cost-insurance/,trt,TRT visits cost — what to expect,1,active,content/_live/insights.json
insight,insights/trt-cost-insurance-006-does-insurance-cover-trt.html,https://hormonesivhair.com/trt/cost-insurance/,trt,Does insurance cover TRT?,1,active,content/_live/insights.json
insight,insights/trt-cost-insurance-007-cash-pay-trt-what-to-ask.html,https://hormonesivhair.com/trt/cost-insurance/,trt,Cash pay TRT — what to ask,1,active,content/_live/insights.json
insight,insights/trt-cost-insurance-008-low-cost-trt-what-to-watch-for.html,https://hormonesivhair.com/trt/cost-insurance/,trt,Low-cost TRT — what to watch for,1,active,content/_live/insights.json
insight,insights/trt-cost-insurance-009-subscription-trt-pros-and-cons.html,https://hormonesivhair.com/trt/cost-insurance/,trt,Subscription TRT — pros and cons,1,active,content/_live/insights.json
insight,insights/trt-cost-insurance-010-hidden-trt-fees-what-to-ask.html,https://hormonesivhair.com/trt/cost-insurance/,trt,Hidden TRT fees — what to ask,1,active,content/_live/insights.json
insight,insights/trt-cost-insurance-011-how-to-compare-trt-quotes.html,https://hormonesivhair.com/trt/cost-insurance/,trt,How to compare TRT quotes,1,active,content/_live/insights.json
insight,insights/trt-cost-insurance-012-do-i-pay-for-meds-separately.html,https://hormonesivhair.com/trt/cost-insurance/,trt,Do I pay for meds separately?,1,active,content/_live/insights.json
insight,insights/trt-cost-insurance-013-how-much-do-injections-cost.html,https://hormonesivhair.com/trt/cost-insurance/,trt,How much do injections cost?,1,active,content/_live/insights.json
insight,insights/trt-cost-insurance-014-how-much-does-gel-cost.html,https://hormonesivhair.com/trt/cost-insurance/,trt,How much does gel cost?,1,active,content/_live/insights.json
insight,insights/trt-cost-insurance-015-how-much-does-monitoring-cost.html,https://hormonesivhair.com/trt/cost-insurance/,trt,How much does monitoring cost?,1,active,content/_live/insights.json
insight,insights/trt-cost-insurance-016-can-i-switch-providers-without-restarting.html,https://hormonesivhair.com/trt/cost-insurance/,trt,Can I switch providers without restarting?,1,active,content/_live/insights.json
insight,insights/trt-cost-insurance-017-how-to-compare-local-options-using-a-real-decision-checklist.html,https://hormonesivhair.com/trt/cost-insurance/,trt,How to compare local options using a real decision checklist — TRT: Cost & Insurance,1,active,content/_live/insights.json
insight,insights/trt-cost-insurance-018-trt-and-fertility-cost-considerations.html,https://hormonesivhair.com/trt/cost-insurance/,trt,TRT and fertility — cost considerations,1,active,content/_live/insights.json
insight,insights/trt-cost-insurance-019-hair-loss-treatment-cost-what-changes-price.html,https://hormonesivhair.com/trt/cost-insurance/,trt,Hair loss treatment cost — what changes price,1,active,content/_live/insights.json
insight,insights/trt-cost-insurance-020-prp-hair-cost.html,https://hormonesivhair.com/trt/cost-insurance/,trt,PRP hair cost — TRT: Cost & Insurance,1,active,content/_live/insights.json
insight,insights/trt-cost-insurance-021-hair-transplant-cost-drivers.html,https://hormonesivhair.com/trt/cost-insurance/,trt,Hair transplant cost drivers,1,active,content/_live/insights.json
insight,insights/trt-cost-insurance-022-financing-hair-treatment-red-flags.html,https://hormonesivhair.com/trt/cost-insurance/,trt,Financing hair treatment — red flags,1,active,content/_live/insights.json
insight,insights/trt-cost-insurance-023-how-to-avoid-surprise-charges.html,https://hormonesivhair.com/trt/cost-insurance/,trt,How to avoid surprise charges — TRT: Cost & Insurance,1,active,content/_live/insights.json
insight,insights/trt-cost-insurance-024-trt-add-ons-cost-do-you-need-them.html,https://hormonesivhair.com/trt/cost-insurance/,trt,TRT add-ons cost — do you need them?,1,active,content/_live/insights.json
insight,insights/trt-cost-insurance-025-lab-panels-cost-what-matters.html,https://hormonesivhair.com/trt/cost-insurance/,trt,Lab panels cost — what matters,1,active,content/_live/insights.json
insight,insights/trt-cost-insurance-026-how-to-compare-pricing-without-walking-into-the-wrong-fit.html,https://hormonesivhair.com/trt/cost-insurance/,trt,How to compare pricing without walking into the wrong fit — TRT: Cost & Insurance,1,active,content/_live/insights.json
insight,insights/trt-fertility-pct-001-can-i-stay-fertile-while-on-trt.html,https://hormonesivhair.com,trt,Can I Stay Fertile While On Trt,1,active,content/_live/insights.json
insight,insights/trt-fertility-pct-002-when-should-i-ask-about-hcg-with-trt.html,https://hormonesivhair.com,trt,When Should I Ask About Hcg With Trt,1,active,content/_live/insights.json
insight,insights/trt-fertility-pct-003-what-is-pct-and-when-does-it-come-up-after-trt.html,https://hormonesivhair.com,trt,What Is Pct And When Does It Come Up After Trt,1,active,content/_live/insights.json
insight,insights/trt-fertility-pct-004-should-i-start-trt-if-i-want-kids-in-the-next-year.html,https://hormonesivhair.com,trt,Should I Start Trt If I Want Kids In The Next Year,1,active,content/_live/insights.json
insight,insights/trt-hair-loss-cost-001-hair-loss-treatment-cost-what-to-expect.html,https://hormonesivhair.com/trt/hair-loss-cost/,trt,Hair loss treatment cost — what to expect,1,active,content/_live/insights.json
insight,insights/trt-hair-loss-cost-002-minoxidil-cost.html,https://hormonesivhair.com/trt/hair-loss-cost/,trt,Minoxidil cost,1,active,content/_live/insights.json
insight,insights/trt-hair-loss-cost-003-finasteride-cost.html,https://hormonesivhair.com/trt/hair-loss-cost/,trt,Finasteride cost,1,active,content/_live/insights.json
insight,insights/trt-hair-loss-cost-004-oral-minoxidil-cost.html,https://hormonesivhair.com/trt/hair-loss-cost/,trt,Oral minoxidil cost,1,active,content/_live/insights.json
insight,insights/trt-hair-loss-cost-005-prp-hair-cost.html,https://hormonesivhair.com/trt/hair-loss-cost/,trt,PRP hair cost — Hair Loss: Costs,1,active,content/_live/insights.json
insight,insights/trt-hair-loss-cost-006-laser-cap-cost-worth-it.html,https://hormonesivhair.com/trt/hair-loss-cost/,trt,Laser cap cost — worth it?,1,active,content/_live/insights.json
insight,insights/trt-hair-loss-cost-007-hair-transplant-cost.html,https://hormonesivhair.com/trt/hair-loss-cost/,trt,Hair transplant cost,1,active,content/_live/insights.json
insight,insights/trt-hair-loss-cost-008-fue-hair-transplant-cost-drivers.html,https://hormonesivhair.com/trt/hair-loss-cost/,trt,FUE hair transplant cost drivers,1,active,content/_live/insights.json
insight,insights/trt-hair-loss-cost-009-why-hair-transplant-prices-vary.html,https://hormonesivhair.com/trt/hair-loss-cost/,trt,Why hair transplant prices vary,1,active,content/_live/insights.json
insight,insights/trt-hair-loss-cost-010-how-to-compare-hair-transplant-quotes.html,https://hormonesivhair.com/trt/hair-loss-cost/,trt,How to compare hair transplant quotes,1,active,content/_live/insights.json
insight,insights/trt-hair-loss-cost-011-financing-hair-transplant-red-flags.html,https://hormonesivhair.com/trt/hair-loss-cost/,trt,Financing hair transplant — red flags,1,active,content/_live/insights.json
insight,insights/trt-hair-loss-cost-012-how-to-compare-hair-transplant-pricing-without-getting-burned.html,https://hormonesivhair.com/trt/hair-loss-cost/,trt,How to compare hair transplant pricing without getting burned,1,active,content/_live/insights.json
insight,insights/trt-hair-loss-cost-013-travel-hair-transplant-risks.html,https://hormonesivhair.com/trt/hair-loss-cost/,trt,Travel hair transplant — risks,1,active,content/_live/insights.json
insight,insights/trt-hair-loss-cost-014-does-insurance-cover-any-hair-loss-treatment.html,https://hormonesivhair.com/trt/hair-loss-cost/,trt,Does insurance cover any hair loss treatment?,1,active,content/_live/insights.json
insight,insights/trt-hair-loss-cost-015-how-much-follow-up-costs.html,https://hormonesivhair.com/trt/hair-loss-cost/,trt,How much follow-up costs,1,active,content/_live/insights.json
insight,insights/trt-hair-loss-cost-016-what-maintenance-costs-long-term.html,https://hormonesivhair.com/trt/hair-loss-cost/,trt,What maintenance costs long term,1,active,content/_live/insights.json
insight,insights/trt-hair-loss-cost-017-how-to-benchmark-local-hair-transplant-pricing.html,https://hormonesivhair.com/trt/hair-loss-cost/,trt,How to benchmark local hair transplant pricing,1,active,content/_live/insights.json
insight,insights/trt-hair-loss-cost-018-how-to-spot-low-price-hair-transplant-red-flags.html,https://hormonesivhair.com/trt/hair-loss-cost/,trt,How to spot low-price hair transplant red flags,1,active,content/_live/insights.json
insight,insights/trt-hair-loss-cost-019-how-to-compare-prp-pricing-and-follow-up-requirements.html,https://hormonesivhair.com/trt/hair-loss-cost/,trt,How to compare PRP pricing and follow-up requirements,1,active,content/_live/insights.json
insight,insights/trt-hair-loss-cost-020-hair-loss-consult-cost.html,https://hormonesivhair.com/trt/hair-loss-cost/,trt,Hair loss consult cost,1,active,content/_live/insights.json
insight,insights/trt-hair-loss-cost-021-hair-transplant-financing-red-flags.html,https://hormonesivhair.com/trt/hair-loss-cost/,trt,Hair transplant financing — red flags,1,active,content/_live/insights.json
insight,insights/trt-hair-loss-cost-022-how-to-compare-hair-transplant-quotes-safely.html,https://hormonesivhair.com/trt/hair-loss-cost/,trt,How to compare hair transplant quotes safely,1,active,content/_live/insights.json
insight,insights/trt-hair-loss-cost-023-travel-hair-transplant-cost-vs-risk.html,https://hormonesivhair.com/trt/hair-loss-cost/,trt,Travel hair transplant — cost vs risk,1,active,content/_live/insights.json
insight,insights/trt-hair-loss-cost-024-how-much-does-follow-up-care-cost.html,https://hormonesivhair.com/trt/hair-loss-cost/,trt,How much does follow-up care cost?,1,active,content/_live/insights.json
insight,insights/trt-hair-loss-cost-025-long-term-maintenance-costs.html,https://hormonesivhair.com/trt/hair-loss-cost/,trt,Long-term maintenance costs,1,active,content/_live/insights.json
insight,insights/trt-hair-loss-provider-001-prp-vs-microneedling-for-hair-loss.html,https://hormonesivhair.com/trt/hair-loss-provider/,trt,PRP vs Microneedling for Hair Loss,1,active,content/_live/insights.json
insight,insights/trt-hair-loss-provider-002-how-to-choose-the-right-clinician-for-hair-loss-treatment.html,https://hormonesivhair.com/trt/hair-loss-provider/,trt,How to choose the right clinician for hair-loss treatment — Hair Loss: Choosing a Provider,1,active,content/_live/insights.json
insight,insights/trt-hair-loss-provider-003-dermatologist-vs-hair-clinic-who-to-choose.html,https://hormonesivhair.com/trt/hair-loss-provider/,trt,Dermatologist vs hair clinic — who to choose?,1,active,content/_live/insights.json
insight,insights/trt-hair-loss-provider-004-how-to-compare-hair-loss-specialists.html,https://hormonesivhair.com/trt/hair-loss-provider/,trt,How to compare hair-loss specialists,1,active,content/_live/insights.json
insight,insights/trt-hair-loss-provider-005-what-to-ask-before-booking-a-hair-transplant-consultation.html,https://hormonesivhair.com/trt/hair-loss-provider/,trt,What to ask before booking a hair transplant consultation,1,active,content/_live/insights.json
insight,insights/trt-hair-loss-provider-006-what-to-ask-before-booking-prp-hair-treatment.html,https://hormonesivhair.com/trt/hair-loss-provider/,trt,What to ask before booking PRP hair treatment,1,active,content/_live/insights.json
insight,insights/trt-hair-loss-provider-007-finasteride-minoxidil-prescriber-who-to-see.html,https://hormonesivhair.com/trt/hair-loss-provider/,trt,Finasteride / minoxidil prescriber — who to see,1,active,content/_live/insights.json
insight,insights/trt-hair-loss-provider-008-how-to-choose-a-hair-transplant-clinic.html,https://hormonesivhair.com/trt/hair-loss-provider/,trt,How to choose a hair transplant clinic,1,active,content/_live/insights.json
insight,insights/trt-hair-loss-provider-009-hair-loss-scam-signs.html,https://hormonesivhair.com/trt/hair-loss-provider/,trt,Hair loss scam signs,1,active,content/_live/insights.json
insight,insights/trt-hair-loss-provider-010-hair-loss-consult-what-to-ask.html,https://hormonesivhair.com/trt/hair-loss-provider/,trt,Hair loss consult — what to ask,1,active,content/_live/insights.json
insight,insights/trt-hair-loss-provider-011-how-to-read-before-after-photos-safely.html,https://hormonesivhair.com/trt/hair-loss-provider/,trt,How to read before/after photos safely,1,active,content/_live/insights.json
insight,insights/trt-hair-loss-provider-012-how-to-compare-2-3-clinics.html,https://hormonesivhair.com/trt/hair-loss-provider/,trt,How to compare 2–3 clinics,1,active,content/_live/insights.json
insight,insights/trt-hair-loss-provider-013-do-i-need-labs-for-hair-loss.html,https://hormonesivhair.com/trt/hair-loss-provider/,trt,Do I need labs for hair loss?,1,active,content/_live/insights.json
insight,insights/trt-hair-loss-provider-014-hair-loss-for-women-who-to-see.html,https://hormonesivhair.com/trt/hair-loss-provider/,trt,Hair loss for women — who to see,1,active,content/_live/insights.json
insight,insights/trt-hair-loss-provider-015-hair-loss-for-men-who-to-see.html,https://hormonesivhair.com/trt/hair-loss-provider/,trt,Hair loss for men — who to see,1,active,content/_live/insights.json
insight,insights/trt-hair-loss-provider-016-patchy-hair-loss-who-to-see.html,https://hormonesivhair.com/trt/hair-loss-provider/,trt,Patchy hair loss — who to see,1,active,content/_live/insights.json
insight,insights/trt-hair-loss-provider-017-sudden-shedding-who-to-see.html,https://hormonesivhair.com/trt/hair-loss-provider/,trt,Sudden shedding — who to see,1,active,content/_live/insights.json
insight,insights/trt-hair-loss-provider-018-hairline-vs-crown-different-options.html,https://hormonesivhair.com/trt/hair-loss-provider/,trt,Hairline vs crown — different options?,1,active,content/_live/insights.json
insight,insights/trt-hair-loss-provider-019-fue-vs-fut-what-to-ask.html,https://hormonesivhair.com/trt/hair-loss-provider/,trt,FUE vs FUT — what to ask,1,active,content/_live/insights.json
insight,insights/trt-hair-loss-provider-020-prp-vs-meds-what-to-ask.html,https://hormonesivhair.com/trt/hair-loss-provider/,trt,PRP vs meds — what to ask,1,active,content/_live/insights.json
insight,insights/trt-hair-loss-provider-021-does-trt-affect-hair-loss.html,https://hormonesivhair.com/trt/hair-loss-provider/,trt,Does TRT affect hair loss?,1,active,content/_live/insights.json
insight,insights/trt-hair-loss-provider-022-how-to-combine-trt-and-hair-care.html,https://hormonesivhair.com/trt/hair-loss-provider/,trt,How to combine TRT and hair care,1,active,content/_live/insights.json
insight,insights/trt-hair-loss-provider-023-when-a-dermatologist-is-the-right-first-stop-for-hair-loss.html,https://hormonesivhair.com/trt/hair-loss-provider/,trt,When a dermatologist is the right first stop for hair loss,1,active,content/_live/insights.json
insight,insights/trt-hair-loss-provider-024-how-to-compare-hair-transplant-clinics.html,https://hormonesivhair.com/trt/hair-loss-provider/,trt,How to compare hair transplant clinics,1,active,content/_live/insights.json
insight,insights/trt-hair-loss-provider-025-how-to-compare-prp-treatment-providers.html,https://hormonesivhair.com/trt/hair-loss-provider/,trt,How to compare PRP treatment providers,1,active,content/_live/insights.json
insight,insights/trt-hair-loss-provider-026-how-to-verify-a-hair-clinic-is-legit.html,https://hormonesivhair.com/trt/hair-loss-provider/,trt,How to verify a hair clinic is legit,1,active,content/_live/insights.json
insight,insights/trt-labs-dosing-001-when-should-trt-labs-be-drawn-after-starting-treatment.html,https://hormonesivhair.com,trt,When Should Trt Labs Be Drawn After Starting Treatment,1,active,content/_live/insights.json
insight,insights/trt-labs-dosing-002-how-often-should-trt-labs-usually-be-repeated.html,https://hormonesivhair.com,trt,How Often Should Trt Labs Usually Be Repeated,1,active,content/_live/insights.json
insight,insights/trt-labs-dosing-003-what-happens-if-my-trt-dose-feels-too-high.html,https://hormonesivhair.com,trt,What Happens If My Trt Dose Feels Too High,1,active,content/_live/insights.json
insight,insights/trt-labs-dosing-004-should-i-change-dose-before-my-next-lab-panel.html,https://hormonesivhair.com,trt,Should I Change Dose Before My Next Lab Panel,1,active,content/_live/insights.json
insight,insights/trt-medication-costs-001-what-is-usually-included-in-a-trt-monthly-price.html,https://hormonesivhair.com,trt,What Is Usually Included In A Trt Monthly Price,1,active,content/_live/insights.json
insight,insights/trt-medication-costs-002-do-trt-clinic-fees-usually-include-labs.html,https://hormonesivhair.com,trt,Do Trt Clinic Fees Usually Include Labs,1,active,content/_live/insights.json
insight,insights/trt-medication-costs-003-how-much-do-supplies-add-to-trt-cost.html,https://hormonesivhair.com,trt,How Much Do Supplies Add To Trt Cost,1,active,content/_live/insights.json
insight,insights/trt-medication-costs-004-what-happens-if-i-need-a-refill-early-on-trt.html,https://hormonesivhair.com,trt,What Happens If I Need A Refill Early On Trt,1,active,content/_live/insights.json
insight,insights/trt-peptide-clinic-selection-001-peptide-clinic-near-me.html,https://hormonesivhair.com,trt,Peptide Clinic Near Me,1,active,content/_live/insights.json
insight,insights/trt-peptide-clinic-selection-002-best-peptide-clinic-near-me.html,https://hormonesivhair.com,trt,Best Peptide Clinic Near Me,1,active,content/_live/insights.json
insight,insights/trt-peptide-clinic-selection-003-top-peptide-clinic-near-me.html,https://hormonesivhair.com,trt,Top Peptide Clinic Near Me,1,active,content/_live/insights.json
insight,insights/trt-peptide-clinic-selection-004-peptide-injections-near-me.html,https://hormonesivhair.com,trt,Peptide Injections Near Me,1,active,content/_live/insights.json
insight,insights/trt-peptide-clinic-selection-005-where-can-i-get-peptides-near-me.html,https://hormonesivhair.com,trt,Where Can I Get Peptides Near Me,1,active,content/_live/insights.json
insight,insights/trt-peptide-clinic-selection-006-peptide-therapy-near-me.html,https://hormonesivhair.com,trt,Peptide Therapy Near Me,1,active,content/_live/insights.json
insight,insights/trt-peptide-clinic-selection-007-peptide-doctor-near-me.html,https://hormonesivhair.com,trt,Peptide Doctor Near Me,1,active,content/_live/insights.json
insight,insights/trt-peptide-clinic-selection-008-who-gives-peptide-injections-near-me.html,https://hormonesivhair.com,trt,Who Gives Peptide Injections Near Me,1,active,content/_live/insights.json
insight,insights/trt-peptide-clinic-selection-009-how-to-find-a-peptide-clinic-that-is-actually-legit.html,https://hormonesivhair.com,trt,How To Find A Peptide Clinic That Is Actually Legit,1,active,content/_live/insights.json
insight,insights/trt-peptide-clinic-selection-010-what-should-i-ask-a-peptide-clinic-before-i-sign-up.html,https://hormonesivhair.com,trt,What Should I Ask A Peptide Clinic Before I Sign Up,1,active,content/_live/insights.json
insight,insights/trt-peptide-cost-safety-001-how-much-do-peptide-injections-cost.html,https://hormonesivhair.com,trt,How Much Do Peptide Injections Cost,1,active,content/_live/insights.json
insight,insights/trt-peptide-cost-safety-002-how-much-do-peptides-cost-per-month.html,https://hormonesivhair.com,trt,How Much Do Peptides Cost Per Month,1,active,content/_live/insights.json
insight,insights/trt-peptide-cost-safety-003-are-peptides-expensive.html,https://hormonesivhair.com,trt,Are Peptides Expensive,1,active,content/_live/insights.json
insight,insights/trt-peptide-cost-safety-004-do-peptide-clinics-charge-monthly.html,https://hormonesivhair.com,trt,Do Peptide Clinics Charge Monthly,1,active,content/_live/insights.json
insight,insights/trt-peptide-cost-safety-005-how-much-is-peptide-therapy.html,https://hormonesivhair.com,trt,How Much Is Peptide Therapy,1,active,content/_live/insights.json
insight,insights/trt-peptide-cost-safety-006-are-peptides-covered-by-insurance.html,https://hormonesivhair.com,trt,Are Peptides Covered By Insurance,1,active,content/_live/insights.json
insight,insights/trt-peptide-cost-safety-007-are-peptides-safe.html,https://hormonesivhair.com,trt,Are Peptides Safe,1,active,content/_live/insights.json
insight,insights/trt-peptide-cost-safety-008-are-peptide-clinics-legit.html,https://hormonesivhair.com,trt,Are Peptide Clinics Legit,1,active,content/_live/insights.json
insight,insights/trt-peptide-cost-safety-009-is-peptide-therapy-safe.html,https://hormonesivhair.com,trt,Is Peptide Therapy Safe,1,active,content/_live/insights.json
insight,insights/trt-peptide-cost-safety-010-are-peptides-legal.html,https://hormonesivhair.com,trt,Are Peptides Legal,1,active,content/_live/insights.json
insight,insights/trt-peptide-cost-safety-011-can-peptides-be-dangerous.html,https://hormonesivhair.com,trt,Can Peptides Be Dangerous,1,active,content/_live/insights.json
insight,insights/trt-peptide-cost-safety-012-what-are-the-risks-of-peptides.html,https://hormonesivhair.com,trt,What Are The Risks Of Peptides,1,active,content/_live/insights.json
insight,insights/trt-peptide-red-flags-001-peptide-clinic-red-flags.html,https://hormonesivhair.com,trt,Peptide Clinic Red Flags,1,active,content/_live/insights.json
insight,insights/trt-peptide-red-flags-002-how-to-know-if-a-peptide-clinic-is-legit.html,https://hormonesivhair.com,trt,How To Know If A Peptide Clinic Is Legit,1,active,content/_live/insights.json
insight,insights/trt-peptide-red-flags-003-what-happens-when-you-start-peptides.html,https://hormonesivhair.com,trt,What Happens When You Start Peptides,1,active,content/_live/insights.json
insight,insights/trt-peptide-red-flags-004-how-long-do-peptides-take-to-work.html,https://hormonesivhair.com,trt,How Long Do Peptides Take To Work,1,active,content/_live/insights.json
insight,insights/trt-peptide-red-flags-005-do-peptides-actually-work.html,https://hormonesivhair.com,trt,Do Peptides Actually Work,1,active,content/_live/insights.json
insight,insights/trt-peptide-red-flags-006-do-you-inject-peptides-yourself.html,https://hormonesivhair.com,trt,Do You Inject Peptides Yourself,1,active,content/_live/insights.json
insight,insights/trt-peptide-red-flags-007-can-you-stop-peptides-anytime.html,https://hormonesivhair.com,trt,Can You Stop Peptides Anytime,1,active,content/_live/insights.json
insight,insights/trt-peptide-types-uses-001-what-are-peptides.html,https://hormonesivhair.com,trt,What Are Peptides,1,active,content/_live/insights.json
insight,insights/trt-peptide-types-uses-002-what-is-peptide-therapy.html,https://hormonesivhair.com,trt,What Is Peptide Therapy,1,active,content/_live/insights.json
insight,insights/trt-peptide-types-uses-003-what-do-peptides-do.html,https://hormonesivhair.com,trt,What Do Peptides Do,1,active,content/_live/insights.json
insight,insights/trt-peptide-types-uses-004-why-are-people-using-peptides.html,https://hormonesivhair.com,trt,Why Are People Using Peptides,1,active,content/_live/insights.json
insight,insights/trt-peptide-types-uses-005-why-are-peptides-so-popular.html,https://hormonesivhair.com,trt,Why Are Peptides So Popular,1,active,content/_live/insights.json
insight,insights/trt-peptide-types-uses-006-weight-loss-peptides-near-me.html,https://hormonesivhair.com,trt,Weight Loss Peptides Near Me,1,active,content/_live/insights.json
insight,insights/trt-peptide-types-uses-007-anti-aging-peptides-near-me.html,https://hormonesivhair.com,trt,Anti Aging Peptides Near Me,1,active,content/_live/insights.json
insight,insights/trt-peptide-types-uses-008-peptides-for-hair-loss.html,https://hormonesivhair.com,trt,Peptides For Hair Loss,1,active,content/_live/insights.json
insight,insights/trt-peptide-types-uses-009-do-peptides-help-with-hair-loss.html,https://hormonesivhair.com,trt,Do Peptides Help With Hair Loss,1,active,content/_live/insights.json
insight,insights/trt-peptide-types-uses-010-why-are-people-in-silicon-valley-using-peptides.html,https://hormonesivhair.com,trt,Why Are People In Silicon Valley Using Peptides,1,active,content/_live/insights.json
insight,insights/trt-peptide-types-uses-011-are-peptides-the-next-trt.html,https://hormonesivhair.com,trt,Are Peptides The Next Trt,1,active,content/_live/insights.json
insight,insights/trt-peptide-types-uses-012-peptides-vs-trt.html,https://hormonesivhair.com,trt,Peptides Vs Trt,1,active,content/_live/insights.json
insight,insights/trt-peptide-types-uses-013-peptides-vs-iv-therapy.html,https://hormonesivhair.com,trt,Peptides Vs Iv Therapy,1,active,content/_live/insights.json
insight,insights/trt-peptide-types-uses-014-should-i-do-trt-or-peptides.html,https://hormonesivhair.com,trt,Should I Do Trt Or Peptides,1,active,content/_live/insights.json
insight,insights/trt-q001-how-does-trt-legality-and-prescribing-rules-work.html,https://hormonesivhair.com/request-assistance/,trt,How does TRT legality and prescribing rules work?,1,active,content/_live/insights.json
insight,insights/trt-q002-what-should-i-verify-about-trt-legality-and-prescribing-rules.html,https://hormonesivhair.com/request-assistance/,trt,What should I verify about TRT legality and prescribing rules?,1,active,content/_live/insights.json
insight,insights/trt-q003-what-are-the-red-flags-with-trt-legality-and-prescribing-rules.html,https://hormonesivhair.com/request-assistance/,trt,What are the red flags with TRT legality and prescribing rules?,1,active,content/_live/insights.json
insight,insights/trt-q004-how-does-telehealth-trt-rules-work.html,https://hormonesivhair.com/request-assistance/,trt,How does telehealth TRT rules work?,1,active,content/_live/insights.json
insight,insights/trt-q005-what-should-i-verify-about-telehealth-trt-rules.html,https://hormonesivhair.com/request-assistance/,trt,What should I verify about telehealth TRT rules?,1,active,content/_live/insights.json
insight,insights/trt-q006-what-are-the-red-flags-with-telehealth-trt-rules.html,https://hormonesivhair.com/request-assistance/,trt,What are the red flags with telehealth TRT rules?,1,active,content/_live/insights.json
insight,insights/trt-q007-how-does-trt-fertility-planning-work.html,https://hormonesivhair.com/request-assistance/,trt,How does TRT fertility planning work?,1,active,content/_live/insights.json
insight,insights/trt-q008-what-should-i-verify-about-trt-fertility-planning.html,https://hormonesivhair.com/request-assistance/,trt,What should I verify about TRT fertility planning?,1,active,content/_live/insights.json
insight,insights/trt-q009-what-are-the-red-flags-with-trt-fertility-planning.html,https://hormonesivhair.com/request-assistance/,trt,What are the red flags with TRT fertility planning?,1,active,content/_live/insights.json
insight,insights/trt-q010-how-does-trt-laboratory-monitoring-work.html,https://hormonesivhair.com/request-assistance/,trt,How does TRT laboratory monitoring work?,1,active,content/_live/insights.json
insight,insights/trt-q011-what-should-i-verify-about-trt-laboratory-monitoring.html,https://hormonesivhair.com/request-assistance/,trt,What should I verify about TRT laboratory monitoring?,1,active,content/_live/insights.json
insight,insights/trt-q012-what-are-the-red-flags-with-trt-laboratory-monitoring.html,https://hormonesivhair.com/request-assistance/,trt,What are the red flags with TRT laboratory monitoring?,1,active,content/_live/insights.json
insight,insights/trt-q013-how-does-trt-contraindications-work.html,https://hormonesivhair.com/request-assistance/,trt,How does TRT contraindications work?,1,active,content/_live/insights.json
insight,insights/trt-q014-what-should-i-verify-about-trt-contraindications.html,https://hormonesivhair.com/request-assistance/,trt,What should I verify about TRT contraindications?,1,active,content/_live/insights.json
insight,insights/trt-q015-what-are-the-red-flags-with-trt-contraindications.html,https://hormonesivhair.com/request-assistance/,trt,What are the red flags with TRT contraindications?,1,active,content/_live/insights.json
insight,insights/trt-q016-how-does-trt-side-effects-work.html,https://hormonesivhair.com/request-assistance/,trt,How does TRT side effects work?,1,active,content/_live/insights.json
insight,insights/trt-q017-what-should-i-verify-about-trt-side-effects.html,https://hormonesivhair.com/request-assistance/,trt,What should I verify about TRT side effects?,1,active,content/_live/insights.json
insight,insights/trt-q018-what-are-the-red-flags-with-trt-side-effects.html,https://hormonesivhair.com/request-assistance/,trt,What are the red flags with TRT side effects?,1,active,content/_live/insights.json
insight,insights/trt-q019-how-does-testosterone-and-hair-loss-work.html,https://hormonesivhair.com/request-assistance/,trt,How does testosterone and hair loss work?,1,active,content/_live/insights.json
insight,insights/trt-q020-what-should-i-verify-about-testosterone-and-hair-loss.html,https://hormonesivhair.com/request-assistance/,trt,What should I verify about testosterone and hair loss?,1,active,content/_live/insights.json
insight,insights/trt-q021-what-are-the-red-flags-with-testosterone-and-hair-loss.html,https://hormonesivhair.com/request-assistance/,trt,What are the red flags with testosterone and hair loss?,1,active,content/_live/insights.json
insight,insights/trt-q022-how-does-prp-and-microneedling-work.html,https://hormonesivhair.com/request-assistance/,trt,How does PRP and microneedling work?,1,active,content/_live/insights.json
insight,insights/trt-q023-what-should-i-verify-about-prp-and-microneedling.html,https://hormonesivhair.com/request-assistance/,trt,What should I verify about PRP and microneedling?,1,active,content/_live/insights.json
insight,insights/trt-q024-what-are-the-red-flags-with-prp-and-microneedling.html,https://hormonesivhair.com/request-assistance/,trt,What are the red flags with PRP and microneedling?,1,active,content/_live/insights.json
insight,insights/trt-q025-how-does-peptide-clinic-claims-work.html,https://hormonesivhair.com/request-assistance/,trt,How does peptide clinic claims work?,1,active,content/_live/insights.json
insight,insights/trt-q026-what-should-i-verify-about-peptide-clinic-claims.html,https://hormonesivhair.com/request-assistance/,trt,What should I verify about peptide clinic claims?,1,active,content/_live/insights.json
insight,insights/trt-q027-what-are-the-red-flags-with-peptide-clinic-claims.html,https://hormonesivhair.com/request-assistance/,trt,What are the red flags with peptide clinic claims?,1,active,content/_live/insights.json
insight,insights/trt-q028-how-does-trt-provider-red-flags-work.html,https://hormonesivhair.com/request-assistance/,trt,How does TRT provider red flags work?,1,active,content/_live/insights.json
insight,insights/trt-q029-what-should-i-verify-about-trt-provider-red-flags.html,https://hormonesivhair.com/request-assistance/,trt,What should I verify about TRT provider red flags?,1,active,content/_live/insights.json
insight,insights/trt-q030-what-are-the-red-flags-with-trt-provider-red-flags.html,https://hormonesivhair.com/request-assistance/,trt,What are the red flags with TRT provider red flags?,1,active,content/_live/insights.json
insight,insights/trt-safety-red-flags-001-trt-safety-what-to-watch-for.html,https://hormonesivhair.com/trt/safety-red-flags/,trt,TRT safety — what to watch for,1,active,content/_live/insights.json
insight,insights/trt-safety-red-flags-002-trt-side-effects-what-s-common.html,https://hormonesivhair.com/trt/safety-red-flags/,trt,TRT side effects — what’s common?,1,active,content/_live/insights.json
insight,insights/trt-safety-red-flags-003-trt-red-flags-from-providers.html,https://hormonesivhair.com/trt/safety-red-flags/,trt,TRT red flags from providers,1,active,content/_live/insights.json
insight,insights/trt-safety-red-flags-004-trt-scam-signs.html,https://hormonesivhair.com/trt/safety-red-flags/,trt,TRT scam signs,1,active,content/_live/insights.json
insight,insights/trt-safety-red-flags-005-trt-without-bloodwork-why-it-s-risky.html,https://hormonesivhair.com/trt/safety-red-flags/,trt,TRT without bloodwork — why it’s risky,1,active,content/_live/insights.json
insight,insights/trt-safety-red-flags-006-how-often-should-labs-be-checked.html,https://hormonesivhair.com/trt/safety-red-flags/,trt,How often should labs be checked?,1,active,content/_live/insights.json
insight,insights/trt-safety-red-flags-007-what-monitoring-should-a-clinic-do.html,https://hormonesivhair.com/trt/safety-red-flags/,trt,What monitoring should a clinic do?,1,active,content/_live/insights.json
insight,insights/trt-safety-red-flags-008-trt-and-blood-pressure-what-to-ask.html,https://hormonesivhair.com/trt/safety-red-flags/,trt,TRT and blood pressure — what to ask — TRT: Safety & Red Flags,1,active,content/_live/insights.json
insight,insights/trt-safety-red-flags-009-trt-and-sleep-apnea-what-to-ask.html,https://hormonesivhair.com/trt/safety-red-flags/,trt,TRT and sleep apnea — what to ask — TRT: Safety & Red Flags,1,active,content/_live/insights.json
insight,insights/trt-safety-red-flags-010-trt-and-acne-hair-loss-what-to-ask.html,https://hormonesivhair.com/trt/safety-red-flags/,trt,TRT and acne/hair loss — what to ask,1,active,content/_live/insights.json
insight,insights/trt-safety-red-flags-011-trt-dosing-what-too-high-looks-like.html,https://hormonesivhair.com/trt/safety-red-flags/,trt,TRT dosing — what “too high” looks like,1,active,content/_live/insights.json
insight,insights/trt-safety-red-flags-012-trt-and-estrogen-what-to-ask.html,https://hormonesivhair.com/trt/safety-red-flags/,trt,TRT and estrogen — what to ask,1,active,content/_live/insights.json
insight,insights/trt-safety-red-flags-013-trt-and-hematocrit-what-to-ask.html,https://hormonesivhair.com/trt/safety-red-flags/,trt,TRT and hematocrit — what to ask,1,active,content/_live/insights.json
insight,insights/trt-safety-red-flags-014-trt-and-heart-risk-what-to-ask.html,https://hormonesivhair.com/trt/safety-red-flags/,trt,TRT and heart risk — what to ask,1,active,content/_live/insights.json
insight,insights/trt-safety-red-flags-015-how-to-compare-local-options-using-a-real-decision-checklist.html,https://hormonesivhair.com/trt/safety-red-flags/,trt,How to compare local options using a real decision checklist — TRT: Safety & Red Flags,1,active,content/_live/insights.json
insight,insights/trt-safety-red-flags-016-how-to-switch-trt-providers-safely.html,https://hormonesivhair.com/trt/safety-red-flags/,trt,How to switch TRT providers safely — TRT: Safety & Red Flags,1,active,content/_live/insights.json
insight,insights/trt-safety-red-flags-017-online-trt-safety-checklist.html,https://hormonesivhair.com/trt/safety-red-flags/,trt,Online TRT safety checklist,1,active,content/_live/insights.json
insight,insights/trt-safety-red-flags-018-compounded-meds-what-to-ask.html,https://hormonesivhair.com/trt/safety-red-flags/,trt,Compounded meds — what to ask,1,active,content/_live/insights.json
insight,insights/trt-safety-red-flags-019-guaranteed-results-red-flag.html,https://hormonesivhair.com/trt/safety-red-flags/,trt,“Guaranteed results” — red flag?,1,active,content/_live/insights.json
insight,insights/trt-safety-red-flags-020-clinic-won-t-discuss-risks-red-flag.html,https://hormonesivhair.com/trt/safety-red-flags/,trt,Clinic won’t discuss risks — red flag?,1,active,content/_live/insights.json
insight,insights/trt-safety-red-flags-021-clinic-pushes-add-ons-red-flag.html,https://hormonesivhair.com/trt/safety-red-flags/,trt,Clinic pushes add-ons — red flag?,1,active,content/_live/insights.json
insight,insights/trt-safety-red-flags-022-trt-and-mood-changes-what-to-ask.html,https://hormonesivhair.com/trt/safety-red-flags/,trt,TRT and mood changes — what to ask,1,active,content/_live/insights.json
insight,insights/trt-safety-red-flags-023-trt-and-fertility-preservation-what-to-ask.html,https://hormonesivhair.com/trt/safety-red-flags/,trt,TRT and fertility preservation — what to ask,1,active,content/_live/insights.json
insight,insights/trt-safety-red-flags-024-trt-and-labs-frequency-minimum-standard.html,https://hormonesivhair.com/trt/safety-red-flags/,trt,TRT and labs frequency — minimum standard,1,active,content/_live/insights.json
insight,insights/trt-safety-red-flags-025-trt-clinic-intake-red-flags.html,https://hormonesivhair.com/trt/safety-red-flags/,trt,TRT clinic intake red flags,1,active,content/_live/insights.json
insight,insights/trt-side-effects-monitoring-001-what-side-effects-should-i-watch-for-on-trt.html,https://hormonesivhair.com,trt,What Side Effects Should I Watch For On Trt,1,active,content/_live/insights.json
insight,insights/trt-side-effects-monitoring-002-how-high-hematocrit-is-too-high-on-trt.html,https://hormonesivhair.com,trt,How High Hematocrit Is Too High On Trt,1,active,content/_live/insights.json
insight,insights/trt-side-effects-monitoring-003-when-should-estrogen-symptoms-be-taken-seriously-on-trt.html,https://hormonesivhair.com,trt,When Should Estrogen Symptoms Be Taken Seriously On Trt,1,active,content/_live/insights.json
insight,insights/trt-side-effects-monitoring-004-does-trt-affect-blood-pressure-or-sleep.html,https://hormonesivhair.com,trt,Does Trt Affect Blood Pressure Or Sleep,1,active,content/_live/insights.json
insight,insights/uscis-medical-001-what-is-the-uscis-medical-exam-who-performs-it-and-when-is-it-used.html,https://uscisexam.com/uscis-medical/,uscis-medical,"What is the USCIS medical exam, who performs it, and when is it used?",1,active,content/_live/insights.json
insight,insights/uscis-medical-002-uscis-medical-exam-questions-answered-in-plain-english.html,https://uscisexam.com/uscis-medical/,uscis-medical,USCIS medical exam questions answered in plain English,1,active,content/_live/insights.json
insight,insights/uscis-medical-008-how-long-is-the-medical-exam-valid.html,https://uscisexam.com/uscis-medical/,uscis-medical,How long is the medical exam valid?,1,active,content/_live/insights.json
insight,insights/uscis-medical-009-how-much-does-the-exam-cost.html,https://uscisexam.com/uscis-medical/,uscis-medical,How much does the exam cost?,1,active,content/_live/insights.json
insight,insights/uscis-medical-010-walk-in-or-same-day-exam-what-s-realistic.html,https://uscisexam.com/uscis-medical/,uscis-medical,Walk‑in or same‑day exam — what’s realistic?,1,active,content/_live/insights.json
insight,insights/uscis-medical-011-how-to-avoid-delays-and-rfes.html,https://uscisexam.com/uscis-medical/,uscis-medical,How to avoid delays and RFEs,1,active,content/_live/insights.json
insight,insights/uscis-medical-014-what-if-i-m-missing-vaccine-records.html,https://uscisexam.com/uscis-medical/,uscis-medical,What if I’m missing vaccine records,1,active,content/_live/insights.json
insight,insights/uscis-medical-015-what-if-i-need-tb-testing.html,https://uscisexam.com/uscis-medical/,uscis-medical,What if I need TB testing,1,active,content/_live/insights.json
insight,insights/uscis-medical-016-how-to-get-the-sealed-envelope-safely.html,https://uscisexam.com/uscis-medical/,uscis-medical,How to get the sealed envelope safely,1,active,content/_live/insights.json
insight,insights/uscis-medical-017-what-to-do-if-the-doctor-makes-a-mistake.html,https://uscisexam.com/uscis-medical/,uscis-medical,What to do if the doctor makes a mistake,1,active,content/_live/insights.json
insight,insights/uscis-medical-019-how-to-verify-a-doctor-is-authorized.html,https://uscisexam.com/uscis-medical/,uscis-medical,How to verify a doctor is authorized,1,active,content/_live/insights.json
insight,insights/uscis-medical-020-walk-in-exam-what-to-call-and-ask.html,https://uscisexam.com/uscis-medical/,uscis-medical,Walk‑in exam — what to call and ask,1,active,content/_live/insights.json
insight,insights/uscis-medical-021-same-day-envelope-is-it-realistic.html,https://uscisexam.com/uscis-medical/,uscis-medical,Same‑day envelope — is it realistic?,1,active,content/_live/insights.json
insight,insights/uscis-medical-023-what-to-do-if-you-need-vaccines.html,https://uscisexam.com/uscis-medical/,uscis-medical,What to do if you need vaccines,1,active,content/_live/insights.json
insight,insights/uscis-medical-024-what-to-do-if-you-have-no-records.html,https://uscisexam.com/uscis-medical/,uscis-medical,What to do if you have no records,1,active,content/_live/insights.json
insight,insights/uscis-medical-025-what-to-do-if-you-are-pregnant.html,https://uscisexam.com/uscis-medical/,uscis-medical,What to do if you are pregnant,1,active,content/_live/insights.json
insight,insights/uscis-medical-026-what-to-do-if-you-have-tb-history.html,https://uscisexam.com/uscis-medical/,uscis-medical,What to do if you have TB history,1,active,content/_live/insights.json
insight,insights/uscis-medical-027-how-to-prepare-your-documents-the-night-before.html,https://uscisexam.com/uscis-medical/,uscis-medical,How to prepare your documents the night before,1,active,content/_live/insights.json
insight,insights/uscis-medical-028-how-to-compare-2-3-clinics-fast.html,https://uscisexam.com/uscis-medical/,uscis-medical,How to compare 2–3 clinics fast,1,active,content/_live/insights.json
insight,insights/uscis-medical-029-how-to-avoid-rfes-from-clinic-mistakes.html,https://uscisexam.com/uscis-medical/,uscis-medical,How to avoid RFEs from clinic mistakes,1,active,content/_live/insights.json
insight,insights/uscis-medical-030-how-to-handle-tight-deadlines.html,https://uscisexam.com/uscis-medical/,uscis-medical,How to handle tight deadlines,1,active,content/_live/insights.json
insight,insights/uscis-medical-031-how-to-get-corrections-quickly.html,https://uscisexam.com/uscis-medical/,uscis-medical,How to get corrections quickly,1,active,content/_live/insights.json
insight,insights/uscis-medical-033-walk-in-form-sealing-near-me.html,https://uscisexam.com/uscis-medical/,uscis-medical,Walk-In Form Sealing Near Me,1,active,content/_live/insights.json
insight,insights/uscis-medical-034-same-week-form-sealing-near-me.html,https://uscisexam.com/uscis-medical/,uscis-medical,Same Week Form Sealing Near Me,1,active,content/_live/insights.json
insight,insights/uscis-medical-035-trusted-form-sealing-near-me.html,https://uscisexam.com/uscis-medical/,uscis-medical,Trusted Form Sealing Near Me,1,active,content/_live/insights.json
insight,insights/uscis-medical-036-highly-reviewed-form-sealing-near-me.html,https://uscisexam.com/uscis-medical/,uscis-medical,Highly Reviewed Form Sealing Near Me,1,active,content/_live/insights.json
insight,insights/uscis-medical-037-fast-paperwork-form-sealing-near-me.html,https://uscisexam.com/uscis-medical/,uscis-medical,Fast Paperwork Form Sealing Near Me,1,active,content/_live/insights.json
insight,insights/uscis-medical-038-best-uscis-medical-exam-near-me.html,https://uscisexam.com/uscis-medical/,uscis-medical,Best Uscis Medical Exam Near Me,1,active,content/_live/insights.json
insight,insights/uscis-medical-039-top-rated-uscis-medical-exam-near-me.html,https://uscisexam.com/uscis-medical/,uscis-medical,Top Rated Uscis Medical Exam Near Me,1,active,content/_live/insights.json
insight,insights/uscis-medical-040-affordable-uscis-medical-exam-near-me.html,https://uscisexam.com/uscis-medical/,uscis-medical,Affordable Uscis Medical Exam Near Me,1,active,content/_live/insights.json
insight,insights/uscis-medical-041-near-me-uscis-medical-exam-near-me.html,https://uscisexam.com/uscis-medical/,uscis-medical,Near Me Uscis Medical Exam Near Me,1,active,content/_live/insights.json
insight,insights/uscis-medical-042-civil-surgeon-uscis-medical-exam-near-me.html,https://uscisexam.com/uscis-medical/,uscis-medical,Civil Surgeon Uscis Medical Exam Near Me,1,active,content/_live/insights.json
insight,insights/uscis-medical-043-walk-in-uscis-medical-exam-near-me.html,https://uscisexam.com/uscis-medical/,uscis-medical,Walk-In Uscis Medical Exam Near Me,1,active,content/_live/insights.json
insight,insights/uscis-medical-044-5-step-uscis-civil-surgeon-selection-framework.html,https://uscisexam.com/uscis-medical/,uscis-medical,5-step USCIS civil surgeon selection framework,1,active,content/_live/insights.json
insight,insights/uscis-medical-045-near-me-translation-of-records-near-me.html,https://uscisexam.com/uscis-medical/,uscis-medical,Near Me Translation Of Records Near Me,1,active,content/_live/insights.json
insight,insights/uscis-medical-046-civil-surgeon-translation-of-records-near-me.html,https://uscisexam.com/uscis-medical/,uscis-medical,Civil Surgeon Translation Of Records Near Me,1,active,content/_live/insights.json
insight,insights/uscis-medical-047-walk-in-translation-of-records-near-me.html,https://uscisexam.com/uscis-medical/,uscis-medical,Walk-In Translation Of Records Near Me,1,active,content/_live/insights.json
insight,insights/uscis-medical-048-same-week-translation-of-records-near-me.html,https://uscisexam.com/uscis-medical/,uscis-medical,Same Week Translation Of Records Near Me,1,active,content/_live/insights.json
insight,insights/uscis-medical-049-trusted-translation-of-records-near-me.html,https://uscisexam.com/uscis-medical/,uscis-medical,Trusted Translation Of Records Near Me,1,active,content/_live/insights.json
insight,insights/uscis-medical-050-highly-reviewed-translation-of-records-near-me.html,https://uscisexam.com/uscis-medical/,uscis-medical,Highly Reviewed Translation Of Records Near Me,1,active,content/_live/insights.json
insight,insights/uscis-medical-051-fast-paperwork-translation-of-records-near-me.html,https://uscisexam.com/uscis-medical/,uscis-medical,Fast Paperwork Translation Of Records Near Me,1,active,content/_live/insights.json
insight,insights/uscis-medical-052-best-tb-test-near-me.html,https://uscisexam.com/uscis-medical/,uscis-medical,Best Tb Test Near Me,1,active,content/_live/insights.json
insight,insights/uscis-medical-053-top-rated-tb-test-near-me.html,https://uscisexam.com/uscis-medical/,uscis-medical,Top Rated Tb Test Near Me,1,active,content/_live/insights.json
insight,insights/uscis-medical-054-affordable-tb-test-near-me.html,https://uscisexam.com/uscis-medical/,uscis-medical,Affordable Tb Test Near Me,1,active,content/_live/insights.json
insight,insights/uscis-medical-055-near-me-tb-test-near-me.html,https://uscisexam.com/uscis-medical/,uscis-medical,Near Me Tb Test Near Me,1,active,content/_live/insights.json
insight,insights/uscis-medical-056-civil-surgeon-tb-test-near-me.html,https://uscisexam.com/uscis-medical/,uscis-medical,Civil Surgeon Tb Test Near Me,1,active,content/_live/insights.json
insight,insights/uscis-medical-057-walk-in-tb-test-near-me.html,https://uscisexam.com/uscis-medical/,uscis-medical,Walk-In Tb Test Near Me,1,active,content/_live/insights.json
insight,insights/uscis-medical-058-same-week-tb-test-near-me.html,https://uscisexam.com/uscis-medical/,uscis-medical,Same Week Tb Test Near Me,1,active,content/_live/insights.json
insight,insights/uscis-medical-059-trusted-tb-test-near-me.html,https://uscisexam.com/uscis-medical/,uscis-medical,Trusted Tb Test Near Me,1,active,content/_live/insights.json
insight,insights/uscis-medical-060-highly-reviewed-tb-test-near-me.html,https://uscisexam.com/uscis-medical/,uscis-medical,Highly Reviewed Tb Test Near Me,1,active,content/_live/insights.json
insight,insights/uscis-medical-061-fast-paperwork-tb-test-near-me.html,https://uscisexam.com/uscis-medical/,uscis-medical,Fast Paperwork Tb Test Near Me,1,active,content/_live/insights.json
insight,insights/uscis-medical-062-best-form-sealing-near-me.html,https://uscisexam.com/uscis-medical/,uscis-medical,Best Form Sealing Near Me,1,active,content/_live/insights.json
insight,insights/uscis-medical-063-top-rated-form-sealing-near-me.html,https://uscisexam.com/uscis-medical/,uscis-medical,Top Rated Form Sealing Near Me,1,active,content/_live/insights.json
insight,insights/uscis-medical-064-affordable-form-sealing-near-me.html,https://uscisexam.com/uscis-medical/,uscis-medical,Affordable Form Sealing Near Me,1,active,content/_live/insights.json
insight,insights/uscis-medical-065-near-me-form-sealing-near-me.html,https://uscisexam.com/uscis-medical/,uscis-medical,Near Me Form Sealing Near Me,1,active,content/_live/insights.json
insight,insights/uscis-medical-066-civil-surgeon-form-sealing-near-me.html,https://uscisexam.com/uscis-medical/,uscis-medical,Civil Surgeon Form Sealing Near Me,1,active,content/_live/insights.json
insight,insights/uscis-medical-after-exam-filing-001-what-do-i-do-with-the-sealed-medical-envelope-after-the-exam.html,https://uscisexam.com,uscis-medical,What Do I Do With The Sealed Medical Envelope After The Exam,1,active,content/_live/insights.json
insight,insights/uscis-medical-after-exam-filing-002-can-i-mail-the-i-693-later-if-i-do-not-file-immediately.html,https://uscisexam.com,uscis-medical,Can I Mail The I-693 Later If I Do Not File Immediately,1,active,content/_live/insights.json
insight,insights/uscis-medical-after-exam-filing-003-what-if-i-get-an-rfe-after-my-immigration-medical-exam.html,https://uscisexam.com,uscis-medical,What If I Get An Rfe After My Immigration Medical Exam,1,active,content/_live/insights.json
insight,insights/uscis-medical-after-exam-filing-004-should-i-open-the-sealed-uscis-medical-packet-to-check-it.html,https://uscisexam.com,uscis-medical,Should I Open The Sealed Uscis Medical Packet To Check It,1,active,content/_live/insights.json
insight,insights/uscis-medical-civil-surgeon-near-me-001-how-to-verify-and-compare-civil-surgeons-before-booking.html,https://uscisexam.com/uscis-medical/civil-surgeon-near-me/,uscis-medical,How to verify and compare civil surgeons before booking,1,active,content/_live/insights.json
insight,insights/uscis-medical-civil-surgeon-near-me-002-how-to-start-the-uscis-medical-exam-process-the-right-way.html,https://uscisexam.com/uscis-medical/civil-surgeon-near-me/,uscis-medical,How to start the USCIS medical exam process the right way,1,active,content/_live/insights.json
insight,insights/uscis-medical-civil-surgeon-near-me-003-how-to-compare-uscis-exam-pricing-without-creating-delays.html,https://uscisexam.com/uscis-medical/civil-surgeon-near-me/,uscis-medical,How to compare USCIS exam pricing without creating delays,1,active,content/_live/insights.json
insight,insights/uscis-medical-civil-surgeon-near-me-004-walk-in-uscis-medical-exam-is-it-possible.html,https://uscisexam.com/uscis-medical/civil-surgeon-near-me/,uscis-medical,Walk‑in USCIS medical exam — is it possible?,1,active,content/_live/insights.json
insight,insights/uscis-medical-civil-surgeon-near-me-005-same-day-i-693-exam-what-to-expect.html,https://uscisexam.com/uscis-medical/civil-surgeon-near-me/,uscis-medical,Same‑day I‑693 exam — what to expect,1,active,content/_live/insights.json
insight,insights/uscis-medical-civil-surgeon-near-me-006-how-to-check-urgent-civil-surgeon-availability-before-you-go.html,https://uscisexam.com/uscis-medical/civil-surgeon-near-me/,uscis-medical,How to check urgent civil-surgeon availability before you go,1,active,content/_live/insights.json
insight,insights/uscis-medical-civil-surgeon-near-me-007-how-to-compare-civil-surgeons-without-guessing.html,https://uscisexam.com/uscis-medical/civil-surgeon-near-me/,uscis-medical,How to compare civil surgeons without guessing,1,active,content/_live/insights.json
insight,insights/uscis-medical-civil-surgeon-near-me-008-what-top-rated-should-mean-when-choosing-a-civil-surgeon.html,https://uscisexam.com/uscis-medical/civil-surgeon-near-me/,uscis-medical,What “top rated” should mean when choosing a civil surgeon,1,active,content/_live/insights.json
insight,insights/uscis-medical-civil-surgeon-near-me-009-how-to-verify-a-civil-surgeon-is-authorized.html,https://uscisexam.com/uscis-medical/civil-surgeon-near-me/,uscis-medical,How to verify a civil surgeon is authorized,1,active,content/_live/insights.json
insight,insights/uscis-medical-civil-surgeon-near-me-010-red-flags-in-immigration-medical-clinics.html,https://uscisexam.com/uscis-medical/civil-surgeon-near-me/,uscis-medical,Red flags in immigration medical clinics,1,active,content/_live/insights.json
insight,insights/uscis-medical-civil-surgeon-near-me-011-how-to-compare-2-3-civil-surgeons.html,https://uscisexam.com/uscis-medical/civil-surgeon-near-me/,uscis-medical,How to compare 2–3 civil surgeons,1,active,content/_live/insights.json
insight,insights/uscis-medical-civil-surgeon-near-me-012-what-documents-do-i-bring.html,https://uscisexam.com/uscis-medical/civil-surgeon-near-me/,uscis-medical,What documents do I bring?,1,active,content/_live/insights.json
insight,insights/uscis-medical-civil-surgeon-near-me-013-what-vaccines-do-i-need.html,https://uscisexam.com/uscis-medical/civil-surgeon-near-me/,uscis-medical,What vaccines do I need?,1,active,content/_live/insights.json
insight,insights/uscis-medical-civil-surgeon-near-me-014-can-i-use-old-vaccine-records.html,https://uscisexam.com/uscis-medical/civil-surgeon-near-me/,uscis-medical,Can I use old vaccine records?,1,active,content/_live/insights.json
insight,insights/uscis-medical-civil-surgeon-near-me-015-how-long-does-the-appointment-take.html,https://uscisexam.com/uscis-medical/civil-surgeon-near-me/,uscis-medical,How long does the appointment take?,1,active,content/_live/insights.json
insight,insights/uscis-medical-civil-surgeon-near-me-016-how-fast-do-i-get-the-sealed-envelope.html,https://uscisexam.com/uscis-medical/civil-surgeon-near-me/,uscis-medical,How fast do I get the sealed envelope?,1,active,content/_live/insights.json
insight,insights/uscis-medical-civil-surgeon-near-me-017-can-they-mail-the-results.html,https://uscisexam.com/uscis-medical/civil-surgeon-near-me/,uscis-medical,Can they mail the results?,1,active,content/_live/insights.json
insight,insights/uscis-medical-civil-surgeon-near-me-018-what-if-i-need-lab-tests.html,https://uscisexam.com/uscis-medical/civil-surgeon-near-me/,uscis-medical,What if I need lab tests?,1,active,content/_live/insights.json
insight,insights/uscis-medical-civil-surgeon-near-me-019-what-if-i-m-missing-vaccines.html,https://uscisexam.com/uscis-medical/civil-surgeon-near-me/,uscis-medical,What if I’m missing vaccines?,1,active,content/_live/insights.json
insight,insights/uscis-medical-civil-surgeon-near-me-020-what-if-i-m-pregnant.html,https://uscisexam.com/uscis-medical/civil-surgeon-near-me/,uscis-medical,What if I’m pregnant?,1,active,content/_live/insights.json
insight,insights/uscis-medical-civil-surgeon-near-me-021-what-if-i-have-tb-history.html,https://uscisexam.com/uscis-medical/civil-surgeon-near-me/,uscis-medical,What if I have TB history?,1,active,content/_live/insights.json
insight,insights/uscis-medical-civil-surgeon-near-me-022-what-if-i-have-no-records.html,https://uscisexam.com/uscis-medical/civil-surgeon-near-me/,uscis-medical,What if I have no records?,1,active,content/_live/insights.json
insight,insights/uscis-medical-civil-surgeon-near-me-023-what-if-i-need-a-translator.html,https://uscisexam.com/uscis-medical/civil-surgeon-near-me/,uscis-medical,What if I need a translator?,1,active,content/_live/insights.json
insight,insights/uscis-medical-civil-surgeon-near-me-024-how-to-avoid-delays.html,https://uscisexam.com/uscis-medical/civil-surgeon-near-me/,uscis-medical,How to avoid delays,1,active,content/_live/insights.json
insight,insights/uscis-medical-civil-surgeon-near-me-025-how-to-avoid-redoing-the-exam.html,https://uscisexam.com/uscis-medical/civil-surgeon-near-me/,uscis-medical,How to avoid redoing the exam,1,active,content/_live/insights.json
insight,insights/uscis-medical-civil-surgeon-near-me-026-questions-to-ask-before-scheduling-a-uscis-immigration-physical-exam.html,https://uscisexam.com/uscis-medical/civil-surgeon-near-me/,uscis-medical,Questions To Ask Before Scheduling A USCIS Immigration Physical Exam,1,active,content/_live/insights.json
insight,insights/uscis-medical-civil-surgeon-near-me-027-same-day-uscis-medical-exam-appointments-atlanta-georgia.html,https://uscisexam.com/uscis-medical/civil-surgeon-near-me/,uscis-medical,Same Day USCIS Medical Exam Appointments Atlanta Georgia,1,active,content/_live/insights.json
insight,insights/uscis-medical-correction-mistakes-001-what-if-the-civil-surgeon-made-a-mistake-on-my-i-693.html,https://uscisexam.com,uscis-medical,What If The Civil Surgeon Made A Mistake On My I-693,1,active,content/_live/insights.json
insight,insights/uscis-medical-correction-mistakes-002-can-a-sealed-envelope-be-corrected-after-i-leave-the-office.html,https://uscisexam.com,uscis-medical,Can A Sealed Envelope Be Corrected After I Leave The Office,1,active,content/_live/insights.json
insight,insights/uscis-medical-correction-mistakes-003-what-if-my-name-or-a-date-is-wrong-on-the-medical-form.html,https://uscisexam.com,uscis-medical,What If My Name Or A Date Is Wrong On The Medical Form,1,active,content/_live/insights.json
insight,insights/uscis-medical-correction-mistakes-004-who-fixes-a-missing-signature-on-the-uscis-medical-exam.html,https://uscisexam.com,uscis-medical,Who Fixes A Missing Signature On The Uscis Medical Exam,1,active,content/_live/insights.json
insight,insights/uscis-medical-correction-mistakes-005-i-693-correction-rfe-denial-and-refile-decision-tree.html,https://uscisexam.com,uscis-medical,"I-693 correction, RFE, denial, and refile decision tree",1,active,content/_live/insights.json
insight,insights/uscis-medical-correction-mistakes-006-wrong-date.html,https://uscisexam.com,uscis-medical,Wrong date,1,active,content/_live/insights.json
insight,insights/uscis-medical-cost-001-how-much-does-the-uscis-medical-exam-cost.html,https://uscisexam.com/uscis-medical/cost/,uscis-medical,How much does the USCIS medical exam cost?,1,active,content/_live/insights.json
insight,insights/uscis-medical-cost-002-what-s-included-in-the-price.html,https://uscisexam.com/uscis-medical/cost/,uscis-medical,What’s included in the price?,1,active,content/_live/insights.json
insight,insights/uscis-medical-cost-003-are-labs-included-or-extra.html,https://uscisexam.com/uscis-medical/cost/,uscis-medical,Are labs included or extra?,1,active,content/_live/insights.json
insight,insights/uscis-medical-cost-004-are-vaccines-included-or-extra.html,https://uscisexam.com/uscis-medical/cost/,uscis-medical,Are vaccines included or extra?,1,active,content/_live/insights.json
insight,insights/uscis-medical-cost-005-why-prices-vary-by-clinic.html,https://uscisexam.com/uscis-medical/cost/,uscis-medical,Why prices vary by clinic,1,active,content/_live/insights.json
insight,insights/uscis-medical-cost-006-how-to-get-a-written-quote.html,https://uscisexam.com/uscis-medical/cost/,uscis-medical,How to get a written quote,1,active,content/_live/insights.json
insight,insights/uscis-medical-cost-007-how-to-compare-pricing-without-walking-into-the-wrong-fit.html,https://uscisexam.com/uscis-medical/cost/,uscis-medical,How to compare pricing without walking into the wrong fit — USCIS: Cost,1,active,content/_live/insights.json
insight,insights/uscis-medical-cost-008-payment-plans-do-they-exist.html,https://uscisexam.com/uscis-medical/cost/,uscis-medical,Payment plans — do they exist?,1,active,content/_live/insights.json
insight,insights/uscis-medical-cost-009-can-insurance-cover-any-part.html,https://uscisexam.com/uscis-medical/cost/,uscis-medical,Can insurance cover any part?,1,active,content/_live/insights.json
insight,insights/uscis-medical-cost-010-can-my-child-s-exam-be-cheaper.html,https://uscisexam.com/uscis-medical/cost/,uscis-medical,Can my child’s exam be cheaper?,1,active,content/_live/insights.json
insight,insights/uscis-medical-cost-011-how-to-compare-2-3-quotes.html,https://uscisexam.com/uscis-medical/cost/,uscis-medical,How to compare 2–3 quotes,1,active,content/_live/insights.json
insight,insights/uscis-medical-cost-012-what-fees-are-non-refundable.html,https://uscisexam.com/uscis-medical/cost/,uscis-medical,What fees are non-refundable?,1,active,content/_live/insights.json
insight,insights/uscis-medical-cost-013-how-to-avoid-paying-twice.html,https://uscisexam.com/uscis-medical/cost/,uscis-medical,How to avoid paying twice,1,active,content/_live/insights.json
insight,insights/uscis-medical-cost-014-how-much-do-missing-vaccines-cost.html,https://uscisexam.com/uscis-medical/cost/,uscis-medical,How much do missing vaccines cost?,1,active,content/_live/insights.json
insight,insights/uscis-medical-cost-015-how-much-does-tb-testing-cost.html,https://uscisexam.com/uscis-medical/cost/,uscis-medical,How much does TB testing cost?,1,active,content/_live/insights.json
insight,insights/uscis-medical-cost-016-how-much-do-blood-tests-cost.html,https://uscisexam.com/uscis-medical/cost/,uscis-medical,How much do blood tests cost?,1,active,content/_live/insights.json
insight,insights/uscis-medical-cost-018-how-to-compare-prices-fairly.html,https://uscisexam.com/uscis-medical/cost/,uscis-medical,How to compare prices fairly,1,active,content/_live/insights.json
insight,insights/uscis-medical-cost-019-are-vaccines-billed-separately.html,https://uscisexam.com/uscis-medical/cost/,uscis-medical,Are vaccines billed separately?,1,active,content/_live/insights.json
insight,insights/uscis-medical-cost-020-are-labs-billed-separately.html,https://uscisexam.com/uscis-medical/cost/,uscis-medical,Are labs billed separately?,1,active,content/_live/insights.json
insight,insights/uscis-medical-cost-021-can-i-bring-my-own-vaccine-records-to-reduce-cost.html,https://uscisexam.com/uscis-medical/cost/,uscis-medical,Can I bring my own vaccine records to reduce cost?,1,active,content/_live/insights.json
insight,insights/uscis-medical-cost-022-can-insurance-cover-any-labs.html,https://uscisexam.com/uscis-medical/cost/,uscis-medical,Can insurance cover any labs?,1,active,content/_live/insights.json
insight,insights/uscis-medical-cost-023-refund-policy-what-to-ask.html,https://uscisexam.com/uscis-medical/cost/,uscis-medical,Refund policy — what to ask,1,active,content/_live/insights.json
insight,insights/uscis-medical-cost-024-extra-visit-fees-what-to-ask.html,https://uscisexam.com/uscis-medical/cost/,uscis-medical,Extra visit fees — what to ask,1,active,content/_live/insights.json
insight,insights/uscis-medical-cost-025-how-to-avoid-surprise-charges.html,https://uscisexam.com/uscis-medical/cost/,uscis-medical,How to avoid surprise charges — USCIS: Cost,1,active,content/_live/insights.json
insight,insights/uscis-medical-cost-026-how-much-does-a-civil-surgeon-charge-in-houston-texas-for-green-card.html,https://uscisexam.com/uscis-medical/cost/,uscis-medical,How Much Does A Civil Surgeon Charge In Houston Texas For Green Card,1,active,content/_live/insights.json
insight,insights/uscis-medical-delays-rfe-001-rfe-for-medical-exam-what-does-it-mean.html,https://uscisexam.com/uscis-medical/delays-rfe/,uscis-medical,RFE for medical exam — what does it mean?,1,active,content/_live/insights.json
insight,insights/uscis-medical-delays-rfe-002-medical-exam-expired-what-now.html,https://uscisexam.com/uscis-medical/delays-rfe/,uscis-medical,Medical exam expired — what now?,1,active,content/_live/insights.json
insight,insights/uscis-medical-delays-rfe-003-doctor-forgot-to-sign-what-now.html,https://uscisexam.com/uscis-medical/delays-rfe/,uscis-medical,Doctor forgot to sign — what now?,1,active,content/_live/insights.json
insight,insights/uscis-medical-delays-rfe-004-wrong-form-version-what-now.html,https://uscisexam.com/uscis-medical/delays-rfe/,uscis-medical,Wrong form version — what now?,1,active,content/_live/insights.json
insight,insights/uscis-medical-delays-rfe-005-wrong-vaccine-record-what-now.html,https://uscisexam.com/uscis-medical/delays-rfe/,uscis-medical,Wrong vaccine record — what now?,1,active,content/_live/insights.json
insight,insights/uscis-medical-delays-rfe-006-missing-test-results-what-now.html,https://uscisexam.com/uscis-medical/delays-rfe/,uscis-medical,Missing test results — what now?,1,active,content/_live/insights.json
insight,insights/uscis-medical-delays-rfe-007-clinic-lost-my-paperwork-what-now.html,https://uscisexam.com/uscis-medical/delays-rfe/,uscis-medical,Clinic lost my paperwork — what now?,1,active,content/_live/insights.json
insight,insights/uscis-medical-delays-rfe-008-envelope-opened-what-now.html,https://uscisexam.com/uscis-medical/delays-rfe/,uscis-medical,Envelope opened — what now?,1,active,content/_live/insights.json
insight,insights/uscis-medical-delays-rfe-009-how-to-get-a-replacement-envelope.html,https://uscisexam.com/uscis-medical/delays-rfe/,uscis-medical,How to get a replacement envelope,1,active,content/_live/insights.json
insight,insights/uscis-medical-delays-rfe-010-how-to-request-corrections-fast.html,https://uscisexam.com/uscis-medical/delays-rfe/,uscis-medical,How to request corrections fast,1,active,content/_live/insights.json
insight,insights/uscis-medical-delays-rfe-011-how-to-avoid-a-second-exam.html,https://uscisexam.com/uscis-medical/delays-rfe/,uscis-medical,How to avoid a second exam,1,active,content/_live/insights.json
insight,insights/uscis-medical-delays-rfe-012-how-long-corrections-take.html,https://uscisexam.com/uscis-medical/delays-rfe/,uscis-medical,How long corrections take,1,active,content/_live/insights.json
insight,insights/uscis-medical-delays-rfe-013-how-to-handle-deadlines.html,https://uscisexam.com/uscis-medical/delays-rfe/,uscis-medical,How to handle deadlines — USCIS: Delays & RFEs,1,active,content/_live/insights.json
insight,insights/uscis-medical-delays-rfe-014-what-to-do-if-clinic-won-t-respond.html,https://uscisexam.com/uscis-medical/delays-rfe/,uscis-medical,What to do if clinic won’t respond,1,active,content/_live/insights.json
insight,insights/uscis-medical-delays-rfe-015-what-to-do-if-clinic-closes.html,https://uscisexam.com/uscis-medical/delays-rfe/,uscis-medical,What to do if clinic closes,1,active,content/_live/insights.json
insight,insights/uscis-medical-delays-rfe-016-how-to-document-everything.html,https://uscisexam.com/uscis-medical/delays-rfe/,uscis-medical,How to document everything,1,active,content/_live/insights.json
insight,insights/uscis-medical-delays-rfe-017-how-to-choose-a-clinic-to-avoid-rfes.html,https://uscisexam.com/uscis-medical/delays-rfe/,uscis-medical,How to choose a clinic to avoid RFEs,1,active,content/_live/insights.json
insight,insights/uscis-medical-delays-rfe-018-common-mistakes-that-cause-rfes.html,https://uscisexam.com/uscis-medical/delays-rfe/,uscis-medical,Common mistakes that cause RFEs,1,active,content/_live/insights.json
insight,insights/uscis-medical-delays-rfe-019-how-to-prevent-delays.html,https://uscisexam.com/uscis-medical/delays-rfe/,uscis-medical,How to prevent delays,1,active,content/_live/insights.json
insight,insights/uscis-medical-delays-rfe-020-what-to-do-before-you-submit.html,https://uscisexam.com/uscis-medical/delays-rfe/,uscis-medical,What to do before you submit,1,active,content/_live/insights.json
insight,insights/uscis-medical-delays-rfe-021-what-if-the-doctor-wrote-the-wrong-date.html,https://uscisexam.com/uscis-medical/delays-rfe/,uscis-medical,What if the doctor wrote the wrong date?,1,active,content/_live/insights.json
insight,insights/uscis-medical-delays-rfe-022-what-if-the-doctor-used-the-wrong-test.html,https://uscisexam.com/uscis-medical/delays-rfe/,uscis-medical,What if the doctor used the wrong test?,1,active,content/_live/insights.json
insight,insights/uscis-medical-delays-rfe-023-how-to-re-seal-documents.html,https://uscisexam.com/uscis-medical/delays-rfe/,uscis-medical,How to re-seal documents,1,active,content/_live/insights.json
insight,insights/uscis-medical-delays-rfe-024-how-to-request-a-refund.html,https://uscisexam.com/uscis-medical/delays-rfe/,uscis-medical,How to request a refund,1,active,content/_live/insights.json
insight,insights/uscis-medical-delays-rfe-025-how-to-escalate-a-complaint.html,https://uscisexam.com/uscis-medical/delays-rfe/,uscis-medical,How to escalate a complaint,1,active,content/_live/insights.json
insight,insights/uscis-medical-exam-day-documents-001-what-should-i-bring-to-the-immigration-medical-exam.html,https://uscisexam.com,uscis-medical,What Should I Bring To The Immigration Medical Exam,1,active,content/_live/insights.json
insight,insights/uscis-medical-exam-day-documents-002-do-i-need-passport-photos-for-the-i-693-exam.html,https://uscisexam.com,uscis-medical,Do I Need Passport Photos For The I-693 Exam,1,active,content/_live/insights.json
insight,insights/uscis-medical-exam-day-documents-003-can-i-bring-copies-instead-of-vaccine-originals.html,https://uscisexam.com,uscis-medical,Can I Bring Copies Instead Of Vaccine Originals,1,active,content/_live/insights.json
insight,insights/uscis-medical-exam-day-documents-004-what-usually-happens-during-the-uscis-medical-appointment.html,https://uscisexam.com,uscis-medical,What Usually Happens During The Uscis Medical Appointment,1,active,content/_live/insights.json
insight,insights/uscis-medical-process-documents-001-i-693-explained-in-plain-english.html,https://uscisexam.com/uscis-medical/process-documents/,uscis-medical,I‑693 explained in plain English,1,active,content/_live/insights.json
insight,insights/uscis-medical-process-documents-002-what-to-bring-to-the-uscis-medical-exam.html,https://uscisexam.com/uscis-medical/process-documents/,uscis-medical,What to bring to the USCIS medical exam,1,active,content/_live/insights.json
insight,insights/uscis-medical-process-documents-003-how-the-exam-works-step-by-step.html,https://uscisexam.com/uscis-medical/process-documents/,uscis-medical,How the exam works step by step,1,active,content/_live/insights.json
insight,insights/uscis-medical-process-documents-004-how-vaccines-and-records-work.html,https://uscisexam.com/uscis-medical/process-documents/,uscis-medical,How vaccines and records work,1,active,content/_live/insights.json
insight,insights/uscis-medical-process-documents-005-how-tb-testing-works.html,https://uscisexam.com/uscis-medical/process-documents/,uscis-medical,How TB testing works,1,active,content/_live/insights.json
insight,insights/uscis-medical-process-documents-006-how-labs-work.html,https://uscisexam.com/uscis-medical/process-documents/,uscis-medical,How labs work,1,active,content/_live/insights.json
insight,insights/uscis-medical-process-documents-007-what-gets-sealed-and-why.html,https://uscisexam.com/uscis-medical/process-documents/,uscis-medical,What gets sealed and why,1,active,content/_live/insights.json
insight,insights/uscis-medical-process-documents-008-can-i-open-the-sealed-envelope.html,https://uscisexam.com/uscis-medical/process-documents/,uscis-medical,Can I open the sealed envelope?,1,active,content/_live/insights.json
insight,insights/uscis-medical-process-documents-009-what-if-the-doctor-makes-a-mistake.html,https://uscisexam.com/uscis-medical/process-documents/,uscis-medical,What if the doctor makes a mistake?,1,active,content/_live/insights.json
insight,insights/uscis-medical-process-documents-010-what-if-my-name-is-spelled-wrong.html,https://uscisexam.com/uscis-medical/process-documents/,uscis-medical,What if my name is spelled wrong?,1,active,content/_live/insights.json
insight,insights/uscis-medical-process-documents-011-how-to-request-a-correction.html,https://uscisexam.com/uscis-medical/process-documents/,uscis-medical,How to request a correction,1,active,content/_live/insights.json
insight,insights/uscis-medical-process-documents-012-how-long-is-the-medical-valid.html,https://uscisexam.com/uscis-medical/process-documents/,uscis-medical,How long is the medical valid?,1,active,content/_live/insights.json
insight,insights/uscis-medical-process-documents-013-can-i-do-it-before-filing.html,https://uscisexam.com/uscis-medical/process-documents/,uscis-medical,Can I do it before filing?,1,active,content/_live/insights.json
insight,insights/uscis-medical-process-documents-014-can-i-do-it-after-filing.html,https://uscisexam.com/uscis-medical/process-documents/,uscis-medical,Can I do it after filing?,1,active,content/_live/insights.json
insight,insights/uscis-medical-process-documents-015-what-if-i-moved-states.html,https://uscisexam.com/uscis-medical/process-documents/,uscis-medical,What if I moved states?,1,active,content/_live/insights.json
insight,insights/uscis-medical-process-documents-016-what-if-i-changed-doctors.html,https://uscisexam.com/uscis-medical/process-documents/,uscis-medical,What if I changed doctors?,1,active,content/_live/insights.json
insight,insights/uscis-medical-process-documents-017-what-if-i-have-a-chronic-condition.html,https://uscisexam.com/uscis-medical/process-documents/,uscis-medical,What if I have a chronic condition?,1,active,content/_live/insights.json
insight,insights/uscis-medical-process-documents-018-what-if-i-need-a-waiver.html,https://uscisexam.com/uscis-medical/process-documents/,uscis-medical,What if I need a waiver?,1,active,content/_live/insights.json
insight,insights/uscis-medical-process-documents-019-what-if-i-m-missing-vaccine-proof.html,https://uscisexam.com/uscis-medical/process-documents/,uscis-medical,What if I’m missing vaccine proof?,1,active,content/_live/insights.json
insight,insights/uscis-medical-process-documents-020-what-if-i-had-vaccines-overseas.html,https://uscisexam.com/uscis-medical/process-documents/,uscis-medical,What if I had vaccines overseas?,1,active,content/_live/insights.json
insight,insights/uscis-medical-process-documents-021-what-if-i-m-afraid-of-needles.html,https://uscisexam.com/uscis-medical/process-documents/,uscis-medical,What if I’m afraid of needles?,1,active,content/_live/insights.json
insight,insights/uscis-medical-process-documents-022-kids-uscis-medical-exam-what-changes.html,https://uscisexam.com/uscis-medical/process-documents/,uscis-medical,Kids USCIS medical exam — what changes,1,active,content/_live/insights.json
insight,insights/uscis-medical-process-documents-023-pregnancy-and-vaccines-what-changes.html,https://uscisexam.com/uscis-medical/process-documents/,uscis-medical,Pregnancy and vaccines — what changes,1,active,content/_live/insights.json
insight,insights/uscis-medical-process-documents-024-how-to-prepare-in-24-hours.html,https://uscisexam.com/uscis-medical/process-documents/,uscis-medical,How to prepare in 24 hours,1,active,content/_live/insights.json
insight,insights/uscis-medical-process-documents-025-how-to-prepare-in-a-week.html,https://uscisexam.com/uscis-medical/process-documents/,uscis-medical,How to prepare in a week,1,active,content/_live/insights.json
insight,insights/uscis-medical-process-documents-026-how-to-avoid-extra-visits.html,https://uscisexam.com/uscis-medical/process-documents/,uscis-medical,How to avoid extra visits,1,active,content/_live/insights.json
insight,insights/uscis-medical-q001-how-does-i-693-validity-and-expiration-work.html,https://uscisexam.com/request-assistance/,uscis-medical,How does I-693 validity and expiration work?,1,active,content/_live/insights.json
insight,insights/uscis-medical-q002-what-should-i-verify-about-i-693-validity-and-expiration.html,https://uscisexam.com/request-assistance/,uscis-medical,What should I verify about I-693 validity and expiration?,1,active,content/_live/insights.json
insight,insights/uscis-medical-q003-what-mistakes-cause-problems-with-i-693-validity-and-expiration.html,https://uscisexam.com/request-assistance/,uscis-medical,What mistakes cause problems with I-693 validity and expiration?,1,active,content/_live/insights.json
insight,insights/uscis-medical-q004-when-should-i-get-professional-help-with-i-693-validity-and-expiration.html,https://uscisexam.com/request-assistance/,uscis-medical,When should I get professional help with I-693 validity and expiration?,1,active,content/_live/insights.json
insight,insights/uscis-medical-q005-how-does-choosing-a-civil-surgeon-work.html,https://uscisexam.com/request-assistance/,uscis-medical,How does choosing a civil surgeon work?,1,active,content/_live/insights.json
insight,insights/uscis-medical-q006-what-should-i-verify-about-choosing-a-civil-surgeon.html,https://uscisexam.com/request-assistance/,uscis-medical,What should I verify about choosing a civil surgeon?,1,active,content/_live/insights.json
insight,insights/uscis-medical-q007-what-mistakes-cause-problems-with-choosing-a-civil-surgeon.html,https://uscisexam.com/request-assistance/,uscis-medical,What mistakes cause problems with choosing a civil surgeon?,1,active,content/_live/insights.json
insight,insights/uscis-medical-q008-when-should-i-get-professional-help-with-choosing-a-civil-surgeon.html,https://uscisexam.com/request-assistance/,uscis-medical,When should I get professional help with choosing a civil surgeon?,1,active,content/_live/insights.json
insight,insights/uscis-medical-q009-how-does-documents-to-bring-to-the-exam-work.html,https://uscisexam.com/request-assistance/,uscis-medical,How does documents to bring to the exam work?,1,active,content/_live/insights.json
insight,insights/uscis-medical-q010-what-should-i-verify-about-documents-to-bring-to-the-exam.html,https://uscisexam.com/request-assistance/,uscis-medical,What should I verify about documents to bring to the exam?,1,active,content/_live/insights.json
insight,insights/uscis-medical-q011-what-mistakes-cause-problems-with-documents-to-bring-to-the-exam.html,https://uscisexam.com/request-assistance/,uscis-medical,What mistakes cause problems with documents to bring to the exam?,1,active,content/_live/insights.json
insight,insights/uscis-medical-q012-when-should-i-get-professional-help-with-documents-to-bring-to-the-exam.html,https://uscisexam.com/request-assistance/,uscis-medical,When should I get professional help with documents to bring to the exam?,1,active,content/_live/insights.json
insight,insights/uscis-medical-q013-how-does-uscis-vaccination-requirements-work.html,https://uscisexam.com/request-assistance/,uscis-medical,How does USCIS vaccination requirements work?,1,active,content/_live/insights.json
insight,insights/uscis-medical-q014-what-should-i-verify-about-uscis-vaccination-requirements.html,https://uscisexam.com/request-assistance/,uscis-medical,What should I verify about USCIS vaccination requirements?,1,active,content/_live/insights.json
insight,insights/uscis-medical-q015-what-mistakes-cause-problems-with-uscis-vaccination-requirements.html,https://uscisexam.com/request-assistance/,uscis-medical,What mistakes cause problems with USCIS vaccination requirements?,1,active,content/_live/insights.json
insight,insights/uscis-medical-q016-when-should-i-get-professional-help-with-uscis-vaccination-requirements.html,https://uscisexam.com/request-assistance/,uscis-medical,When should I get professional help with USCIS vaccination requirements?,1,active,content/_live/insights.json
insight,insights/uscis-medical-q017-how-does-correcting-i-693-mistakes-work.html,https://uscisexam.com/request-assistance/,uscis-medical,How does correcting I-693 mistakes work?,1,active,content/_live/insights.json
insight,insights/uscis-medical-q018-what-should-i-verify-about-correcting-i-693-mistakes.html,https://uscisexam.com/request-assistance/,uscis-medical,What should I verify about correcting I-693 mistakes?,1,active,content/_live/insights.json
insight,insights/uscis-medical-q019-what-mistakes-cause-problems-with-correcting-i-693-mistakes.html,https://uscisexam.com/request-assistance/,uscis-medical,What mistakes cause problems with correcting I-693 mistakes?,1,active,content/_live/insights.json
insight,insights/uscis-medical-q020-when-should-i-get-professional-help-with-correcting-i-693-mistakes.html,https://uscisexam.com/request-assistance/,uscis-medical,When should I get professional help with correcting I-693 mistakes?,1,active,content/_live/insights.json
insight,insights/uscis-medical-q021-how-does-rejection-denial-and-rfe-notices-work.html,https://uscisexam.com/request-assistance/,uscis-medical,"How does rejection, denial, and RFE notices work?",1,active,content/_live/insights.json
insight,insights/uscis-medical-q022-what-should-i-verify-about-rejection-denial-and-rfe-notices.html,https://uscisexam.com/request-assistance/,uscis-medical,"What should I verify about rejection, denial, and RFE notices?",1,active,content/_live/insights.json
insight,insights/uscis-medical-q023-what-mistakes-cause-problems-with-rejection-denial-and-rfe-notices.html,https://uscisexam.com/request-assistance/,uscis-medical,"What mistakes cause problems with rejection, denial, and RFE notices?",1,active,content/_live/insights.json
insight,insights/uscis-medical-q024-when-should-i-get-professional-help-with-rejection-denial-and-rfe-notices.html,https://uscisexam.com/request-assistance/,uscis-medical,"When should I get professional help with rejection, denial, and RFE notices?",1,active,content/_live/insights.json
insight,insights/uscis-medical-q025-how-does-sealed-envelope-handling-work.html,https://uscisexam.com/request-assistance/,uscis-medical,How does sealed-envelope handling work?,1,active,content/_live/insights.json
insight,insights/uscis-medical-q026-what-should-i-verify-about-sealed-envelope-handling.html,https://uscisexam.com/request-assistance/,uscis-medical,What should I verify about sealed-envelope handling?,1,active,content/_live/insights.json
insight,insights/uscis-medical-q027-what-mistakes-cause-problems-with-sealed-envelope-handling.html,https://uscisexam.com/request-assistance/,uscis-medical,What mistakes cause problems with sealed-envelope handling?,1,active,content/_live/insights.json
insight,insights/uscis-medical-q028-when-should-i-get-professional-help-with-sealed-envelope-handling.html,https://uscisexam.com/request-assistance/,uscis-medical,When should I get professional help with sealed-envelope handling?,1,active,content/_live/insights.json
insight,insights/uscis-medical-q029-how-does-pregnancy-and-age-exceptions-work.html,https://uscisexam.com/request-assistance/,uscis-medical,How does pregnancy and age exceptions work?,1,active,content/_live/insights.json
insight,insights/uscis-medical-q030-what-should-i-verify-about-pregnancy-and-age-exceptions.html,https://uscisexam.com/request-assistance/,uscis-medical,What should I verify about pregnancy and age exceptions?,1,active,content/_live/insights.json
insight,insights/uscis-medical-q031-what-mistakes-cause-problems-with-pregnancy-and-age-exceptions.html,https://uscisexam.com/request-assistance/,uscis-medical,What mistakes cause problems with pregnancy and age exceptions?,1,active,content/_live/insights.json
insight,insights/uscis-medical-q032-when-should-i-get-professional-help-with-pregnancy-and-age-exceptions.html,https://uscisexam.com/request-assistance/,uscis-medical,When should I get professional help with pregnancy and age exceptions?,1,active,content/_live/insights.json
insight,insights/uscis-medical-q033-how-does-exam-cost-and-fees-work.html,https://uscisexam.com/request-assistance/,uscis-medical,How does exam cost and fees work?,1,active,content/_live/insights.json
insight,insights/uscis-medical-q034-what-should-i-verify-about-exam-cost-and-fees.html,https://uscisexam.com/request-assistance/,uscis-medical,What should I verify about exam cost and fees?,1,active,content/_live/insights.json
insight,insights/uscis-medical-q035-what-mistakes-cause-problems-with-exam-cost-and-fees.html,https://uscisexam.com/request-assistance/,uscis-medical,What mistakes cause problems with exam cost and fees?,1,active,content/_live/insights.json
insight,insights/uscis-medical-q036-when-should-i-get-professional-help-with-exam-cost-and-fees.html,https://uscisexam.com/request-assistance/,uscis-medical,When should I get professional help with exam cost and fees?,1,active,content/_live/insights.json
insight,insights/uscis-medical-q037-how-does-filing-after-the-medical-exam-work.html,https://uscisexam.com/request-assistance/,uscis-medical,How does filing after the medical exam work?,1,active,content/_live/insights.json
insight,insights/uscis-medical-q038-what-should-i-verify-about-filing-after-the-medical-exam.html,https://uscisexam.com/request-assistance/,uscis-medical,What should I verify about filing after the medical exam?,1,active,content/_live/insights.json
insight,insights/uscis-medical-q039-what-mistakes-cause-problems-with-filing-after-the-medical-exam.html,https://uscisexam.com/request-assistance/,uscis-medical,What mistakes cause problems with filing after the medical exam?,1,active,content/_live/insights.json
insight,insights/uscis-medical-q040-when-should-i-get-professional-help-with-filing-after-the-medical-exam.html,https://uscisexam.com/request-assistance/,uscis-medical,When should I get professional help with filing after the medical exam?,1,active,content/_live/insights.json
insight,insights/uscis-medical-timeline-validity-001-how-long-is-the-i-693-valid-after-the-exam.html,https://uscisexam.com,uscis-medical,How Long Is The I-693 Valid After The Exam,1,active,content/_live/insights.json
insight,insights/uscis-medical-timeline-validity-002-do-i-need-a-new-medical-exam-if-my-case-is-delayed.html,https://uscisexam.com,uscis-medical,Do I Need A New Medical Exam If My Case Is Delayed,1,active,content/_live/insights.json
insight,insights/uscis-medical-timeline-validity-003-when-should-i-schedule-the-uscis-medical-exam-in-the-process.html,https://uscisexam.com,uscis-medical,When Should I Schedule The Uscis Medical Exam In The Process,1,active,content/_live/insights.json
insight,insights/uscis-medical-timeline-validity-004-what-happens-if-the-sealed-envelope-is-too-old-to-file.html,https://uscisexam.com,uscis-medical,What Happens If The Sealed Envelope Is Too Old To File,1,active,content/_live/insights.json
insight,insights/uscis-medical-timeline-validity-005-current-i-693-validity-rule-after-the-2025-uscis-update.html,https://uscisexam.com,uscis-medical,Current I-693 validity rule after the 2025 USCIS update,1,active,content/_live/insights.json
insight,insights/uscis-medical-timeline-validity-006-pre-and-post-november-2023-rules.html,https://uscisexam.com,uscis-medical,Pre- and post-November 2023 rules,1,active,content/_live/insights.json
insight,insights/uscis-medical-vaccines-labs-001-what-vaccines-are-usually-checked-at-the-uscis-medical-exam.html,https://uscisexam.com,uscis-medical,What Vaccines Are Usually Checked At The Uscis Medical Exam,1,active,content/_live/insights.json
insight,insights/uscis-medical-vaccines-labs-002-what-if-i-do-not-have-my-vaccine-records-for-the-civil-surgeon.html,https://uscisexam.com,uscis-medical,What If I Do Not Have My Vaccine Records For The Civil Surgeon,1,active,content/_live/insights.json
insight,insights/uscis-medical-vaccines-labs-003-do-civil-surgeons-usually-do-tb-testing-on-site.html,https://uscisexam.com,uscis-medical,Do Civil Surgeons Usually Do Tb Testing On Site,1,active,content/_live/insights.json
insight,insights/uscis-medical-vaccines-labs-004-what-bloodwork-is-usually-part-of-the-immigration-medical-exam.html,https://uscisexam.com,uscis-medical,What Bloodwork Is Usually Part Of The Immigration Medical Exam,1,active,content/_live/insights.json
