url,path,lastmod,surface,canonical_domain,source
https://theindustryguides.com/,/,2026-06-26,page,theindustryguides.com,content/_live/published_urls.json
https://theindustryguides.com/about.html,/about.html,2026-06-19,page,theindustryguides.com,content/_live/published_urls.json
https://theindustryguides.com/adhd-evaluation-vs-neuropsychological-evaluation/,/adhd-evaluation-vs-neuropsychological-evaluation/,2026-06-23,page,theindustryguides.com,content/_live/published_urls.json
https://theindustryguides.com/atlas/,/atlas/,2026-06-23,page,theindustryguides.com,content/_live/published_urls.json
https://theindustryguides.com/atlas/dentistry/,/atlas/dentistry/,2026-06-23,page,theindustryguides.com,content/_live/published_urls.json
https://theindustryguides.com/atlas/neuro/,/atlas/neuro/,2026-06-19,page,theindustryguides.com,content/_live/published_urls.json
https://theindustryguides.com/atlas/personal-injury/,/atlas/personal-injury/,2026-06-23,page,theindustryguides.com,content/_live/published_urls.json
https://theindustryguides.com/atlas/trt/,/atlas/trt/,2026-06-19,page,theindustryguides.com,content/_live/published_urls.json
https://theindustryguides.com/atlas/uscis-medical/,/atlas/uscis-medical/,2026-06-19,page,theindustryguides.com,content/_live/published_urls.json
https://theindustryguides.com/civil-surgeon-vs-panel-physician/,/civil-surgeon-vs-panel-physician/,2026-06-26,page,theindustryguides.com,content/_live/published_urls.json
https://theindustryguides.com/comparative-negligence-vs-contributory-negligence/,/comparative-negligence-vs-contributory-negligence/,2026-06-25,page,theindustryguides.com,content/_live/published_urls.json
https://theindustryguides.com/cosmetic-vs-general-dentistry/,/cosmetic-vs-general-dentistry/,2026-06-23,page,theindustryguides.com,content/_live/published_urls.json
https://theindustryguides.com/dental-implant-vs-bridge-vs-denture/,/dental-implant-vs-bridge-vs-denture/,2026-06-23,page,theindustryguides.com,content/_live/published_urls.json
https://theindustryguides.com/dental-insurance-vs-medical-insurance/,/dental-insurance-vs-medical-insurance/,2026-06-23,page,theindustryguides.com,content/_live/published_urls.json
https://theindustryguides.com/dentist-vs-oral-surgeon-vs-endodontist/,/dentist-vs-oral-surgeon-vs-endodontist/,2026-06-23,page,theindustryguides.com,content/_live/published_urls.json
https://theindustryguides.com/dentistry/,/dentistry/,2026-06-23,page,theindustryguides.com,content/_live/published_urls.json
https://theindustryguides.com/dentistry/anxiety-trust/,/dentistry/anxiety-trust/,2026-06-26,page,theindustryguides.com,content/_live/published_urls.json
https://theindustryguides.com/dentistry/best-top-near-me/,/dentistry/best-top-near-me/,2026-06-23,page,theindustryguides.com,content/_live/published_urls.json
https://theindustryguides.com/dentistry/choosing-a-dentist/,/dentistry/choosing-a-dentist/,2026-06-23,page,theindustryguides.com,content/_live/published_urls.json
https://theindustryguides.com/dentistry/clear-aligners/,/dentistry/clear-aligners/,2026-06-23,page,theindustryguides.com,content/_live/published_urls.json
https://theindustryguides.com/dentistry/community-questions/a-few-hours-ago-i-went-to-the-dentist-because-one-of-my-teeth-had-been-treated-with-mta-an/,/dentistry/community-questions/a-few-hours-ago-i-went-to-the-dentist-because-one-of-my-teeth-had-been-treated-with-mta-an/,2026-06-26,page,theindustryguides.com,content/_live/published_urls.json
https://theindustryguides.com/dentistry/community-questions/all-on-4-dental-implants-price-2026/,/dentistry/community-questions/all-on-4-dental-implants-price-2026/,2026-06-26,page,theindustryguides.com,content/_live/published_urls.json
https://theindustryguides.com/dentistry/community-questions/at-the-same-time-there-seem-to-be-quite-a-few-tools-and-companies-that-provide-things-like/,/dentistry/community-questions/at-the-same-time-there-seem-to-be-quite-a-few-tools-and-companies-that-provide-things-like/,2026-06-26,page,theindustryguides.com,content/_live/published_urls.json
https://theindustryguides.com/dentistry/community-questions/at-the-time-i-told-the-doctor-that-one-tooth-in-particular-felt-like-it-was-hitting-my-low/,/dentistry/community-questions/at-the-time-i-told-the-doctor-that-one-tooth-in-particular-felt-like-it-was-hitting-my-low/,2026-06-26,page,theindustryguides.com,content/_live/published_urls.json
https://theindustryguides.com/dentistry/community-questions/at-this-point-there-is-no-pain-but-i-am-still-anxious-to-know-if-i-should-go-to-an-emergen/,/dentistry/community-questions/at-this-point-there-is-no-pain-but-i-am-still-anxious-to-know-if-i-should-go-to-an-emergen/,2026-06-26,page,theindustryguides.com,content/_live/published_urls.json
https://theindustryguides.com/dentistry/community-questions/at-what-age-should-my-child-first-see-a-dentist-and-what-should-i-expect/,/dentistry/community-questions/at-what-age-should-my-child-first-see-a-dentist-and-what-should-i-expect/,2026-06-26,page,theindustryguides.com,content/_live/published_urls.json
https://theindustryguides.com/dentistry/community-questions/can-a-dental-abscess-wait-until-monday-or-do-i-need-emergency-care-now/,/dentistry/community-questions/can-a-dental-abscess-wait-until-monday-or-do-i-need-emergency-care-now/,2026-06-26,page,theindustryguides.com,content/_live/published_urls.json
https://theindustryguides.com/dentistry/community-questions/cost-of-composite-bonding-vs-veneers/,/dentistry/community-questions/cost-of-composite-bonding-vs-veneers/,2026-06-26,page,theindustryguides.com,content/_live/published_urls.json
https://theindustryguides.com/dentistry/community-questions/cost-of-full-mouth-dental-implants-with-insurance/,/dentistry/community-questions/cost-of-full-mouth-dental-implants-with-insurance/,2026-06-26,page,theindustryguides.com,content/_live/published_urls.json
https://theindustryguides.com/dentistry/community-questions/dentist-filed-down-my-teeth-too-much-now-i-have-an-ugly-gap-could-this-be-fixed-with-edge-/,/dentistry/community-questions/dentist-filed-down-my-teeth-too-much-now-i-have-an-ugly-gap-could-this-be-fixed-with-edge-/,2026-06-26,page,theindustryguides.com,content/_live/published_urls.json
https://theindustryguides.com/dentistry/community-questions/does-medicare-cover-dental-implants/,/dentistry/community-questions/does-medicare-cover-dental-implants/,2026-06-26,page,theindustryguides.com,content/_live/published_urls.json
https://theindustryguides.com/dentistry/community-questions/emergency-dentist-near-me-open-now/,/dentistry/community-questions/emergency-dentist-near-me-open-now/,2026-06-26,page,theindustryguides.com,content/_live/published_urls.json
https://theindustryguides.com/dentistry/community-questions/emergency-dentist-open-now-what-to-do-first/,/dentistry/community-questions/emergency-dentist-open-now-what-to-do-first/,2026-06-26,page,theindustryguides.com,content/_live/published_urls.json
https://theindustryguides.com/dentistry/community-questions/financing-options-for-cosmetic-dentistry/,/dentistry/community-questions/financing-options-for-cosmetic-dentistry/,2026-06-26,page,theindustryguides.com,content/_live/published_urls.json
https://theindustryguides.com/dentistry/community-questions/found-huge-hole-in-my-gums-i-haven-t-been-to-the-dentist-in-years-obviously-due-to-a-phobi/,/dentistry/community-questions/found-huge-hole-in-my-gums-i-haven-t-been-to-the-dentist-in-years-obviously-due-to-a-phobi/,2026-06-26,page,theindustryguides.com,content/_live/published_urls.json
https://theindustryguides.com/dentistry/community-questions/how-bad-is-the-decay-and-how-long-can-i-delay-a-dentist-visit-i-have-no-health-care-and-ca/,/dentistry/community-questions/how-bad-is-the-decay-and-how-long-can-i-delay-a-dentist-visit-i-have-no-health-care-and-ca/,2026-06-26,page,theindustryguides.com,content/_live/published_urls.json
https://theindustryguides.com/dentistry/community-questions/how-do-i-find-a-dentist-who-is-good-with-anxious-patients/,/dentistry/community-questions/how-do-i-find-a-dentist-who-is-good-with-anxious-patients/,2026-06-26,page,theindustryguides.com,content/_live/published_urls.json
https://theindustryguides.com/dentistry/community-questions/how-do-i-know-if-i-really-need-the-dental-work-my-dentist-is-recommending/,/dentistry/community-questions/how-do-i-know-if-i-really-need-the-dental-work-my-dentist-is-recommending/,2026-06-26,page,theindustryguides.com,content/_live/published_urls.json
https://theindustryguides.com/dentistry/community-questions/how-long-can-this-extraction-wait-life-has-been-pretty-busy-and-i-ve-been-delaying-going-t/,/dentistry/community-questions/how-long-can-this-extraction-wait-life-has-been-pretty-busy-and-i-ve-been-delaying-going-t/,2026-06-26,page,theindustryguides.com,content/_live/published_urls.json
https://theindustryguides.com/dentistry/community-questions/how-long-does-teeth-whitening-last/,/dentistry/community-questions/how-long-does-teeth-whitening-last/,2026-06-26,page,theindustryguides.com,content/_live/published_urls.json
https://theindustryguides.com/dentistry/community-questions/how-much-do-dental-implants-cost/,/dentistry/community-questions/how-much-do-dental-implants-cost/,2026-06-26,page,theindustryguides.com,content/_live/published_urls.json
https://theindustryguides.com/dentistry/community-questions/how-much-does-a-dental-implant-cost-without-insurance/,/dentistry/community-questions/how-much-does-a-dental-implant-cost-without-insurance/,2026-06-26,page,theindustryguides.com,content/_live/published_urls.json
https://theindustryguides.com/dentistry/community-questions/how-much-does-professional-teeth-whitening-cost/,/dentistry/community-questions/how-much-does-professional-teeth-whitening-cost/,2026-06-26,page,theindustryguides.com,content/_live/published_urls.json
https://theindustryguides.com/dentistry/community-questions/how-to-ask-dentist-for-itemized-pricing/,/dentistry/community-questions/how-to-ask-dentist-for-itemized-pricing/,2026-06-26,page,theindustryguides.com,content/_live/published_urls.json
https://theindustryguides.com/dentistry/community-questions/how-to-avoid-pain-of-root-canal-crack-for-a-month-as-i-can-t-visit-dentist/,/dentistry/community-questions/how-to-avoid-pain-of-root-canal-crack-for-a-month-as-i-can-t-visit-dentist/,2026-06-26,page,theindustryguides.com,content/_live/published_urls.json
https://theindustryguides.com/dentistry/community-questions/how-to-check-if-a-dentist-accepts-my-insurance/,/dentistry/community-questions/how-to-check-if-a-dentist-accepts-my-insurance/,2026-06-26,page,theindustryguides.com,content/_live/published_urls.json
https://theindustryguides.com/dentistry/community-questions/how-to-choose-a-dentist-for-dental-implants/,/dentistry/community-questions/how-to-choose-a-dentist-for-dental-implants/,2026-06-26,page,theindustryguides.com,content/_live/published_urls.json
https://theindustryguides.com/dentistry/community-questions/how-to-choose-a-dentist/,/dentistry/community-questions/how-to-choose-a-dentist/,2026-06-26,page,theindustryguides.com,content/_live/published_urls.json
https://theindustryguides.com/dentistry/community-questions/how-to-compare-dental-office-pricing-without-picking-the-wrong-dentist/,/dentistry/community-questions/how-to-compare-dental-office-pricing-without-picking-the-wrong-dentist/,2026-06-26,page,theindustryguides.com,content/_live/published_urls.json
https://theindustryguides.com/dentistry/community-questions/how-to-compare-local-dental-offices-quickly/,/dentistry/community-questions/how-to-compare-local-dental-offices-quickly/,2026-06-26,page,theindustryguides.com,content/_live/published_urls.json
https://theindustryguides.com/dentistry/community-questions/how-to-confirm-dental-insurance-coverage-before-appointment/,/dentistry/community-questions/how-to-confirm-dental-insurance-coverage-before-appointment/,2026-06-26,page,theindustryguides.com,content/_live/published_urls.json
https://theindustryguides.com/dentistry/community-questions/how-to-spot-dental-scam-red-flags-before-booking/,/dentistry/community-questions/how-to-spot-dental-scam-red-flags-before-booking/,2026-06-26,page,theindustryguides.com,content/_live/published_urls.json
https://theindustryguides.com/dentistry/community-questions/how-to-stop-a-toothache-fast-at-home/,/dentistry/community-questions/how-to-stop-a-toothache-fast-at-home/,2026-06-26,page,theindustryguides.com,content/_live/published_urls.json
https://theindustryguides.com/dentistry/community-questions/i-am-a-dual-citizen-american-syrian-i-want-to-marry-my-syrian-fiancee-in-syria-i-know-we-h/,/dentistry/community-questions/i-am-a-dual-citizen-american-syrian-i-want-to-marry-my-syrian-fiancee-in-syria-i-know-we-h/,2026-06-26,page,theindustryguides.com,content/_live/published_urls.json
https://theindustryguides.com/dentistry/community-questions/i-bit-improperly-and-ended-up-chipping-the-tooth-should-i-get-fixed-fast-what-should-i-kno/,/dentistry/community-questions/i-bit-improperly-and-ended-up-chipping-the-tooth-should-i-get-fixed-fast-what-should-i-kno/,2026-06-26,page,theindustryguides.com,content/_live/published_urls.json
https://theindustryguides.com/dentistry/community-questions/i-had-a-temporary-filling-placed-at-an-emergency-dentist-and-then-got-scheduled-for-an-ext/,/dentistry/community-questions/i-had-a-temporary-filling-placed-at-an-emergency-dentist-and-then-got-scheduled-for-an-ext/,2026-06-26,page,theindustryguides.com,content/_live/published_urls.json
https://theindustryguides.com/dentistry/community-questions/i-immediately-brought-this-up-to-my-dentist-and-she-said-that-just-make-sure-to-waterpik-a/,/dentistry/community-questions/i-immediately-brought-this-up-to-my-dentist-and-she-said-that-just-make-sure-to-waterpik-a/,2026-06-26,page,theindustryguides.com,content/_live/published_urls.json
https://theindustryguides.com/dentistry/community-questions/i-last-went-to-the-dentist-in-march-and-he-pointed-out-hey-you-have-a-couple-roots-visible/,/dentistry/community-questions/i-last-went-to-the-dentist-in-march-and-he-pointed-out-hey-you-have-a-couple-roots-visible/,2026-06-26,page,theindustryguides.com,content/_live/published_urls.json
https://theindustryguides.com/dentistry/community-questions/i-saw-a-dentist-but-he-didn-t-find-anything-concerning-other-than-the-fissured-tongue-what/,/dentistry/community-questions/i-saw-a-dentist-but-he-didn-t-find-anything-concerning-other-than-the-fissured-tongue-what/,2026-06-26,page,theindustryguides.com,content/_live/published_urls.json
https://theindustryguides.com/dentistry/community-questions/i-ve-only-been-to-the-dentist-twice-for-an-exam-and-cleaning-but-they-never-said-anything-/,/dentistry/community-questions/i-ve-only-been-to-the-dentist-twice-for-an-exam-and-cleaning-but-they-never-said-anything-/,2026-06-26,page,theindustryguides.com,content/_live/published_urls.json
https://theindustryguides.com/dentistry/community-questions/is-sedation-dentistry-safe-and-is-it-worth-the-extra-cost/,/dentistry/community-questions/is-sedation-dentistry-safe-and-is-it-worth-the-extra-cost/,2026-06-26,page,theindustryguides.com,content/_live/published_urls.json
https://theindustryguides.com/dentistry/community-questions/is-severe-toothache-a-dental-emergency/,/dentistry/community-questions/is-severe-toothache-a-dental-emergency/,2026-06-26,page,theindustryguides.com,content/_live/published_urls.json
https://theindustryguides.com/dentistry/community-questions/my-dad-runs-a-dental-group-of-four-clinics-what-should-i-know/,/dentistry/community-questions/my-dad-runs-a-dental-group-of-four-clinics-what-should-i-know/,2026-06-26,page,theindustryguides.com,content/_live/published_urls.json
https://theindustryguides.com/dentistry/community-questions/my-dentist-identified-a-very-tiny-vertical-crack-on-my-lower-right-second-molar-and-recomm/,/dentistry/community-questions/my-dentist-identified-a-very-tiny-vertical-crack-on-my-lower-right-second-molar-and-recomm/,2026-06-26,page,theindustryguides.com,content/_live/published_urls.json
https://theindustryguides.com/dentistry/community-questions/my-dentist-says-that-it-s-better-to-put-both-the-bone-graft-and-the-implant-in-a-single-vi/,/dentistry/community-questions/my-dentist-says-that-it-s-better-to-put-both-the-bone-graft-and-the-implant-in-a-single-vi/,2026-06-26,page,theindustryguides.com,content/_live/published_urls.json
https://theindustryguides.com/dentistry/community-questions/my-wife-who-does-not-handle-conflict-or-confrontation-well-set-up-a-dentist-apt-what-shoul/,/dentistry/community-questions/my-wife-who-does-not-handle-conflict-or-confrontation-well-set-up-a-dentist-apt-what-shoul/,2026-06-26,page,theindustryguides.com,content/_live/published_urls.json
https://theindustryguides.com/dentistry/community-questions/not-necessarily-a-dental-appointment-with-a-full-check-up-but-just-a-place-you-could-stop-/,/dentistry/community-questions/not-necessarily-a-dental-appointment-with-a-full-check-up-but-just-a-place-you-could-stop-/,2026-06-26,page,theindustryguides.com,content/_live/published_urls.json
https://theindustryguides.com/dentistry/community-questions/notes-haven-t-been-to-a-dentist-in-7-years-and-these-photos-are-taken-3-months-apart-what-/,/dentistry/community-questions/notes-haven-t-been-to-a-dentist-in-7-years-and-these-photos-are-taken-3-months-apart-what-/,2026-06-26,page,theindustryguides.com,content/_live/published_urls.json
https://theindustryguides.com/dentistry/community-questions/on-11th-i-observed-this-thing-and-got-it-checked-by-the-dentist-on-12th-he-said-it-was-a-b/,/dentistry/community-questions/on-11th-i-observed-this-thing-and-got-it-checked-by-the-dentist-on-12th-he-said-it-was-a-b/,2026-06-26,page,theindustryguides.com,content/_live/published_urls.json
https://theindustryguides.com/dentistry/community-questions/over-the-counter-medicine-for-dental-pain/,/dentistry/community-questions/over-the-counter-medicine-for-dental-pain/,2026-06-26,page,theindustryguides.com,content/_live/published_urls.json
https://theindustryguides.com/dentistry/community-questions/please-let-me-know-what-this-is-dentists-what-should-i-know/,/dentistry/community-questions/please-let-me-know-what-this-is-dentists-what-should-i-know/,2026-06-26,page,theindustryguides.com,content/_live/published_urls.json
https://theindustryguides.com/dentistry/community-questions/question-hi-everyone-i-m-23-years-old-and-from-january-2026-until-now-i-ve-been-visiting-m/,/dentistry/community-questions/question-hi-everyone-i-m-23-years-old-and-from-january-2026-until-now-i-ve-been-visiting-m/,2026-06-26,page,theindustryguides.com,content/_live/published_urls.json
https://theindustryguides.com/dentistry/community-questions/seeing-dentist-for-a-potential-tooth-abscess-what-should-i-know/,/dentistry/community-questions/seeing-dentist-for-a-potential-tooth-abscess-what-should-i-know/,2026-06-26,page,theindustryguides.com,content/_live/published_urls.json
https://theindustryguides.com/dentistry/community-questions/should-i-get-implants/,/dentistry/community-questions/should-i-get-implants/,2026-06-26,page,theindustryguides.com,content/_live/published_urls.json
https://theindustryguides.com/dentistry/community-questions/unsure-of-design-thank-you-i-am-a-dentist-but-unable-to-post-on-dentistry-form-32-submitte/,/dentistry/community-questions/unsure-of-design-thank-you-i-am-a-dentist-but-unable-to-post-on-dentistry-form-32-submitte/,2026-06-26,page,theindustryguides.com,content/_live/published_urls.json
https://theindustryguides.com/dentistry/community-questions/what-is-the-average-cost-of-veneers/,/dentistry/community-questions/what-is-the-average-cost-of-veneers/,2026-06-26,page,theindustryguides.com,content/_live/published_urls.json
https://theindustryguides.com/dentistry/community-questions/what-to-do-if-my-tooth-fell-out/,/dentistry/community-questions/what-to-do-if-my-tooth-fell-out/,2026-06-26,page,theindustryguides.com,content/_live/published_urls.json
https://theindustryguides.com/dentistry/community-questions/who-is-an-in-network-dentist-for-cigna-near-me/,/dentistry/community-questions/who-is-an-in-network-dentist-for-cigna-near-me/,2026-06-26,page,theindustryguides.com,content/_live/published_urls.json
https://theindustryguides.com/dentistry/community-questions/why-does-it-feel-like-dentists-always-defend-other-dentists-even-when-the-work-seems-quest/,/dentistry/community-questions/why-does-it-feel-like-dentists-always-defend-other-dentists-even-when-the-work-seems-quest/,2026-06-26,page,theindustryguides.com,content/_live/published_urls.json
https://theindustryguides.com/dentistry/community-questions/wisdom-tooth-eval-and-extraction-planned-in-2-days-my-general-dentist-requested-i-see-an-o/,/dentistry/community-questions/wisdom-tooth-eval-and-extraction-planned-in-2-days-my-general-dentist-requested-i-see-an-o/,2026-06-26,page,theindustryguides.com,content/_live/published_urls.json
https://theindustryguides.com/dentistry/cosmetic-restorative/,/dentistry/cosmetic-restorative/,2026-06-26,page,theindustryguides.com,content/_live/published_urls.json
https://theindustryguides.com/dentistry/cost-financing/,/dentistry/cost-financing/,2026-06-23,page,theindustryguides.com,content/_live/published_urls.json
https://theindustryguides.com/dentistry/cost-insurance/,/dentistry/cost-insurance/,2026-06-23,page,theindustryguides.com,content/_live/published_urls.json
https://theindustryguides.com/dentistry/dental-bridge-vs-implant/,/dentistry/dental-bridge-vs-implant/,2026-06-23,page,theindustryguides.com,content/_live/published_urls.json
https://theindustryguides.com/dentistry/dental-implant-cost-by-state/,/dentistry/dental-implant-cost-by-state/,2026-06-19,page,theindustryguides.com,content/_live/published_urls.json
https://theindustryguides.com/dentistry/dental-red-flags/,/dentistry/dental-red-flags/,2026-06-23,page,theindustryguides.com,content/_live/published_urls.json
https://theindustryguides.com/dentistry/emergency-open-now/,/dentistry/emergency-open-now/,2026-06-23,page,theindustryguides.com,content/_live/published_urls.json
https://theindustryguides.com/dentistry/insurance-billing/,/dentistry/insurance-billing/,2026-06-23,page,theindustryguides.com,content/_live/published_urls.json
https://theindustryguides.com/dentistry/invisalign-cost-by-state/,/dentistry/invisalign-cost-by-state/,2026-06-19,page,theindustryguides.com,content/_live/published_urls.json
https://theindustryguides.com/dentistry/pediatric-family/,/dentistry/pediatric-family/,2026-06-23,page,theindustryguides.com,content/_live/published_urls.json
https://theindustryguides.com/dentistry/recovery-aftercare/,/dentistry/recovery-aftercare/,2026-06-23,page,theindustryguides.com,content/_live/published_urls.json
https://theindustryguides.com/dentistry/root-canal-treatment/,/dentistry/root-canal-treatment/,2026-06-23,page,theindustryguides.com,content/_live/published_urls.json
https://theindustryguides.com/dentistry/second-opinion/,/dentistry/second-opinion/,2026-06-19,page,theindustryguides.com,content/_live/published_urls.json
https://theindustryguides.com/dentistry/sedation-fear/,/dentistry/sedation-fear/,2026-06-19,page,theindustryguides.com,content/_live/published_urls.json
https://theindustryguides.com/dentistry/specialists/,/dentistry/specialists/,2026-06-23,page,theindustryguides.com,content/_live/published_urls.json
https://theindustryguides.com/dentistry/states/alabama/dental-insurance-marketplace/,/dentistry/states/alabama/dental-insurance-marketplace/,2026-06-26,page,theindustryguides.com,content/_live/published_urls.json
https://theindustryguides.com/dentistry/states/alabama/medicaid-dental-coverage/,/dentistry/states/alabama/medicaid-dental-coverage/,2026-06-26,page,theindustryguides.com,content/_live/published_urls.json
https://theindustryguides.com/dentistry/states/alaska/dental-insurance-marketplace/,/dentistry/states/alaska/dental-insurance-marketplace/,2026-06-26,page,theindustryguides.com,content/_live/published_urls.json
https://theindustryguides.com/dentistry/states/alaska/medicaid-dental-coverage/,/dentistry/states/alaska/medicaid-dental-coverage/,2026-06-26,page,theindustryguides.com,content/_live/published_urls.json
https://theindustryguides.com/dentistry/states/arizona/dental-insurance-marketplace/,/dentistry/states/arizona/dental-insurance-marketplace/,2026-06-26,page,theindustryguides.com,content/_live/published_urls.json
https://theindustryguides.com/dentistry/states/arizona/medicaid-dental-coverage/,/dentistry/states/arizona/medicaid-dental-coverage/,2026-06-26,page,theindustryguides.com,content/_live/published_urls.json
https://theindustryguides.com/dentistry/states/arkansas/dental-insurance-marketplace/,/dentistry/states/arkansas/dental-insurance-marketplace/,2026-06-26,page,theindustryguides.com,content/_live/published_urls.json
https://theindustryguides.com/dentistry/states/arkansas/medicaid-dental-coverage/,/dentistry/states/arkansas/medicaid-dental-coverage/,2026-06-26,page,theindustryguides.com,content/_live/published_urls.json
https://theindustryguides.com/dentistry/states/california/dental-insurance-marketplace/,/dentistry/states/california/dental-insurance-marketplace/,2026-06-26,page,theindustryguides.com,content/_live/published_urls.json
https://theindustryguides.com/dentistry/states/california/medicaid-dental-coverage/,/dentistry/states/california/medicaid-dental-coverage/,2026-06-26,page,theindustryguides.com,content/_live/published_urls.json
https://theindustryguides.com/dentistry/states/colorado/dental-insurance-marketplace/,/dentistry/states/colorado/dental-insurance-marketplace/,2026-06-26,page,theindustryguides.com,content/_live/published_urls.json
https://theindustryguides.com/dentistry/states/colorado/medicaid-dental-coverage/,/dentistry/states/colorado/medicaid-dental-coverage/,2026-06-26,page,theindustryguides.com,content/_live/published_urls.json
https://theindustryguides.com/dentistry/states/connecticut/dental-insurance-marketplace/,/dentistry/states/connecticut/dental-insurance-marketplace/,2026-06-26,page,theindustryguides.com,content/_live/published_urls.json
https://theindustryguides.com/dentistry/states/connecticut/medicaid-dental-coverage/,/dentistry/states/connecticut/medicaid-dental-coverage/,2026-06-26,page,theindustryguides.com,content/_live/published_urls.json
https://theindustryguides.com/dentistry/states/delaware/dental-insurance-marketplace/,/dentistry/states/delaware/dental-insurance-marketplace/,2026-06-26,page,theindustryguides.com,content/_live/published_urls.json
https://theindustryguides.com/dentistry/states/delaware/medicaid-dental-coverage/,/dentistry/states/delaware/medicaid-dental-coverage/,2026-06-26,page,theindustryguides.com,content/_live/published_urls.json
https://theindustryguides.com/dentistry/states/florida/dental-insurance-marketplace/,/dentistry/states/florida/dental-insurance-marketplace/,2026-06-26,page,theindustryguides.com,content/_live/published_urls.json
https://theindustryguides.com/dentistry/states/florida/medicaid-dental-coverage/,/dentistry/states/florida/medicaid-dental-coverage/,2026-06-26,page,theindustryguides.com,content/_live/published_urls.json
https://theindustryguides.com/dentistry/states/georgia/dental-insurance-marketplace/,/dentistry/states/georgia/dental-insurance-marketplace/,2026-06-26,page,theindustryguides.com,content/_live/published_urls.json
https://theindustryguides.com/dentistry/states/georgia/medicaid-dental-coverage/,/dentistry/states/georgia/medicaid-dental-coverage/,2026-06-26,page,theindustryguides.com,content/_live/published_urls.json
https://theindustryguides.com/dentistry/states/hawaii/dental-insurance-marketplace/,/dentistry/states/hawaii/dental-insurance-marketplace/,2026-06-26,page,theindustryguides.com,content/_live/published_urls.json
https://theindustryguides.com/dentistry/states/hawaii/medicaid-dental-coverage/,/dentistry/states/hawaii/medicaid-dental-coverage/,2026-06-26,page,theindustryguides.com,content/_live/published_urls.json
https://theindustryguides.com/dentistry/states/idaho/dental-insurance-marketplace/,/dentistry/states/idaho/dental-insurance-marketplace/,2026-06-26,page,theindustryguides.com,content/_live/published_urls.json
https://theindustryguides.com/dentistry/states/idaho/medicaid-dental-coverage/,/dentistry/states/idaho/medicaid-dental-coverage/,2026-06-26,page,theindustryguides.com,content/_live/published_urls.json
https://theindustryguides.com/dentistry/states/illinois/dental-insurance-marketplace/,/dentistry/states/illinois/dental-insurance-marketplace/,2026-06-26,page,theindustryguides.com,content/_live/published_urls.json
https://theindustryguides.com/dentistry/states/illinois/medicaid-dental-coverage/,/dentistry/states/illinois/medicaid-dental-coverage/,2026-06-26,page,theindustryguides.com,content/_live/published_urls.json
https://theindustryguides.com/dentistry/states/indiana/dental-insurance-marketplace/,/dentistry/states/indiana/dental-insurance-marketplace/,2026-06-26,page,theindustryguides.com,content/_live/published_urls.json
https://theindustryguides.com/dentistry/states/indiana/medicaid-dental-coverage/,/dentistry/states/indiana/medicaid-dental-coverage/,2026-06-26,page,theindustryguides.com,content/_live/published_urls.json
https://theindustryguides.com/dentistry/states/iowa/dental-insurance-marketplace/,/dentistry/states/iowa/dental-insurance-marketplace/,2026-06-26,page,theindustryguides.com,content/_live/published_urls.json
https://theindustryguides.com/dentistry/states/iowa/medicaid-dental-coverage/,/dentistry/states/iowa/medicaid-dental-coverage/,2026-06-26,page,theindustryguides.com,content/_live/published_urls.json
https://theindustryguides.com/dentistry/states/kansas/dental-insurance-marketplace/,/dentistry/states/kansas/dental-insurance-marketplace/,2026-06-26,page,theindustryguides.com,content/_live/published_urls.json
https://theindustryguides.com/dentistry/states/kansas/medicaid-dental-coverage/,/dentistry/states/kansas/medicaid-dental-coverage/,2026-06-26,page,theindustryguides.com,content/_live/published_urls.json
https://theindustryguides.com/dentistry/states/kentucky/dental-insurance-marketplace/,/dentistry/states/kentucky/dental-insurance-marketplace/,2026-06-26,page,theindustryguides.com,content/_live/published_urls.json
https://theindustryguides.com/dentistry/states/kentucky/medicaid-dental-coverage/,/dentistry/states/kentucky/medicaid-dental-coverage/,2026-06-26,page,theindustryguides.com,content/_live/published_urls.json
https://theindustryguides.com/dentistry/states/louisiana/dental-insurance-marketplace/,/dentistry/states/louisiana/dental-insurance-marketplace/,2026-06-26,page,theindustryguides.com,content/_live/published_urls.json
https://theindustryguides.com/dentistry/states/louisiana/medicaid-dental-coverage/,/dentistry/states/louisiana/medicaid-dental-coverage/,2026-06-26,page,theindustryguides.com,content/_live/published_urls.json
https://theindustryguides.com/dentistry/states/maine/dental-insurance-marketplace/,/dentistry/states/maine/dental-insurance-marketplace/,2026-06-26,page,theindustryguides.com,content/_live/published_urls.json
https://theindustryguides.com/dentistry/states/maine/medicaid-dental-coverage/,/dentistry/states/maine/medicaid-dental-coverage/,2026-06-26,page,theindustryguides.com,content/_live/published_urls.json
https://theindustryguides.com/dentistry/states/maryland/dental-insurance-marketplace/,/dentistry/states/maryland/dental-insurance-marketplace/,2026-06-26,page,theindustryguides.com,content/_live/published_urls.json
https://theindustryguides.com/dentistry/states/maryland/medicaid-dental-coverage/,/dentistry/states/maryland/medicaid-dental-coverage/,2026-06-26,page,theindustryguides.com,content/_live/published_urls.json
https://theindustryguides.com/dentistry/states/massachusetts/dental-insurance-marketplace/,/dentistry/states/massachusetts/dental-insurance-marketplace/,2026-06-26,page,theindustryguides.com,content/_live/published_urls.json
https://theindustryguides.com/dentistry/states/massachusetts/medicaid-dental-coverage/,/dentistry/states/massachusetts/medicaid-dental-coverage/,2026-06-26,page,theindustryguides.com,content/_live/published_urls.json
https://theindustryguides.com/dentistry/states/michigan/dental-insurance-marketplace/,/dentistry/states/michigan/dental-insurance-marketplace/,2026-06-26,page,theindustryguides.com,content/_live/published_urls.json
https://theindustryguides.com/dentistry/states/michigan/medicaid-dental-coverage/,/dentistry/states/michigan/medicaid-dental-coverage/,2026-06-26,page,theindustryguides.com,content/_live/published_urls.json
https://theindustryguides.com/dentistry/states/minnesota/dental-insurance-marketplace/,/dentistry/states/minnesota/dental-insurance-marketplace/,2026-06-26,page,theindustryguides.com,content/_live/published_urls.json
https://theindustryguides.com/dentistry/states/minnesota/medicaid-dental-coverage/,/dentistry/states/minnesota/medicaid-dental-coverage/,2026-06-26,page,theindustryguides.com,content/_live/published_urls.json
https://theindustryguides.com/dentistry/states/mississippi/dental-insurance-marketplace/,/dentistry/states/mississippi/dental-insurance-marketplace/,2026-06-26,page,theindustryguides.com,content/_live/published_urls.json
https://theindustryguides.com/dentistry/states/mississippi/medicaid-dental-coverage/,/dentistry/states/mississippi/medicaid-dental-coverage/,2026-06-26,page,theindustryguides.com,content/_live/published_urls.json
https://theindustryguides.com/dentistry/states/missouri/dental-insurance-marketplace/,/dentistry/states/missouri/dental-insurance-marketplace/,2026-06-26,page,theindustryguides.com,content/_live/published_urls.json
https://theindustryguides.com/dentistry/states/missouri/medicaid-dental-coverage/,/dentistry/states/missouri/medicaid-dental-coverage/,2026-06-26,page,theindustryguides.com,content/_live/published_urls.json
https://theindustryguides.com/dentistry/states/montana/dental-insurance-marketplace/,/dentistry/states/montana/dental-insurance-marketplace/,2026-06-26,page,theindustryguides.com,content/_live/published_urls.json
https://theindustryguides.com/dentistry/states/montana/medicaid-dental-coverage/,/dentistry/states/montana/medicaid-dental-coverage/,2026-06-26,page,theindustryguides.com,content/_live/published_urls.json
https://theindustryguides.com/dentistry/states/nebraska/dental-insurance-marketplace/,/dentistry/states/nebraska/dental-insurance-marketplace/,2026-06-26,page,theindustryguides.com,content/_live/published_urls.json
https://theindustryguides.com/dentistry/states/nebraska/medicaid-dental-coverage/,/dentistry/states/nebraska/medicaid-dental-coverage/,2026-06-26,page,theindustryguides.com,content/_live/published_urls.json
https://theindustryguides.com/dentistry/states/nevada/dental-insurance-marketplace/,/dentistry/states/nevada/dental-insurance-marketplace/,2026-06-26,page,theindustryguides.com,content/_live/published_urls.json
https://theindustryguides.com/dentistry/states/nevada/medicaid-dental-coverage/,/dentistry/states/nevada/medicaid-dental-coverage/,2026-06-26,page,theindustryguides.com,content/_live/published_urls.json
https://theindustryguides.com/dentistry/states/new-hampshire/dental-insurance-marketplace/,/dentistry/states/new-hampshire/dental-insurance-marketplace/,2026-06-26,page,theindustryguides.com,content/_live/published_urls.json
https://theindustryguides.com/dentistry/states/new-hampshire/medicaid-dental-coverage/,/dentistry/states/new-hampshire/medicaid-dental-coverage/,2026-06-26,page,theindustryguides.com,content/_live/published_urls.json
https://theindustryguides.com/dentistry/states/new-jersey/dental-insurance-marketplace/,/dentistry/states/new-jersey/dental-insurance-marketplace/,2026-06-26,page,theindustryguides.com,content/_live/published_urls.json
https://theindustryguides.com/dentistry/states/new-jersey/medicaid-dental-coverage/,/dentistry/states/new-jersey/medicaid-dental-coverage/,2026-06-26,page,theindustryguides.com,content/_live/published_urls.json
https://theindustryguides.com/dentistry/states/new-mexico/dental-insurance-marketplace/,/dentistry/states/new-mexico/dental-insurance-marketplace/,2026-06-26,page,theindustryguides.com,content/_live/published_urls.json
https://theindustryguides.com/dentistry/states/new-mexico/medicaid-dental-coverage/,/dentistry/states/new-mexico/medicaid-dental-coverage/,2026-06-26,page,theindustryguides.com,content/_live/published_urls.json
https://theindustryguides.com/dentistry/states/new-york/dental-insurance-marketplace/,/dentistry/states/new-york/dental-insurance-marketplace/,2026-06-26,page,theindustryguides.com,content/_live/published_urls.json
https://theindustryguides.com/dentistry/states/new-york/medicaid-dental-coverage/,/dentistry/states/new-york/medicaid-dental-coverage/,2026-06-26,page,theindustryguides.com,content/_live/published_urls.json
https://theindustryguides.com/dentistry/states/north-carolina/dental-insurance-marketplace/,/dentistry/states/north-carolina/dental-insurance-marketplace/,2026-06-26,page,theindustryguides.com,content/_live/published_urls.json
https://theindustryguides.com/dentistry/states/north-carolina/medicaid-dental-coverage/,/dentistry/states/north-carolina/medicaid-dental-coverage/,2026-06-26,page,theindustryguides.com,content/_live/published_urls.json
https://theindustryguides.com/dentistry/states/north-dakota/dental-insurance-marketplace/,/dentistry/states/north-dakota/dental-insurance-marketplace/,2026-06-26,page,theindustryguides.com,content/_live/published_urls.json
https://theindustryguides.com/dentistry/states/north-dakota/medicaid-dental-coverage/,/dentistry/states/north-dakota/medicaid-dental-coverage/,2026-06-26,page,theindustryguides.com,content/_live/published_urls.json
https://theindustryguides.com/dentistry/states/ohio/dental-insurance-marketplace/,/dentistry/states/ohio/dental-insurance-marketplace/,2026-06-26,page,theindustryguides.com,content/_live/published_urls.json
https://theindustryguides.com/dentistry/states/ohio/medicaid-dental-coverage/,/dentistry/states/ohio/medicaid-dental-coverage/,2026-06-26,page,theindustryguides.com,content/_live/published_urls.json
https://theindustryguides.com/dentistry/states/oklahoma/dental-insurance-marketplace/,/dentistry/states/oklahoma/dental-insurance-marketplace/,2026-06-26,page,theindustryguides.com,content/_live/published_urls.json
https://theindustryguides.com/dentistry/states/oklahoma/medicaid-dental-coverage/,/dentistry/states/oklahoma/medicaid-dental-coverage/,2026-06-26,page,theindustryguides.com,content/_live/published_urls.json
https://theindustryguides.com/dentistry/states/oregon/dental-insurance-marketplace/,/dentistry/states/oregon/dental-insurance-marketplace/,2026-06-26,page,theindustryguides.com,content/_live/published_urls.json
https://theindustryguides.com/dentistry/states/oregon/medicaid-dental-coverage/,/dentistry/states/oregon/medicaid-dental-coverage/,2026-06-26,page,theindustryguides.com,content/_live/published_urls.json
https://theindustryguides.com/dentistry/states/pennsylvania/dental-insurance-marketplace/,/dentistry/states/pennsylvania/dental-insurance-marketplace/,2026-06-26,page,theindustryguides.com,content/_live/published_urls.json
https://theindustryguides.com/dentistry/states/pennsylvania/medicaid-dental-coverage/,/dentistry/states/pennsylvania/medicaid-dental-coverage/,2026-06-26,page,theindustryguides.com,content/_live/published_urls.json
https://theindustryguides.com/dentistry/states/rhode-island/dental-insurance-marketplace/,/dentistry/states/rhode-island/dental-insurance-marketplace/,2026-06-26,page,theindustryguides.com,content/_live/published_urls.json
https://theindustryguides.com/dentistry/states/rhode-island/medicaid-dental-coverage/,/dentistry/states/rhode-island/medicaid-dental-coverage/,2026-06-26,page,theindustryguides.com,content/_live/published_urls.json
https://theindustryguides.com/dentistry/states/south-carolina/dental-insurance-marketplace/,/dentistry/states/south-carolina/dental-insurance-marketplace/,2026-06-26,page,theindustryguides.com,content/_live/published_urls.json
https://theindustryguides.com/dentistry/states/south-carolina/medicaid-dental-coverage/,/dentistry/states/south-carolina/medicaid-dental-coverage/,2026-06-26,page,theindustryguides.com,content/_live/published_urls.json
https://theindustryguides.com/dentistry/states/south-dakota/dental-insurance-marketplace/,/dentistry/states/south-dakota/dental-insurance-marketplace/,2026-06-26,page,theindustryguides.com,content/_live/published_urls.json
https://theindustryguides.com/dentistry/states/south-dakota/medicaid-dental-coverage/,/dentistry/states/south-dakota/medicaid-dental-coverage/,2026-06-26,page,theindustryguides.com,content/_live/published_urls.json
https://theindustryguides.com/dentistry/states/tennessee/dental-insurance-marketplace/,/dentistry/states/tennessee/dental-insurance-marketplace/,2026-06-26,page,theindustryguides.com,content/_live/published_urls.json
https://theindustryguides.com/dentistry/states/tennessee/medicaid-dental-coverage/,/dentistry/states/tennessee/medicaid-dental-coverage/,2026-06-26,page,theindustryguides.com,content/_live/published_urls.json
https://theindustryguides.com/dentistry/states/texas/dental-insurance-marketplace/,/dentistry/states/texas/dental-insurance-marketplace/,2026-06-26,page,theindustryguides.com,content/_live/published_urls.json
https://theindustryguides.com/dentistry/states/texas/medicaid-dental-coverage/,/dentistry/states/texas/medicaid-dental-coverage/,2026-06-26,page,theindustryguides.com,content/_live/published_urls.json
https://theindustryguides.com/dentistry/states/utah/dental-insurance-marketplace/,/dentistry/states/utah/dental-insurance-marketplace/,2026-06-26,page,theindustryguides.com,content/_live/published_urls.json
https://theindustryguides.com/dentistry/states/utah/medicaid-dental-coverage/,/dentistry/states/utah/medicaid-dental-coverage/,2026-06-26,page,theindustryguides.com,content/_live/published_urls.json
https://theindustryguides.com/dentistry/states/vermont/dental-insurance-marketplace/,/dentistry/states/vermont/dental-insurance-marketplace/,2026-06-26,page,theindustryguides.com,content/_live/published_urls.json
https://theindustryguides.com/dentistry/states/vermont/medicaid-dental-coverage/,/dentistry/states/vermont/medicaid-dental-coverage/,2026-06-26,page,theindustryguides.com,content/_live/published_urls.json
https://theindustryguides.com/dentistry/states/virginia/dental-insurance-marketplace/,/dentistry/states/virginia/dental-insurance-marketplace/,2026-06-26,page,theindustryguides.com,content/_live/published_urls.json
https://theindustryguides.com/dentistry/states/virginia/medicaid-dental-coverage/,/dentistry/states/virginia/medicaid-dental-coverage/,2026-06-26,page,theindustryguides.com,content/_live/published_urls.json
https://theindustryguides.com/dentistry/states/washington/dental-insurance-marketplace/,/dentistry/states/washington/dental-insurance-marketplace/,2026-06-26,page,theindustryguides.com,content/_live/published_urls.json
https://theindustryguides.com/dentistry/states/washington/medicaid-dental-coverage/,/dentistry/states/washington/medicaid-dental-coverage/,2026-06-26,page,theindustryguides.com,content/_live/published_urls.json
https://theindustryguides.com/dentistry/states/west-virginia/dental-insurance-marketplace/,/dentistry/states/west-virginia/dental-insurance-marketplace/,2026-06-26,page,theindustryguides.com,content/_live/published_urls.json
https://theindustryguides.com/dentistry/states/west-virginia/medicaid-dental-coverage/,/dentistry/states/west-virginia/medicaid-dental-coverage/,2026-06-26,page,theindustryguides.com,content/_live/published_urls.json
https://theindustryguides.com/dentistry/states/wisconsin/dental-insurance-marketplace/,/dentistry/states/wisconsin/dental-insurance-marketplace/,2026-06-26,page,theindustryguides.com,content/_live/published_urls.json
https://theindustryguides.com/dentistry/states/wisconsin/medicaid-dental-coverage/,/dentistry/states/wisconsin/medicaid-dental-coverage/,2026-06-26,page,theindustryguides.com,content/_live/published_urls.json
https://theindustryguides.com/dentistry/states/wyoming/dental-insurance-marketplace/,/dentistry/states/wyoming/dental-insurance-marketplace/,2026-06-26,page,theindustryguides.com,content/_live/published_urls.json
https://theindustryguides.com/dentistry/states/wyoming/medicaid-dental-coverage/,/dentistry/states/wyoming/medicaid-dental-coverage/,2026-06-26,page,theindustryguides.com,content/_live/published_urls.json
https://theindustryguides.com/dentistry/treatment-comparison/,/dentistry/treatment-comparison/,2026-06-23,page,theindustryguides.com,content/_live/published_urls.json
https://theindustryguides.com/disclaimer.html,/disclaimer.html,2026-03-19,page,theindustryguides.com,content/_live/published_urls.json
https://theindustryguides.com/glossary/,/glossary/,2026-03-19,page,theindustryguides.com,content/_live/published_urls.json
https://theindustryguides.com/i-693-rejection-vs-denial-vs-rfe/,/i-693-rejection-vs-denial-vs-rfe/,2026-06-26,page,theindustryguides.com,content/_live/published_urls.json
https://theindustryguides.com/insights/,/insights/,2026-06-23,archive,theindustryguides.com,content/_live/published_urls.json
https://theindustryguides.com/insights/dentistry-001-how-to-find-the-best-dentist-near-me-using-a-real-5-factor-checklist.html,/insights/dentistry-001-how-to-find-the-best-dentist-near-me-using-a-real-5-factor-checklist.html,2026-06-19,insight,dentistryguides.com,content/_live/published_urls.json
https://theindustryguides.com/insights/dentistry-002-emergency-dentist-open-now-what-to-do-first.html,/insights/dentistry-002-emergency-dentist-open-now-what-to-do-first.html,2026-06-19,insight,dentistryguides.com,content/_live/published_urls.json
https://theindustryguides.com/insights/dentistry-003-how-to-compare-pricing-without-walking-into-the-wrong-fit.html,/insights/dentistry-003-how-to-compare-pricing-without-walking-into-the-wrong-fit.html,2026-06-19,insight,dentistryguides.com,content/_live/published_urls.json
https://theindustryguides.com/insights/dentistry-004-dentist-that-takes-my-insurance-how-to-confirm.html,/insights/dentistry-004-dentist-that-takes-my-insurance-how-to-confirm.html,2026-06-23,insight,dentistryguides.com,content/_live/published_urls.json
https://theindustryguides.com/insights/dentistry-005-how-to-evaluate-sedation-dentistry-safety-and-fit.html,/insights/dentistry-005-how-to-evaluate-sedation-dentistry-safety-and-fit.html,2026-06-23,insight,dentistryguides.com,content/_live/published_urls.json
https://theindustryguides.com/insights/dentistry-006-what-to-verify-when-comparing-pediatric-dental-offices.html,/insights/dentistry-006-what-to-verify-when-comparing-pediatric-dental-offices.html,2026-06-23,insight,dentistryguides.com,content/_live/published_urls.json
https://theindustryguides.com/insights/dentistry-007-how-to-compare-local-implant-teams-before-booking.html,/insights/dentistry-007-how-to-compare-local-implant-teams-before-booking.html,2026-06-19,insight,dentistryguides.com,content/_live/published_urls.json
https://theindustryguides.com/insights/dentistry-008-what-to-ask-before-booking-root-canal-care.html,/insights/dentistry-008-what-to-ask-before-booking-root-canal-care.html,2026-06-19,insight,dentistryguides.com,content/_live/published_urls.json
https://theindustryguides.com/insights/dentistry-009-what-to-verify-before-booking-a-tooth-extraction.html,/insights/dentistry-009-what-to-verify-before-booking-a-tooth-extraction.html,2026-06-19,insight,dentistryguides.com,content/_live/published_urls.json
https://theindustryguides.com/insights/dentistry-010-dentist-reviews-what-actually-matters.html,/insights/dentistry-010-dentist-reviews-what-actually-matters.html,2026-06-19,insight,dentistryguides.com,content/_live/published_urls.json
https://theindustryguides.com/insights/dentistry-011-dental-scam-red-flags.html,/insights/dentistry-011-dental-scam-red-flags.html,2026-06-23,insight,dentistryguides.com,content/_live/published_urls.json
https://theindustryguides.com/insights/dentistry-012-how-to-compare-2-3-dentists-fast.html,/insights/dentistry-012-how-to-compare-2-3-dentists-fast.html,2026-06-19,insight,dentistryguides.com,content/_live/published_urls.json
https://theindustryguides.com/insights/dentistry-013-how-to-compare-2-3-local-dental-offices-quickly.html,/insights/dentistry-013-how-to-compare-2-3-local-dental-offices-quickly.html,2026-06-19,insight,dentistryguides.com,content/_live/published_urls.json
https://theindustryguides.com/insights/dentistry-014-dentist-open-saturday-how-to-find.html,/insights/dentistry-014-dentist-open-saturday-how-to-find.html,2026-06-19,insight,dentistryguides.com,content/_live/published_urls.json
https://theindustryguides.com/insights/dentistry-015-dentist-appointment-today-what-to-do.html,/insights/dentistry-015-dentist-appointment-today-what-to-do.html,2026-06-19,insight,dentistryguides.com,content/_live/published_urls.json
https://theindustryguides.com/insights/dentistry-016-dentist-for-tooth-infection-what-to-ask.html,/insights/dentistry-016-dentist-for-tooth-infection-what-to-ask.html,2026-06-19,insight,dentistryguides.com,content/_live/published_urls.json
https://theindustryguides.com/insights/dentistry-017-how-to-know-if-you-need-urgent-care.html,/insights/dentistry-017-how-to-know-if-you-need-urgent-care.html,2026-06-19,insight,dentistryguides.com,content/_live/published_urls.json
https://theindustryguides.com/insights/dentistry-018-how-to-get-a-second-opinion-on-dental-work.html,/insights/dentistry-018-how-to-get-a-second-opinion-on-dental-work.html,2026-06-23,insight,dentistryguides.com,content/_live/published_urls.json
https://theindustryguides.com/insights/dentistry-019-how-to-avoid-unnecessary-treatment.html,/insights/dentistry-019-how-to-avoid-unnecessary-treatment.html,2026-06-19,insight,dentistryguides.com,content/_live/published_urls.json
https://theindustryguides.com/insights/dentistry-020-how-to-ask-for-itemized-pricing.html,/insights/dentistry-020-how-to-ask-for-itemized-pricing.html,2026-06-23,insight,dentistryguides.com,content/_live/published_urls.json
https://theindustryguides.com/insights/dentistry-021-how-to-confirm-insurance-coverage.html,/insights/dentistry-021-how-to-confirm-insurance-coverage.html,2026-06-19,insight,dentistryguides.com,content/_live/published_urls.json
https://theindustryguides.com/insights/dentistry-022-in-network-vs-out-of-network-what-to-ask.html,/insights/dentistry-022-in-network-vs-out-of-network-what-to-ask.html,2026-06-19,insight,dentistryguides.com,content/_live/published_urls.json
https://theindustryguides.com/insights/dentistry-023-how-to-choose-a-dentist-for-implants.html,/insights/dentistry-023-how-to-choose-a-dentist-for-implants.html,2026-06-19,insight,dentistryguides.com,content/_live/published_urls.json
https://theindustryguides.com/insights/dentistry-024-how-to-choose-a-dentist-for-kids.html,/insights/dentistry-024-how-to-choose-a-dentist-for-kids.html,2026-06-19,insight,dentistryguides.com,content/_live/published_urls.json
https://theindustryguides.com/insights/dentistry-025-how-to-choose-a-dentist-for-braces-invisalign.html,/insights/dentistry-025-how-to-choose-a-dentist-for-braces-invisalign.html,2026-06-19,insight,dentistryguides.com,content/_live/published_urls.json
https://theindustryguides.com/insights/dentistry-026-open-now-dentist-for-wisdom-teeth.html,/insights/dentistry-026-open-now-dentist-for-wisdom-teeth.html,2026-06-19,insight,dentistryguides.com,content/_live/published_urls.json
https://theindustryguides.com/insights/dentistry-027-same-day-dentist-for-wisdom-teeth.html,/insights/dentistry-027-same-day-dentist-for-wisdom-teeth.html,2026-06-19,insight,dentistryguides.com,content/_live/published_urls.json
https://theindustryguides.com/insights/dentistry-028-trusted-dentist-for-wisdom-teeth.html,/insights/dentistry-028-trusted-dentist-for-wisdom-teeth.html,2026-06-19,insight,dentistryguides.com,content/_live/published_urls.json
https://theindustryguides.com/insights/dentistry-029-gentle-dentist-for-wisdom-teeth.html,/insights/dentistry-029-gentle-dentist-for-wisdom-teeth.html,2026-06-19,insight,dentistryguides.com,content/_live/published_urls.json
https://theindustryguides.com/insights/dentistry-030-highly-reviewed-dentist-for-wisdom-teeth.html,/insights/dentistry-030-highly-reviewed-dentist-for-wisdom-teeth.html,2026-06-19,insight,dentistryguides.com,content/_live/published_urls.json
https://theindustryguides.com/insights/dentistry-031-best-dentist-for-tooth-pain.html,/insights/dentistry-031-best-dentist-for-tooth-pain.html,2026-06-19,insight,dentistryguides.com,content/_live/published_urls.json
https://theindustryguides.com/insights/dentistry-032-top-rated-dentist-for-tooth-pain.html,/insights/dentistry-032-top-rated-dentist-for-tooth-pain.html,2026-06-19,insight,dentistryguides.com,content/_live/published_urls.json
https://theindustryguides.com/insights/dentistry-033-affordable-dentist-for-tooth-pain.html,/insights/dentistry-033-affordable-dentist-for-tooth-pain.html,2026-06-19,insight,dentistryguides.com,content/_live/published_urls.json
https://theindustryguides.com/insights/dentistry-034-near-me-dentist-for-tooth-pain.html,/insights/dentistry-034-near-me-dentist-for-tooth-pain.html,2026-06-19,insight,dentistryguides.com,content/_live/published_urls.json
https://theindustryguides.com/insights/dentistry-035-emergency-dentist-for-tooth-pain.html,/insights/dentistry-035-emergency-dentist-for-tooth-pain.html,2026-06-19,insight,dentistryguides.com,content/_live/published_urls.json
https://theindustryguides.com/insights/dentistry-036-open-now-dentist-for-tooth-pain.html,/insights/dentistry-036-open-now-dentist-for-tooth-pain.html,2026-06-19,insight,dentistryguides.com,content/_live/published_urls.json
https://theindustryguides.com/insights/dentistry-037-near-me-dentist-for-sedation-dentist.html,/insights/dentistry-037-near-me-dentist-for-sedation-dentist.html,2026-06-19,insight,dentistryguides.com,content/_live/published_urls.json
https://theindustryguides.com/insights/dentistry-038-emergency-dentist-for-sedation-dentist.html,/insights/dentistry-038-emergency-dentist-for-sedation-dentist.html,2026-06-19,insight,dentistryguides.com,content/_live/published_urls.json
https://theindustryguides.com/insights/dentistry-039-open-now-dentist-for-sedation-dentist.html,/insights/dentistry-039-open-now-dentist-for-sedation-dentist.html,2026-06-19,insight,dentistryguides.com,content/_live/published_urls.json
https://theindustryguides.com/insights/dentistry-040-same-day-dentist-for-sedation-dentist.html,/insights/dentistry-040-same-day-dentist-for-sedation-dentist.html,2026-06-19,insight,dentistryguides.com,content/_live/published_urls.json
https://theindustryguides.com/insights/dentistry-041-trusted-dentist-for-sedation-dentist.html,/insights/dentistry-041-trusted-dentist-for-sedation-dentist.html,2026-06-19,insight,dentistryguides.com,content/_live/published_urls.json
https://theindustryguides.com/insights/dentistry-042-gentle-dentist-for-sedation-dentist.html,/insights/dentistry-042-gentle-dentist-for-sedation-dentist.html,2026-06-19,insight,dentistryguides.com,content/_live/published_urls.json
https://theindustryguides.com/insights/dentistry-043-highly-reviewed-dentist-for-sedation-dentist.html,/insights/dentistry-043-highly-reviewed-dentist-for-sedation-dentist.html,2026-06-19,insight,dentistryguides.com,content/_live/published_urls.json
https://theindustryguides.com/insights/dentistry-044-best-dentist-for-teeth-cleaning.html,/insights/dentistry-044-best-dentist-for-teeth-cleaning.html,2026-06-19,insight,dentistryguides.com,content/_live/published_urls.json
https://theindustryguides.com/insights/dentistry-045-top-rated-dentist-for-teeth-cleaning.html,/insights/dentistry-045-top-rated-dentist-for-teeth-cleaning.html,2026-06-19,insight,dentistryguides.com,content/_live/published_urls.json
https://theindustryguides.com/insights/dentistry-046-affordable-dentist-for-teeth-cleaning.html,/insights/dentistry-046-affordable-dentist-for-teeth-cleaning.html,2026-06-19,insight,dentistryguides.com,content/_live/published_urls.json
https://theindustryguides.com/insights/dentistry-047-near-me-dentist-for-teeth-cleaning.html,/insights/dentistry-047-near-me-dentist-for-teeth-cleaning.html,2026-06-19,insight,dentistryguides.com,content/_live/published_urls.json
https://theindustryguides.com/insights/dentistry-048-emergency-dentist-for-teeth-cleaning.html,/insights/dentistry-048-emergency-dentist-for-teeth-cleaning.html,2026-06-19,insight,dentistryguides.com,content/_live/published_urls.json
https://theindustryguides.com/insights/dentistry-049-open-now-dentist-for-teeth-cleaning.html,/insights/dentistry-049-open-now-dentist-for-teeth-cleaning.html,2026-06-19,insight,dentistryguides.com,content/_live/published_urls.json
https://theindustryguides.com/insights/dentistry-050-same-day-dentist-for-teeth-cleaning.html,/insights/dentistry-050-same-day-dentist-for-teeth-cleaning.html,2026-06-19,insight,dentistryguides.com,content/_live/published_urls.json
https://theindustryguides.com/insights/dentistry-051-trusted-dentist-for-teeth-cleaning.html,/insights/dentistry-051-trusted-dentist-for-teeth-cleaning.html,2026-06-19,insight,dentistryguides.com,content/_live/published_urls.json
https://theindustryguides.com/insights/dentistry-052-gentle-dentist-for-teeth-cleaning.html,/insights/dentistry-052-gentle-dentist-for-teeth-cleaning.html,2026-06-19,insight,dentistryguides.com,content/_live/published_urls.json
https://theindustryguides.com/insights/dentistry-053-highly-reviewed-dentist-for-teeth-cleaning.html,/insights/dentistry-053-highly-reviewed-dentist-for-teeth-cleaning.html,2026-06-19,insight,dentistryguides.com,content/_live/published_urls.json
https://theindustryguides.com/insights/dentistry-054-best-dentist-for-wisdom-teeth.html,/insights/dentistry-054-best-dentist-for-wisdom-teeth.html,2026-06-19,insight,dentistryguides.com,content/_live/published_urls.json
https://theindustryguides.com/insights/dentistry-055-top-rated-dentist-for-wisdom-teeth.html,/insights/dentistry-055-top-rated-dentist-for-wisdom-teeth.html,2026-06-19,insight,dentistryguides.com,content/_live/published_urls.json
https://theindustryguides.com/insights/dentistry-056-affordable-dentist-for-wisdom-teeth.html,/insights/dentistry-056-affordable-dentist-for-wisdom-teeth.html,2026-06-19,insight,dentistryguides.com,content/_live/published_urls.json
https://theindustryguides.com/insights/dentistry-057-near-me-dentist-for-wisdom-teeth.html,/insights/dentistry-057-near-me-dentist-for-wisdom-teeth.html,2026-06-19,insight,dentistryguides.com,content/_live/published_urls.json
https://theindustryguides.com/insights/dentistry-058-emergency-dentist-for-wisdom-teeth.html,/insights/dentistry-058-emergency-dentist-for-wisdom-teeth.html,2026-06-19,insight,dentistryguides.com,content/_live/published_urls.json
https://theindustryguides.com/insights/dentistry-061-how-much-is-a-single-tooth-implant.html,/insights/dentistry-061-how-much-is-a-single-tooth-implant.html,2026-06-23,insight,dentistryguides.com,content/_live/published_urls.json
https://theindustryguides.com/insights/dentistry-062-are-dental-implants-worth-it-after-60.html,/insights/dentistry-062-are-dental-implants-worth-it-after-60.html,2026-06-23,insight,dentistryguides.com,content/_live/published_urls.json
https://theindustryguides.com/insights/dentistry-063-is-invisalign-cheaper-than-braces.html,/insights/dentistry-063-is-invisalign-cheaper-than-braces.html,2026-06-23,insight,dentistryguides.com,content/_live/published_urls.json
https://theindustryguides.com/insights/dentistry-064-does-insurance-cover-braces-for-adults.html,/insights/dentistry-064-does-insurance-cover-braces-for-adults.html,2026-06-23,insight,dentistryguides.com,content/_live/published_urls.json
https://theindustryguides.com/insights/dentistry-065-average-cost-of-clear-aligners-2026.html,/insights/dentistry-065-average-cost-of-clear-aligners-2026.html,2026-06-23,insight,dentistryguides.com,content/_live/published_urls.json
https://theindustryguides.com/insights/dentistry-anxiety-trust-001-5-ways-to-find-a-dentist-good-with-anxious-patients.html,/insights/dentistry-anxiety-trust-001-5-ways-to-find-a-dentist-good-with-anxious-patients.html,2026-06-19,insight,dentistryguides.com,content/_live/published_urls.json
https://theindustryguides.com/insights/dentistry-anxiety-trust-002-dentist-for-nervous-patients-what-helps.html,/insights/dentistry-anxiety-trust-002-dentist-for-nervous-patients-what-helps.html,2026-06-19,insight,dentistryguides.com,content/_live/published_urls.json
https://theindustryguides.com/insights/dentistry-anxiety-trust-003-how-to-evaluate-sedation-dentistry-safety-and-fit.html,/insights/dentistry-anxiety-trust-003-how-to-evaluate-sedation-dentistry-safety-and-fit.html,2026-06-19,insight,dentistryguides.com,content/_live/published_urls.json
https://theindustryguides.com/insights/dentistry-anxiety-trust-004-how-to-tell-if-a-dentist-is-trustworthy.html,/insights/dentistry-anxiety-trust-004-how-to-tell-if-a-dentist-is-trustworthy.html,2026-06-19,insight,dentistryguides.com,content/_live/published_urls.json
https://theindustryguides.com/insights/dentistry-anxiety-trust-005-dental-scam-red-flags.html,/insights/dentistry-anxiety-trust-005-dental-scam-red-flags.html,2026-06-19,insight,dentistryguides.com,content/_live/published_urls.json
https://theindustryguides.com/insights/dentistry-anxiety-trust-006-do-i-need-a-second-opinion.html,/insights/dentistry-anxiety-trust-006-do-i-need-a-second-opinion.html,2026-06-19,insight,dentistryguides.com,content/_live/published_urls.json
https://theindustryguides.com/insights/dentistry-anxiety-trust-007-how-to-avoid-unnecessary-work.html,/insights/dentistry-anxiety-trust-007-how-to-avoid-unnecessary-work.html,2026-06-19,insight,dentistryguides.com,content/_live/published_urls.json
https://theindustryguides.com/insights/dentistry-anxiety-trust-008-pressure-sales-tactics-what-to-do.html,/insights/dentistry-anxiety-trust-008-pressure-sales-tactics-what-to-do.html,2026-06-19,insight,dentistryguides.com,content/_live/published_urls.json
https://theindustryguides.com/insights/dentistry-anxiety-trust-009-bad-dentist-work-what-now.html,/insights/dentistry-anxiety-trust-009-bad-dentist-work-what-now.html,2026-06-19,insight,dentistryguides.com,content/_live/published_urls.json
https://theindustryguides.com/insights/dentistry-anxiety-trust-010-how-to-switch-dentists.html,/insights/dentistry-anxiety-trust-010-how-to-switch-dentists.html,2026-06-19,insight,dentistryguides.com,content/_live/published_urls.json
https://theindustryguides.com/insights/dentistry-anxiety-trust-011-how-to-read-treatment-plans.html,/insights/dentistry-anxiety-trust-011-how-to-read-treatment-plans.html,2026-06-19,insight,dentistryguides.com,content/_live/published_urls.json
https://theindustryguides.com/insights/dentistry-anxiety-trust-012-how-to-ask-questions-without-feeling-awkward.html,/insights/dentistry-anxiety-trust-012-how-to-ask-questions-without-feeling-awkward.html,2026-06-19,insight,dentistryguides.com,content/_live/published_urls.json
https://theindustryguides.com/insights/dentistry-anxiety-trust-013-how-to-know-if-you-need-a-root-canal.html,/insights/dentistry-anxiety-trust-013-how-to-know-if-you-need-a-root-canal.html,2026-06-19,insight,dentistryguides.com,content/_live/published_urls.json
https://theindustryguides.com/insights/dentistry-anxiety-trust-014-how-to-know-if-you-need-a-crown.html,/insights/dentistry-anxiety-trust-014-how-to-know-if-you-need-a-crown.html,2026-06-19,insight,dentistryguides.com,content/_live/published_urls.json
https://theindustryguides.com/insights/dentistry-anxiety-trust-015-how-to-know-if-you-need-an-implant.html,/insights/dentistry-anxiety-trust-015-how-to-know-if-you-need-an-implant.html,2026-06-19,insight,dentistryguides.com,content/_live/published_urls.json
https://theindustryguides.com/insights/dentistry-anxiety-trust-016-how-to-handle-dental-fear-as-an-adult.html,/insights/dentistry-anxiety-trust-016-how-to-handle-dental-fear-as-an-adult.html,2026-06-19,insight,dentistryguides.com,content/_live/published_urls.json
https://theindustryguides.com/insights/dentistry-anxiety-trust-017-kids-dental-anxiety-what-to-do.html,/insights/dentistry-anxiety-trust-017-kids-dental-anxiety-what-to-do.html,2026-06-19,insight,dentistryguides.com,content/_live/published_urls.json
https://theindustryguides.com/insights/dentistry-anxiety-trust-018-needle-fear-what-to-do.html,/insights/dentistry-anxiety-trust-018-needle-fear-what-to-do.html,2026-06-19,insight,dentistryguides.com,content/_live/published_urls.json
https://theindustryguides.com/insights/dentistry-anxiety-trust-019-gag-reflex-what-to-do.html,/insights/dentistry-anxiety-trust-019-gag-reflex-what-to-do.html,2026-06-19,insight,dentistryguides.com,content/_live/published_urls.json
https://theindustryguides.com/insights/dentistry-anxiety-trust-020-how-to-prepare-for-first-visit.html,/insights/dentistry-anxiety-trust-020-how-to-prepare-for-first-visit.html,2026-06-19,insight,dentistryguides.com,content/_live/published_urls.json
https://theindustryguides.com/insights/dentistry-anxiety-trust-021-what-to-bring-to-your-appointment.html,/insights/dentistry-anxiety-trust-021-what-to-bring-to-your-appointment.html,2026-06-19,insight,dentistryguides.com,content/_live/published_urls.json
https://theindustryguides.com/insights/dentistry-anxiety-trust-022-dentist-reviews-what-to-ignore.html,/insights/dentistry-anxiety-trust-022-dentist-reviews-what-to-ignore.html,2026-06-19,insight,dentistryguides.com,content/_live/published_urls.json
https://theindustryguides.com/insights/dentistry-anxiety-trust-023-how-to-check-dentist-licensing.html,/insights/dentistry-anxiety-trust-023-how-to-check-dentist-licensing.html,2026-06-19,insight,dentistryguides.com,content/_live/published_urls.json
https://theindustryguides.com/insights/dentistry-anxiety-trust-024-how-to-verify-a-specialist-is-legit.html,/insights/dentistry-anxiety-trust-024-how-to-verify-a-specialist-is-legit.html,2026-06-19,insight,dentistryguides.com,content/_live/published_urls.json
https://theindustryguides.com/insights/dentistry-anxiety-trust-025-how-to-spot-a-bait-and-switch-price.html,/insights/dentistry-anxiety-trust-025-how-to-spot-a-bait-and-switch-price.html,2026-06-19,insight,dentistryguides.com,content/_live/published_urls.json
https://theindustryguides.com/insights/dentistry-anxiety-trust-026-how-to-handle-financing-pressure.html,/insights/dentistry-anxiety-trust-026-how-to-handle-financing-pressure.html,2026-06-19,insight,dentistryguides.com,content/_live/published_urls.json
https://theindustryguides.com/insights/dentistry-anxiety-trust-027-anxiety-sedation-and-trust-signal-checklist.html,/insights/dentistry-anxiety-trust-027-anxiety-sedation-and-trust-signal-checklist.html,2026-06-19,insight,dentistryguides.com,content/_live/published_urls.json
https://theindustryguides.com/insights/dentistry-best-top-near-me-001-dentist-comparison-checklist-how-to-interpret-top-rated-claims.html,/insights/dentistry-best-top-near-me-001-dentist-comparison-checklist-how-to-interpret-top-rated-claims.html,2026-06-19,insight,dentistryguides.com,content/_live/published_urls.json
https://theindustryguides.com/insights/dentistry-best-top-near-me-002-how-to-evaluate-a-local-dental-provider-s-credentials.html,/insights/dentistry-best-top-near-me-002-how-to-evaluate-a-local-dental-provider-s-credentials.html,2026-06-19,insight,dentistryguides.com,content/_live/published_urls.json
https://theindustryguides.com/insights/dentistry-best-top-near-me-003-how-to-compare-local-dental-offices-without-guessing.html,/insights/dentistry-best-top-near-me-003-how-to-compare-local-dental-offices-without-guessing.html,2026-06-19,insight,dentistryguides.com,content/_live/published_urls.json
https://theindustryguides.com/insights/dentistry-best-top-near-me-004-what-top-rated-actually-means-in-dental-care.html,/insights/dentistry-best-top-near-me-004-what-top-rated-actually-means-in-dental-care.html,2026-06-19,insight,dentistryguides.com,content/_live/published_urls.json
https://theindustryguides.com/insights/dentistry-best-top-near-me-005-what-to-look-for-in-pediatric-and-family-dental-clinics.html,/insights/dentistry-best-top-near-me-005-what-to-look-for-in-pediatric-and-family-dental-clinics.html,2026-06-19,insight,dentistryguides.com,content/_live/published_urls.json
https://theindustryguides.com/insights/dentistry-best-top-near-me-006-verifying-outcomes-for-cosmetic-dentistry-and-smile-makeovers.html,/insights/dentistry-best-top-near-me-006-verifying-outcomes-for-cosmetic-dentistry-and-smile-makeovers.html,2026-06-19,insight,dentistryguides.com,content/_live/published_urls.json
https://theindustryguides.com/insights/dentistry-best-top-near-me-007-how-to-assess-sedation-and-anxiety-friendly-dental-care.html,/insights/dentistry-best-top-near-me-007-how-to-assess-sedation-and-anxiety-friendly-dental-care.html,2026-06-19,insight,dentistryguides.com,content/_live/published_urls.json
https://theindustryguides.com/insights/dentistry-best-top-near-me-008-what-matters-most-when-choosing-a-dentist-for-children.html,/insights/dentistry-best-top-near-me-008-what-matters-most-when-choosing-a-dentist-for-children.html,2026-06-19,insight,dentistryguides.com,content/_live/published_urls.json
https://theindustryguides.com/insights/dentistry-best-top-near-me-009-how-to-compare-implant-focused-dental-teams.html,/insights/dentistry-best-top-near-me-009-how-to-compare-implant-focused-dental-teams.html,2026-06-19,insight,dentistryguides.com,content/_live/published_urls.json
https://theindustryguides.com/insights/dentistry-best-top-near-me-010-how-to-compare-endodontic-and-root-canal-options.html,/insights/dentistry-best-top-near-me-010-how-to-compare-endodontic-and-root-canal-options.html,2026-06-19,insight,dentistryguides.com,content/_live/published_urls.json
https://theindustryguides.com/insights/dentistry-best-top-near-me-011-how-to-compare-restorative-treatment-plans-for-crowns.html,/insights/dentistry-best-top-near-me-011-how-to-compare-restorative-treatment-plans-for-crowns.html,2026-06-19,insight,dentistryguides.com,content/_live/published_urls.json
https://theindustryguides.com/insights/dentistry-best-top-near-me-012-how-to-compare-braces-and-orthodontic-providers.html,/insights/dentistry-best-top-near-me-012-how-to-compare-braces-and-orthodontic-providers.html,2026-06-19,insight,dentistryguides.com,content/_live/published_urls.json
https://theindustryguides.com/insights/dentistry-best-top-near-me-013-verifying-outcomes-for-clear-aligner-treatment.html,/insights/dentistry-best-top-near-me-013-verifying-outcomes-for-clear-aligner-treatment.html,2026-06-19,insight,dentistryguides.com,content/_live/published_urls.json
https://theindustryguides.com/insights/dentistry-best-top-near-me-014-how-to-confirm-in-network-coverage-and-fee-structure.html,/insights/dentistry-best-top-near-me-014-how-to-confirm-in-network-coverage-and-fee-structure.html,2026-06-19,insight,dentistryguides.com,content/_live/published_urls.json
https://theindustryguides.com/insights/dentistry-best-top-near-me-015-how-to-compare-self-pay-dental-pricing-before-booking.html,/insights/dentistry-best-top-near-me-015-how-to-compare-self-pay-dental-pricing-before-booking.html,2026-06-19,insight,dentistryguides.com,content/_live/published_urls.json
https://theindustryguides.com/insights/dentistry-best-top-near-me-016-how-to-verify-urgent-or-same-day-dental-availability.html,/insights/dentistry-best-top-near-me-016-how-to-verify-urgent-or-same-day-dental-availability.html,2026-06-19,insight,dentistryguides.com,content/_live/published_urls.json
https://theindustryguides.com/insights/dentistry-best-top-near-me-017-how-to-find-a-good-dentist-fast.html,/insights/dentistry-best-top-near-me-017-how-to-find-a-good-dentist-fast.html,2026-06-19,insight,dentistryguides.com,content/_live/published_urls.json
https://theindustryguides.com/insights/dentistry-best-top-near-me-018-how-to-compare-dentists.html,/insights/dentistry-best-top-near-me-018-how-to-compare-dentists.html,2026-06-19,insight,dentistryguides.com,content/_live/published_urls.json
https://theindustryguides.com/insights/dentistry-best-top-near-me-019-what-makes-a-dentist-good.html,/insights/dentistry-best-top-near-me-019-what-makes-a-dentist-good.html,2026-06-19,insight,dentistryguides.com,content/_live/published_urls.json
https://theindustryguides.com/insights/dentistry-best-top-near-me-020-how-to-read-dentist-reviews.html,/insights/dentistry-best-top-near-me-020-how-to-read-dentist-reviews.html,2026-06-19,insight,dentistryguides.com,content/_live/published_urls.json
https://theindustryguides.com/insights/dentistry-best-top-near-me-021-how-to-check-dentist-credentials.html,/insights/dentistry-best-top-near-me-021-how-to-check-dentist-credentials.html,2026-06-19,insight,dentistryguides.com,content/_live/published_urls.json
https://theindustryguides.com/insights/dentistry-best-top-near-me-022-should-i-choose-a-chain-dental-office.html,/insights/dentistry-best-top-near-me-022-should-i-choose-a-chain-dental-office.html,2026-06-19,insight,dentistryguides.com,content/_live/published_urls.json
https://theindustryguides.com/insights/dentistry-best-top-near-me-023-should-i-choose-a-private-practice-dentist.html,/insights/dentistry-best-top-near-me-023-should-i-choose-a-private-practice-dentist.html,2026-06-19,insight,dentistryguides.com,content/_live/published_urls.json
https://theindustryguides.com/insights/dentistry-best-top-near-me-024-how-to-evaluate-urgent-dental-care-for-tooth-pain.html,/insights/dentistry-best-top-near-me-024-how-to-evaluate-urgent-dental-care-for-tooth-pain.html,2026-06-19,insight,dentistryguides.com,content/_live/published_urls.json
https://theindustryguides.com/insights/dentistry-best-top-near-me-025-how-to-evaluate-urgent-care-for-a-broken-tooth.html,/insights/dentistry-best-top-near-me-025-how-to-evaluate-urgent-care-for-a-broken-tooth.html,2026-06-19,insight,dentistryguides.com,content/_live/published_urls.json
https://theindustryguides.com/insights/dentistry-best-top-near-me-026-how-to-compare-care-options-for-gum-symptoms.html,/insights/dentistry-best-top-near-me-026-how-to-compare-care-options-for-gum-symptoms.html,2026-06-19,insight,dentistryguides.com,content/_live/published_urls.json
https://theindustryguides.com/insights/dentistry-best-top-near-me-027-dentist-finding-decision-checklist.html,/insights/dentistry-best-top-near-me-027-dentist-finding-decision-checklist.html,2026-06-19,insight,dentistryguides.com,content/_live/published_urls.json
https://theindustryguides.com/insights/dentistry-choosing-a-dentist-001-how-do-i-choose-the-right-dentist-for-me.html,/insights/dentistry-choosing-a-dentist-001-how-do-i-choose-the-right-dentist-for-me.html,2026-06-19,insight,dentistryguides.com,content/_live/published_urls.json
https://theindustryguides.com/insights/dentistry-choosing-a-dentist-002-how-do-i-choose-a-good-dentist-for-my-family.html,/insights/dentistry-choosing-a-dentist-002-how-do-i-choose-a-good-dentist-for-my-family.html,2026-06-19,insight,dentistryguides.com,content/_live/published_urls.json
https://theindustryguides.com/insights/dentistry-choosing-a-dentist-003-how-do-i-find-a-trusted-dentist-in-chicago-illinois.html,/insights/dentistry-choosing-a-dentist-003-how-do-i-find-a-trusted-dentist-in-chicago-illinois.html,2026-06-19,insight,dentistryguides.com,content/_live/published_urls.json
https://theindustryguides.com/insights/dentistry-choosing-a-dentist-004-how-do-i-compare-local-dental-offices-without-guessing.html,/insights/dentistry-choosing-a-dentist-004-how-do-i-compare-local-dental-offices-without-guessing.html,2026-06-19,insight,dentistryguides.com,content/_live/published_urls.json
https://theindustryguides.com/insights/dentistry-choosing-a-dentist-005-what-to-look-for-when-choosing-a-dentist.html,/insights/dentistry-choosing-a-dentist-005-what-to-look-for-when-choosing-a-dentist.html,2026-06-19,insight,dentistryguides.com,content/_live/published_urls.json
https://theindustryguides.com/insights/dentistry-clear-aligners-001-are-clear-aligners-as-effective-as-traditional-braces-for-straightenin.html,/insights/dentistry-clear-aligners-001-are-clear-aligners-as-effective-as-traditional-braces-for-straightenin.html,2026-06-19,insight,dentistryguides.com,content/_live/published_urls.json
https://theindustryguides.com/insights/dentistry-clear-aligners-002-is-invisalign-worth-it-for-adults.html,/insights/dentistry-clear-aligners-002-is-invisalign-worth-it-for-adults.html,2026-06-19,insight,dentistryguides.com,content/_live/published_urls.json
https://theindustryguides.com/insights/dentistry-clear-aligners-003-are-clear-aligners-faster-than-braces.html,/insights/dentistry-clear-aligners-003-are-clear-aligners-faster-than-braces.html,2026-06-19,insight,dentistryguides.com,content/_live/published_urls.json
https://theindustryguides.com/insights/dentistry-clear-aligners-004-which-works-better-for-complex-cases-aligners-or-braces.html,/insights/dentistry-clear-aligners-004-which-works-better-for-complex-cases-aligners-or-braces.html,2026-06-19,insight,dentistryguides.com,content/_live/published_urls.json
https://theindustryguides.com/insights/dentistry-cosmetic-restorative-001-how-do-i-compare-veneer-consultations.html,/insights/dentistry-cosmetic-restorative-001-how-do-i-compare-veneer-consultations.html,2026-06-19,insight,dentistryguides.com,content/_live/published_urls.json
https://theindustryguides.com/insights/dentistry-cosmetic-restorative-002-is-whitening-worth-doing-before-bonding.html,/insights/dentistry-cosmetic-restorative-002-is-whitening-worth-doing-before-bonding.html,2026-06-19,insight,dentistryguides.com,content/_live/published_urls.json
https://theindustryguides.com/insights/dentistry-cosmetic-restorative-003-how-many-implant-opinions-should-i-get.html,/insights/dentistry-cosmetic-restorative-003-how-many-implant-opinions-should-i-get.html,2026-06-19,insight,dentistryguides.com,content/_live/published_urls.json
https://theindustryguides.com/insights/dentistry-cosmetic-restorative-004-what-should-a-smile-makeover-quote-include.html,/insights/dentistry-cosmetic-restorative-004-what-should-a-smile-makeover-quote-include.html,2026-06-19,insight,dentistryguides.com,content/_live/published_urls.json
https://theindustryguides.com/insights/dentistry-cosmetic-restorative-005-implant-bridge-and-cosmetic-dentistry-comparison-framework.html,/insights/dentistry-cosmetic-restorative-005-implant-bridge-and-cosmetic-dentistry-comparison-framework.html,2026-06-19,insight,dentistryguides.com,content/_live/published_urls.json
https://theindustryguides.com/insights/dentistry-cost-financing-001-how-much-does-a-dental-implant-typically-cost-and-are-there-financing-.html,/insights/dentistry-cost-financing-001-how-much-does-a-dental-implant-typically-cost-and-are-there-financing-.html,2026-06-19,insight,dentistryguides.com,content/_live/published_urls.json
https://theindustryguides.com/insights/dentistry-cost-financing-002-what-does-a-dental-implant-cost-in-dallas-texas.html,/insights/dentistry-cost-financing-002-what-does-a-dental-implant-cost-in-dallas-texas.html,2026-06-19,insight,dentistryguides.com,content/_live/published_urls.json
https://theindustryguides.com/insights/dentistry-cost-financing-003-are-there-financing-options-for-dental-implants.html,/insights/dentistry-cost-financing-003-are-there-financing-options-for-dental-implants.html,2026-06-19,insight,dentistryguides.com,content/_live/published_urls.json
https://theindustryguides.com/insights/dentistry-cost-financing-004-how-much-is-a-single-dental-implant-versus-full-arch-implants.html,/insights/dentistry-cost-financing-004-how-much-is-a-single-dental-implant-versus-full-arch-implants.html,2026-06-19,insight,dentistryguides.com,content/_live/published_urls.json
https://theindustryguides.com/insights/dentistry-cost-financing-005-what-is-included-in-a-dental-implant-quote.html,/insights/dentistry-cost-financing-005-what-is-included-in-a-dental-implant-quote.html,2026-06-19,insight,dentistryguides.com,content/_live/published_urls.json
https://theindustryguides.com/insights/dentistry-cost-financing-006-carecredit-vs-dental-school-vs-payment-plans-vs-medicaid.html,/insights/dentistry-cost-financing-006-carecredit-vs-dental-school-vs-payment-plans-vs-medicaid.html,2026-06-19,insight,dentistryguides.com,content/_live/published_urls.json
https://theindustryguides.com/insights/dentistry-cost-insurance-001-how-to-compare-pricing-without-walking-into-the-wrong-fit.html,/insights/dentistry-cost-insurance-001-how-to-compare-pricing-without-walking-into-the-wrong-fit.html,2026-06-19,insight,dentistryguides.com,content/_live/published_urls.json
https://theindustryguides.com/insights/dentistry-cost-insurance-002-dentist-payment-plans-what-to-ask.html,/insights/dentistry-cost-insurance-002-dentist-payment-plans-what-to-ask.html,2026-06-19,insight,dentistryguides.com,content/_live/published_urls.json
https://theindustryguides.com/insights/dentistry-cost-insurance-003-dental-insurance-what-to-confirm.html,/insights/dentistry-cost-insurance-003-dental-insurance-what-to-confirm.html,2026-06-19,insight,dentistryguides.com,content/_live/published_urls.json
https://theindustryguides.com/insights/dentistry-cost-insurance-004-how-to-verify-medicaid-participation-before-booking-dental-care.html,/insights/dentistry-cost-insurance-004-how-to-verify-medicaid-participation-before-booking-dental-care.html,2026-06-19,insight,dentistryguides.com,content/_live/published_urls.json
https://theindustryguides.com/insights/dentistry-cost-insurance-005-how-much-does-a-cleaning-cost.html,/insights/dentistry-cost-insurance-005-how-much-does-a-cleaning-cost.html,2026-06-19,insight,dentistryguides.com,content/_live/published_urls.json
https://theindustryguides.com/insights/dentistry-cost-insurance-006-how-much-do-fillings-cost.html,/insights/dentistry-cost-insurance-006-how-much-do-fillings-cost.html,2026-06-19,insight,dentistryguides.com,content/_live/published_urls.json
https://theindustryguides.com/insights/dentistry-cost-insurance-007-how-much-does-a-root-canal-cost.html,/insights/dentistry-cost-insurance-007-how-much-does-a-root-canal-cost.html,2026-06-19,insight,dentistryguides.com,content/_live/published_urls.json
https://theindustryguides.com/insights/dentistry-cost-insurance-008-how-much-does-a-crown-cost.html,/insights/dentistry-cost-insurance-008-how-much-does-a-crown-cost.html,2026-06-19,insight,dentistryguides.com,content/_live/published_urls.json
https://theindustryguides.com/insights/dentistry-cost-insurance-009-how-much-do-implants-cost.html,/insights/dentistry-cost-insurance-009-how-much-do-implants-cost.html,2026-06-19,insight,dentistryguides.com,content/_live/published_urls.json
https://theindustryguides.com/insights/dentistry-cost-insurance-010-how-much-do-dentures-cost.html,/insights/dentistry-cost-insurance-010-how-much-do-dentures-cost.html,2026-06-19,insight,dentistryguides.com,content/_live/published_urls.json
https://theindustryguides.com/insights/dentistry-cost-insurance-011-how-much-does-extraction-cost.html,/insights/dentistry-cost-insurance-011-how-much-does-extraction-cost.html,2026-06-19,insight,dentistryguides.com,content/_live/published_urls.json
https://theindustryguides.com/insights/dentistry-cost-insurance-012-how-to-get-a-written-estimate.html,/insights/dentistry-cost-insurance-012-how-to-get-a-written-estimate.html,2026-06-19,insight,dentistryguides.com,content/_live/published_urls.json
https://theindustryguides.com/insights/dentistry-cost-insurance-013-why-dental-costs-vary-so-much.html,/insights/dentistry-cost-insurance-013-why-dental-costs-vary-so-much.html,2026-06-19,insight,dentistryguides.com,content/_live/published_urls.json
https://theindustryguides.com/insights/dentistry-cost-insurance-014-in-network-vs-out-of-network-what-it-means.html,/insights/dentistry-cost-insurance-014-in-network-vs-out-of-network-what-it-means.html,2026-06-19,insight,dentistryguides.com,content/_live/published_urls.json
https://theindustryguides.com/insights/dentistry-cost-insurance-015-does-insurance-cover-sedation.html,/insights/dentistry-cost-insurance-015-does-insurance-cover-sedation.html,2026-06-19,insight,dentistryguides.com,content/_live/published_urls.json
https://theindustryguides.com/insights/dentistry-cost-insurance-016-financing-red-flags.html,/insights/dentistry-cost-insurance-016-financing-red-flags.html,2026-06-19,insight,dentistryguides.com,content/_live/published_urls.json
https://theindustryguides.com/insights/dentistry-cost-insurance-017-discount-plans-are-they-worth-it.html,/insights/dentistry-cost-insurance-017-discount-plans-are-they-worth-it.html,2026-06-19,insight,dentistryguides.com,content/_live/published_urls.json
https://theindustryguides.com/insights/dentistry-cost-insurance-018-how-to-compare-quotes.html,/insights/dentistry-cost-insurance-018-how-to-compare-quotes.html,2026-06-19,insight,dentistryguides.com,content/_live/published_urls.json
https://theindustryguides.com/insights/dentistry-cost-insurance-019-is-it-cheaper-to-go-to-a-dental-school.html,/insights/dentistry-cost-insurance-019-is-it-cheaper-to-go-to-a-dental-school.html,2026-06-19,insight,dentistryguides.com,content/_live/published_urls.json
https://theindustryguides.com/insights/dentistry-cost-insurance-020-low-cost-clinics-what-to-watch-for.html,/insights/dentistry-cost-insurance-020-low-cost-clinics-what-to-watch-for.html,2026-06-19,insight,dentistryguides.com,content/_live/published_urls.json
https://theindustryguides.com/insights/dentistry-cost-insurance-021-emergency-dental-cost-what-to-expect.html,/insights/dentistry-cost-insurance-021-emergency-dental-cost-what-to-expect.html,2026-06-19,insight,dentistryguides.com,content/_live/published_urls.json
https://theindustryguides.com/insights/dentistry-cost-insurance-022-implant-cost-why-it-varies.html,/insights/dentistry-cost-insurance-022-implant-cost-why-it-varies.html,2026-06-19,insight,dentistryguides.com,content/_live/published_urls.json
https://theindustryguides.com/insights/dentistry-cost-insurance-023-root-canal-cost-why-it-varies.html,/insights/dentistry-cost-insurance-023-root-canal-cost-why-it-varies.html,2026-06-19,insight,dentistryguides.com,content/_live/published_urls.json
https://theindustryguides.com/insights/dentistry-cost-insurance-024-crown-cost-why-it-varies.html,/insights/dentistry-cost-insurance-024-crown-cost-why-it-varies.html,2026-06-19,insight,dentistryguides.com,content/_live/published_urls.json
https://theindustryguides.com/insights/dentistry-cost-insurance-025-extraction-cost-why-it-varies.html,/insights/dentistry-cost-insurance-025-extraction-cost-why-it-varies.html,2026-06-19,insight,dentistryguides.com,content/_live/published_urls.json
https://theindustryguides.com/insights/dentistry-cost-insurance-026-how-to-avoid-surprise-charges.html,/insights/dentistry-cost-insurance-026-how-to-avoid-surprise-charges.html,2026-06-19,insight,dentistryguides.com,content/_live/published_urls.json
https://theindustryguides.com/insights/dentistry-dental-bridge-vs-implant-001-what-is-the-difference-between-a-dental-bridge-and-a-dental-implant.html,/insights/dentistry-dental-bridge-vs-implant-001-what-is-the-difference-between-a-dental-bridge-and-a-dental-implant.html,2026-06-19,insight,dentistryguides.com,content/_live/published_urls.json
https://theindustryguides.com/insights/dentistry-dental-bridge-vs-implant-002-is-a-dental-implant-better-than-a-bridge-long-term.html,/insights/dentistry-dental-bridge-vs-implant-002-is-a-dental-implant-better-than-a-bridge-long-term.html,2026-06-19,insight,dentistryguides.com,content/_live/published_urls.json
https://theindustryguides.com/insights/dentistry-dental-bridge-vs-implant-003-how-do-i-decide-between-a-bridge-and-an-implant-for-one-missing-tooth.html,/insights/dentistry-dental-bridge-vs-implant-003-how-do-i-decide-between-a-bridge-and-an-implant-for-one-missing-tooth.html,2026-06-19,insight,dentistryguides.com,content/_live/published_urls.json
https://theindustryguides.com/insights/dentistry-dental-bridge-vs-implant-004-which-is-cheaper-long-term-a-bridge-or-an-implant.html,/insights/dentistry-dental-bridge-vs-implant-004-which-is-cheaper-long-term-a-bridge-or-an-implant.html,2026-06-19,insight,dentistryguides.com,content/_live/published_urls.json
https://theindustryguides.com/insights/dentistry-dental-red-flags-001-what-are-red-flags-to-watch-out-for-when-visiting-a-new-dentist.html,/insights/dentistry-dental-red-flags-001-what-are-red-flags-to-watch-out-for-when-visiting-a-new-dentist.html,2026-06-19,insight,dentistryguides.com,content/_live/published_urls.json
https://theindustryguides.com/insights/dentistry-dental-red-flags-002-what-are-dental-scam-red-flags.html,/insights/dentistry-dental-red-flags-002-what-are-dental-scam-red-flags.html,2026-06-19,insight,dentistryguides.com,content/_live/published_urls.json
https://theindustryguides.com/insights/dentistry-dental-red-flags-003-should-i-get-a-second-opinion-before-a-crown.html,/insights/dentistry-dental-red-flags-003-should-i-get-a-second-opinion-before-a-crown.html,2026-06-19,insight,dentistryguides.com,content/_live/published_urls.json
https://theindustryguides.com/insights/dentistry-dental-red-flags-004-how-do-i-know-if-a-dentist-is-upselling-treatment.html,/insights/dentistry-dental-red-flags-004-how-do-i-know-if-a-dentist-is-upselling-treatment.html,2026-06-19,insight,dentistryguides.com,content/_live/published_urls.json
https://theindustryguides.com/insights/dentistry-emergency-open-now-001-how-to-verify-emergency-dental-availability-right-now.html,/insights/dentistry-emergency-open-now-001-how-to-verify-emergency-dental-availability-right-now.html,2026-06-19,insight,dentistryguides.com,content/_live/published_urls.json
https://theindustryguides.com/insights/dentistry-emergency-open-now-002-how-to-confirm-same-day-dental-appointments.html,/insights/dentistry-emergency-open-now-002-how-to-confirm-same-day-dental-appointments.html,2026-06-19,insight,dentistryguides.com,content/_live/published_urls.json
https://theindustryguides.com/insights/dentistry-emergency-open-now-003-how-to-check-walk-in-dental-availability-before-you-leave-home.html,/insights/dentistry-emergency-open-now-003-how-to-check-walk-in-dental-availability-before-you-leave-home.html,2026-06-19,insight,dentistryguides.com,content/_live/published_urls.json
https://theindustryguides.com/insights/dentistry-emergency-open-now-004-tooth-knocked-out-what-do-i-do-now.html,/insights/dentistry-emergency-open-now-004-tooth-knocked-out-what-do-i-do-now.html,2026-06-19,insight,dentistryguides.com,content/_live/published_urls.json
https://theindustryguides.com/insights/dentistry-emergency-open-now-005-severe-tooth-pain-should-i-go-to-er-or-dentist.html,/insights/dentistry-emergency-open-now-005-severe-tooth-pain-should-i-go-to-er-or-dentist.html,2026-06-19,insight,dentistryguides.com,content/_live/published_urls.json
https://theindustryguides.com/insights/dentistry-emergency-open-now-006-swollen-face-from-tooth-infection-what-now.html,/insights/dentistry-emergency-open-now-006-swollen-face-from-tooth-infection-what-now.html,2026-06-19,insight,dentistryguides.com,content/_live/published_urls.json
https://theindustryguides.com/insights/dentistry-emergency-open-now-007-broken-tooth-what-now.html,/insights/dentistry-emergency-open-now-007-broken-tooth-what-now.html,2026-06-19,insight,dentistryguides.com,content/_live/published_urls.json
https://theindustryguides.com/insights/dentistry-emergency-open-now-008-lost-filling-what-now.html,/insights/dentistry-emergency-open-now-008-lost-filling-what-now.html,2026-06-19,insight,dentistryguides.com,content/_live/published_urls.json
https://theindustryguides.com/insights/dentistry-emergency-open-now-009-crown-fell-off-what-now.html,/insights/dentistry-emergency-open-now-009-crown-fell-off-what-now.html,2026-06-19,insight,dentistryguides.com,content/_live/published_urls.json
https://theindustryguides.com/insights/dentistry-emergency-open-now-010-how-to-compare-local-options-using-a-real-decision-checklist.html,/insights/dentistry-emergency-open-now-010-how-to-compare-local-options-using-a-real-decision-checklist.html,2026-06-19,insight,dentistryguides.com,content/_live/published_urls.json
https://theindustryguides.com/insights/dentistry-emergency-open-now-011-tooth-abscess-what-now.html,/insights/dentistry-emergency-open-now-011-tooth-abscess-what-now.html,2026-06-19,insight,dentistryguides.com,content/_live/published_urls.json
https://theindustryguides.com/insights/dentistry-emergency-open-now-012-can-urgent-care-treat-tooth-pain.html,/insights/dentistry-emergency-open-now-012-can-urgent-care-treat-tooth-pain.html,2026-06-19,insight,dentistryguides.com,content/_live/published_urls.json
https://theindustryguides.com/insights/dentistry-emergency-open-now-013-how-fast-can-i-be-seen-today.html,/insights/dentistry-emergency-open-now-013-how-fast-can-i-be-seen-today.html,2026-06-19,insight,dentistryguides.com,content/_live/published_urls.json
https://theindustryguides.com/insights/dentistry-emergency-open-now-014-how-to-find-an-emergency-dentist-quickly.html,/insights/dentistry-emergency-open-now-014-how-to-find-an-emergency-dentist-quickly.html,2026-06-19,insight,dentistryguides.com,content/_live/published_urls.json
https://theindustryguides.com/insights/dentistry-emergency-open-now-015-emergency-dental-costs-what-to-ask.html,/insights/dentistry-emergency-open-now-015-emergency-dental-costs-what-to-ask.html,2026-06-19,insight,dentistryguides.com,content/_live/published_urls.json
https://theindustryguides.com/insights/dentistry-emergency-open-now-016-red-flags-in-emergency-dental-offices.html,/insights/dentistry-emergency-open-now-016-red-flags-in-emergency-dental-offices.html,2026-06-19,insight,dentistryguides.com,content/_live/published_urls.json
https://theindustryguides.com/insights/dentistry-emergency-open-now-017-is-it-safe-to-wait-until-tomorrow.html,/insights/dentistry-emergency-open-now-017-is-it-safe-to-wait-until-tomorrow.html,2026-06-19,insight,dentistryguides.com,content/_live/published_urls.json
https://theindustryguides.com/insights/dentistry-emergency-open-now-018-kids-dental-emergency-what-now.html,/insights/dentistry-emergency-open-now-018-kids-dental-emergency-what-now.html,2026-06-19,insight,dentistryguides.com,content/_live/published_urls.json
https://theindustryguides.com/insights/dentistry-emergency-open-now-019-weekend-emergency-dentist-how-to-find.html,/insights/dentistry-emergency-open-now-019-weekend-emergency-dentist-how-to-find.html,2026-06-19,insight,dentistryguides.com,content/_live/published_urls.json
https://theindustryguides.com/insights/dentistry-emergency-open-now-020-night-emergency-dentist-what-to-do.html,/insights/dentistry-emergency-open-now-020-night-emergency-dentist-what-to-do.html,2026-06-19,insight,dentistryguides.com,content/_live/published_urls.json
https://theindustryguides.com/insights/dentistry-emergency-open-now-021-what-to-ask-when-you-need-urgent-help-for-a-broken-crown.html,/insights/dentistry-emergency-open-now-021-what-to-ask-when-you-need-urgent-help-for-a-broken-crown.html,2026-06-19,insight,dentistryguides.com,content/_live/published_urls.json
https://theindustryguides.com/insights/dentistry-emergency-open-now-022-what-to-ask-when-you-suspect-a-dental-infection.html,/insights/dentistry-emergency-open-now-022-what-to-ask-when-you-suspect-a-dental-infection.html,2026-06-19,insight,dentistryguides.com,content/_live/published_urls.json
https://theindustryguides.com/insights/dentistry-emergency-open-now-023-what-to-ask-when-facial-or-gum-swelling-starts.html,/insights/dentistry-emergency-open-now-023-what-to-ask-when-facial-or-gum-swelling-starts.html,2026-06-19,insight,dentistryguides.com,content/_live/published_urls.json
https://theindustryguides.com/insights/dentistry-emergency-open-now-024-how-to-handle-urgent-dental-issues-for-a-child.html,/insights/dentistry-emergency-open-now-024-how-to-handle-urgent-dental-issues-for-a-child.html,2026-06-19,insight,dentistryguides.com,content/_live/published_urls.json
https://theindustryguides.com/insights/dentistry-emergency-open-now-025-emergency-dental-appointment-today-what-to-bring.html,/insights/dentistry-emergency-open-now-025-emergency-dental-appointment-today-what-to-bring.html,2026-06-19,insight,dentistryguides.com,content/_live/published_urls.json
https://theindustryguides.com/insights/dentistry-insurance-billing-001-why-is-my-dental-estimate-different-from-the-final-bill.html,/insights/dentistry-insurance-billing-001-why-is-my-dental-estimate-different-from-the-final-bill.html,2026-06-19,insight,dentistryguides.com,content/_live/published_urls.json
https://theindustryguides.com/insights/dentistry-insurance-billing-002-what-does-out-of-network-really-mean-for-dental-care.html,/insights/dentistry-insurance-billing-002-what-does-out-of-network-really-mean-for-dental-care.html,2026-06-19,insight,dentistryguides.com,content/_live/published_urls.json
https://theindustryguides.com/insights/dentistry-insurance-billing-003-can-a-dentist-charge-more-than-the-insurance-estimate.html,/insights/dentistry-insurance-billing-003-can-a-dentist-charge-more-than-the-insurance-estimate.html,2026-06-19,insight,dentistryguides.com,content/_live/published_urls.json
https://theindustryguides.com/insights/dentistry-insurance-billing-004-how-do-payment-plans-work-at-dental-offices.html,/insights/dentistry-insurance-billing-004-how-do-payment-plans-work-at-dental-offices.html,2026-06-19,insight,dentistryguides.com,content/_live/published_urls.json
https://theindustryguides.com/insights/dentistry-pediatric-family-001-how-do-i-prepare-a-child-for-a-first-dental-visit.html,/insights/dentistry-pediatric-family-001-how-do-i-prepare-a-child-for-a-first-dental-visit.html,2026-06-19,insight,dentistryguides.com,content/_live/published_urls.json
https://theindustryguides.com/insights/dentistry-pediatric-family-002-what-if-my-child-is-terrified-of-the-dentist.html,/insights/dentistry-pediatric-family-002-what-if-my-child-is-terrified-of-the-dentist.html,2026-06-19,insight,dentistryguides.com,content/_live/published_urls.json
https://theindustryguides.com/insights/dentistry-pediatric-family-003-can-siblings-be-booked-together-at-a-family-dentist.html,/insights/dentistry-pediatric-family-003-can-siblings-be-booked-together-at-a-family-dentist.html,2026-06-19,insight,dentistryguides.com,content/_live/published_urls.json
https://theindustryguides.com/insights/dentistry-pediatric-family-004-when-is-sedation-worth-discussing-for-pediatric-dentistry.html,/insights/dentistry-pediatric-family-004-when-is-sedation-worth-discussing-for-pediatric-dentistry.html,2026-06-19,insight,dentistryguides.com,content/_live/published_urls.json
https://theindustryguides.com/insights/dentistry-pediatric-family-005-parent-facing-pediatric-dentist-checklist.html,/insights/dentistry-pediatric-family-005-parent-facing-pediatric-dentist-checklist.html,2026-06-19,insight,dentistryguides.com,content/_live/published_urls.json
https://theindustryguides.com/insights/dentistry-q001-how-does-dental-insurance-verification-work.html,/insights/dentistry-q001-how-does-dental-insurance-verification-work.html,2026-06-19,insight,dentistryguides.com,content/_live/published_urls.json
https://theindustryguides.com/insights/dentistry-q002-what-should-i-verify-about-dental-insurance-verification.html,/insights/dentistry-q002-what-should-i-verify-about-dental-insurance-verification.html,2026-06-19,insight,dentistryguides.com,content/_live/published_urls.json
https://theindustryguides.com/insights/dentistry-q003-what-mistakes-cause-problems-with-dental-insurance-verification.html,/insights/dentistry-q003-what-mistakes-cause-problems-with-dental-insurance-verification.html,2026-06-19,insight,dentistryguides.com,content/_live/published_urls.json
https://theindustryguides.com/insights/dentistry-q004-when-should-i-get-professional-help-with-dental-insurance-verification.html,/insights/dentistry-q004-when-should-i-get-professional-help-with-dental-insurance-verification.html,2026-06-19,insight,dentistryguides.com,content/_live/published_urls.json
https://theindustryguides.com/insights/dentistry-q005-how-does-medicaid-dental-coverage-work.html,/insights/dentistry-q005-how-does-medicaid-dental-coverage-work.html,2026-06-19,insight,dentistryguides.com,content/_live/published_urls.json
https://theindustryguides.com/insights/dentistry-q006-what-should-i-verify-about-medicaid-dental-coverage.html,/insights/dentistry-q006-what-should-i-verify-about-medicaid-dental-coverage.html,2026-06-19,insight,dentistryguides.com,content/_live/published_urls.json
https://theindustryguides.com/insights/dentistry-q007-what-mistakes-cause-problems-with-medicaid-dental-coverage.html,/insights/dentistry-q007-what-mistakes-cause-problems-with-medicaid-dental-coverage.html,2026-06-19,insight,dentistryguides.com,content/_live/published_urls.json
https://theindustryguides.com/insights/dentistry-q008-when-should-i-get-professional-help-with-medicaid-dental-coverage.html,/insights/dentistry-q008-when-should-i-get-professional-help-with-medicaid-dental-coverage.html,2026-06-19,insight,dentistryguides.com,content/_live/published_urls.json
https://theindustryguides.com/insights/dentistry-q009-how-does-itemized-dental-pricing-work.html,/insights/dentistry-q009-how-does-itemized-dental-pricing-work.html,2026-06-19,insight,dentistryguides.com,content/_live/published_urls.json
https://theindustryguides.com/insights/dentistry-q010-what-should-i-verify-about-itemized-dental-pricing.html,/insights/dentistry-q010-what-should-i-verify-about-itemized-dental-pricing.html,2026-06-19,insight,dentistryguides.com,content/_live/published_urls.json
https://theindustryguides.com/insights/dentistry-q011-what-mistakes-cause-problems-with-itemized-dental-pricing.html,/insights/dentistry-q011-what-mistakes-cause-problems-with-itemized-dental-pricing.html,2026-06-19,insight,dentistryguides.com,content/_live/published_urls.json
https://theindustryguides.com/insights/dentistry-q012-when-should-i-get-professional-help-with-itemized-dental-pricing.html,/insights/dentistry-q012-when-should-i-get-professional-help-with-itemized-dental-pricing.html,2026-06-19,insight,dentistryguides.com,content/_live/published_urls.json
https://theindustryguides.com/insights/dentistry-q013-how-does-invisalign-and-clear-aligner-costs-work.html,/insights/dentistry-q013-how-does-invisalign-and-clear-aligner-costs-work.html,2026-06-19,insight,dentistryguides.com,content/_live/published_urls.json
https://theindustryguides.com/insights/dentistry-q014-what-should-i-verify-about-invisalign-and-clear-aligner-costs.html,/insights/dentistry-q014-what-should-i-verify-about-invisalign-and-clear-aligner-costs.html,2026-06-19,insight,dentistryguides.com,content/_live/published_urls.json
https://theindustryguides.com/insights/dentistry-q015-what-mistakes-cause-problems-with-invisalign-and-clear-aligner-costs.html,/insights/dentistry-q015-what-mistakes-cause-problems-with-invisalign-and-clear-aligner-costs.html,2026-06-19,insight,dentistryguides.com,content/_live/published_urls.json
https://theindustryguides.com/insights/dentistry-q016-when-should-i-get-professional-help-with-invisalign-and-clear-aligner-costs.html,/insights/dentistry-q016-when-should-i-get-professional-help-with-invisalign-and-clear-aligner-costs.html,2026-06-19,insight,dentistryguides.com,content/_live/published_urls.json
https://theindustryguides.com/insights/dentistry-q017-how-does-dental-implant-costs-work.html,/insights/dentistry-q017-how-does-dental-implant-costs-work.html,2026-06-19,insight,dentistryguides.com,content/_live/published_urls.json
https://theindustryguides.com/insights/dentistry-q018-what-should-i-verify-about-dental-implant-costs.html,/insights/dentistry-q018-what-should-i-verify-about-dental-implant-costs.html,2026-06-19,insight,dentistryguides.com,content/_live/published_urls.json
https://theindustryguides.com/insights/dentistry-q019-what-mistakes-cause-problems-with-dental-implant-costs.html,/insights/dentistry-q019-what-mistakes-cause-problems-with-dental-implant-costs.html,2026-06-19,insight,dentistryguides.com,content/_live/published_urls.json
https://theindustryguides.com/insights/dentistry-q020-when-should-i-get-professional-help-with-dental-implant-costs.html,/insights/dentistry-q020-when-should-i-get-professional-help-with-dental-implant-costs.html,2026-06-19,insight,dentistryguides.com,content/_live/published_urls.json
https://theindustryguides.com/insights/dentistry-q021-how-does-emergency-dental-triage-work.html,/insights/dentistry-q021-how-does-emergency-dental-triage-work.html,2026-06-19,insight,dentistryguides.com,content/_live/published_urls.json
https://theindustryguides.com/insights/dentistry-q022-what-should-i-verify-about-emergency-dental-triage.html,/insights/dentistry-q022-what-should-i-verify-about-emergency-dental-triage.html,2026-06-19,insight,dentistryguides.com,content/_live/published_urls.json
https://theindustryguides.com/insights/dentistry-q023-what-mistakes-cause-problems-with-emergency-dental-triage.html,/insights/dentistry-q023-what-mistakes-cause-problems-with-emergency-dental-triage.html,2026-06-19,insight,dentistryguides.com,content/_live/published_urls.json
https://theindustryguides.com/insights/dentistry-q024-when-should-i-get-professional-help-with-emergency-dental-triage.html,/insights/dentistry-q024-when-should-i-get-professional-help-with-emergency-dental-triage.html,2026-06-19,insight,dentistryguides.com,content/_live/published_urls.json
https://theindustryguides.com/insights/dentistry-q025-how-does-dental-second-opinions-work.html,/insights/dentistry-q025-how-does-dental-second-opinions-work.html,2026-06-19,insight,dentistryguides.com,content/_live/published_urls.json
https://theindustryguides.com/insights/dentistry-q026-what-should-i-verify-about-dental-second-opinions.html,/insights/dentistry-q026-what-should-i-verify-about-dental-second-opinions.html,2026-06-19,insight,dentistryguides.com,content/_live/published_urls.json
https://theindustryguides.com/insights/dentistry-q027-what-mistakes-cause-problems-with-dental-second-opinions.html,/insights/dentistry-q027-what-mistakes-cause-problems-with-dental-second-opinions.html,2026-06-19,insight,dentistryguides.com,content/_live/published_urls.json
https://theindustryguides.com/insights/dentistry-q028-when-should-i-get-professional-help-with-dental-second-opinions.html,/insights/dentistry-q028-when-should-i-get-professional-help-with-dental-second-opinions.html,2026-06-19,insight,dentistryguides.com,content/_live/published_urls.json
https://theindustryguides.com/insights/dentistry-q029-how-does-choosing-the-right-dental-specialist-work.html,/insights/dentistry-q029-how-does-choosing-the-right-dental-specialist-work.html,2026-06-19,insight,dentistryguides.com,content/_live/published_urls.json
https://theindustryguides.com/insights/dentistry-q030-what-should-i-verify-about-choosing-the-right-dental-specialist.html,/insights/dentistry-q030-what-should-i-verify-about-choosing-the-right-dental-specialist.html,2026-06-19,insight,dentistryguides.com,content/_live/published_urls.json
https://theindustryguides.com/insights/dentistry-q031-what-mistakes-cause-problems-with-choosing-the-right-dental-specialist.html,/insights/dentistry-q031-what-mistakes-cause-problems-with-choosing-the-right-dental-specialist.html,2026-06-19,insight,dentistryguides.com,content/_live/published_urls.json
https://theindustryguides.com/insights/dentistry-q032-when-should-i-get-professional-help-with-choosing-the-right-dental-specialist.html,/insights/dentistry-q032-when-should-i-get-professional-help-with-choosing-the-right-dental-specialist.html,2026-06-19,insight,dentistryguides.com,content/_live/published_urls.json
https://theindustryguides.com/insights/dentistry-q033-how-does-unnecessary-treatment-red-flags-work.html,/insights/dentistry-q033-how-does-unnecessary-treatment-red-flags-work.html,2026-06-19,insight,dentistryguides.com,content/_live/published_urls.json
https://theindustryguides.com/insights/dentistry-q034-what-should-i-verify-about-unnecessary-treatment-red-flags.html,/insights/dentistry-q034-what-should-i-verify-about-unnecessary-treatment-red-flags.html,2026-06-19,insight,dentistryguides.com,content/_live/published_urls.json
https://theindustryguides.com/insights/dentistry-q035-what-mistakes-cause-problems-with-unnecessary-treatment-red-flags.html,/insights/dentistry-q035-what-mistakes-cause-problems-with-unnecessary-treatment-red-flags.html,2026-06-19,insight,dentistryguides.com,content/_live/published_urls.json
https://theindustryguides.com/insights/dentistry-q036-when-should-i-get-professional-help-with-unnecessary-treatment-red-flags.html,/insights/dentistry-q036-when-should-i-get-professional-help-with-unnecessary-treatment-red-flags.html,2026-06-19,insight,dentistryguides.com,content/_live/published_urls.json
https://theindustryguides.com/insights/dentistry-q037-how-does-payment-plans-and-financing-work.html,/insights/dentistry-q037-how-does-payment-plans-and-financing-work.html,2026-06-19,insight,dentistryguides.com,content/_live/published_urls.json
https://theindustryguides.com/insights/dentistry-q038-what-should-i-verify-about-payment-plans-and-financing.html,/insights/dentistry-q038-what-should-i-verify-about-payment-plans-and-financing.html,2026-06-19,insight,dentistryguides.com,content/_live/published_urls.json
https://theindustryguides.com/insights/dentistry-q039-what-mistakes-cause-problems-with-payment-plans-and-financing.html,/insights/dentistry-q039-what-mistakes-cause-problems-with-payment-plans-and-financing.html,2026-06-19,insight,dentistryguides.com,content/_live/published_urls.json
https://theindustryguides.com/insights/dentistry-q040-when-should-i-get-professional-help-with-payment-plans-and-financing.html,/insights/dentistry-q040-when-should-i-get-professional-help-with-payment-plans-and-financing.html,2026-06-19,insight,dentistryguides.com,content/_live/published_urls.json
https://theindustryguides.com/insights/dentistry-recovery-aftercare-001-how-long-should-swelling-last-after-dental-work.html,/insights/dentistry-recovery-aftercare-001-how-long-should-swelling-last-after-dental-work.html,2026-06-19,insight,dentistryguides.com,content/_live/published_urls.json
https://theindustryguides.com/insights/dentistry-recovery-aftercare-002-what-is-normal-pain-after-a-root-canal.html,/insights/dentistry-recovery-aftercare-002-what-is-normal-pain-after-a-root-canal.html,2026-06-19,insight,dentistryguides.com,content/_live/published_urls.json
https://theindustryguides.com/insights/dentistry-recovery-aftercare-003-when-can-i-eat-normally-after-a-tooth-extraction.html,/insights/dentistry-recovery-aftercare-003-when-can-i-eat-normally-after-a-tooth-extraction.html,2026-06-19,insight,dentistryguides.com,content/_live/published_urls.json
https://theindustryguides.com/insights/dentistry-recovery-aftercare-004-what-if-sensitivity-gets-worse-after-a-filling.html,/insights/dentistry-recovery-aftercare-004-what-if-sensitivity-gets-worse-after-a-filling.html,2026-06-19,insight,dentistryguides.com,content/_live/published_urls.json
https://theindustryguides.com/insights/dentistry-root-canal-treatment-001-how-painful-is-a-root-canal-and-how-long-does-the-procedure-take.html,/insights/dentistry-root-canal-treatment-001-how-painful-is-a-root-canal-and-how-long-does-the-procedure-take.html,2026-06-19,insight,dentistryguides.com,content/_live/published_urls.json
https://theindustryguides.com/insights/dentistry-root-canal-treatment-002-does-a-root-canal-hurt-more-than-a-filling.html,/insights/dentistry-root-canal-treatment-002-does-a-root-canal-hurt-more-than-a-filling.html,2026-06-19,insight,dentistryguides.com,content/_live/published_urls.json
https://theindustryguides.com/insights/dentistry-root-canal-treatment-003-how-long-does-a-root-canal-appointment-take.html,/insights/dentistry-root-canal-treatment-003-how-long-does-a-root-canal-appointment-take.html,2026-06-19,insight,dentistryguides.com,content/_live/published_urls.json
https://theindustryguides.com/insights/dentistry-root-canal-treatment-004-what-is-recovery-like-after-a-root-canal.html,/insights/dentistry-root-canal-treatment-004-what-is-recovery-like-after-a-root-canal.html,2026-06-19,insight,dentistryguides.com,content/_live/published_urls.json
https://theindustryguides.com/insights/dentistry-root-canal-treatment-005-do-i-need-a-crown-after-a-root-canal.html,/insights/dentistry-root-canal-treatment-005-do-i-need-a-crown-after-a-root-canal.html,2026-06-19,insight,dentistryguides.com,content/_live/published_urls.json
https://theindustryguides.com/insights/dentistry-second-opinion-do-i-need-a-second-opinion-for-dental-work.html,/insights/dentistry-second-opinion-do-i-need-a-second-opinion-for-dental-work.html,2026-06-19,insight,dentistryguides.com,content/_live/published_urls.json
https://theindustryguides.com/insights/dentistry-second-opinion-how-to-get-a-second-opinion-for-dental-treatment.html,/insights/dentistry-second-opinion-how-to-get-a-second-opinion-for-dental-treatment.html,2026-06-19,insight,dentistryguides.com,content/_live/published_urls.json
https://theindustryguides.com/insights/dentistry-second-opinion-is-it-worth-getting-a-second-opinion-dentist.html,/insights/dentistry-second-opinion-is-it-worth-getting-a-second-opinion-dentist.html,2026-06-19,insight,dentistryguides.com,content/_live/published_urls.json
https://theindustryguides.com/insights/dentistry-second-opinion-what-to-ask-for-dental-second-opinion.html,/insights/dentistry-second-opinion-what-to-ask-for-dental-second-opinion.html,2026-06-19,insight,dentistryguides.com,content/_live/published_urls.json
https://theindustryguides.com/insights/dentistry-second-opinion-when-should-i-get-a-second-opinion-dentist.html,/insights/dentistry-second-opinion-when-should-i-get-a-second-opinion-dentist.html,2026-06-19,insight,dentistryguides.com,content/_live/published_urls.json
https://theindustryguides.com/insights/dentistry-sedation-fear-cost-of-sedation-dentistry.html,/insights/dentistry-sedation-fear-cost-of-sedation-dentistry.html,2026-06-19,insight,dentistryguides.com,content/_live/published_urls.json
https://theindustryguides.com/insights/dentistry-sedation-fear-dentist-for-people-with-dental-anxiety-sedation.html,/insights/dentistry-sedation-fear-dentist-for-people-with-dental-anxiety-sedation.html,2026-06-19,insight,dentistryguides.com,content/_live/published_urls.json
https://theindustryguides.com/insights/dentistry-sedation-fear-is-sedation-dentistry-safe-for-anxiety.html,/insights/dentistry-sedation-fear-is-sedation-dentistry-safe-for-anxiety.html,2026-06-19,insight,dentistryguides.com,content/_live/published_urls.json
https://theindustryguides.com/insights/dentistry-sedation-fear-nitrous-oxide-vs-iv-sedation-dentist.html,/insights/dentistry-sedation-fear-nitrous-oxide-vs-iv-sedation-dentist.html,2026-06-19,insight,dentistryguides.com,content/_live/published_urls.json
https://theindustryguides.com/insights/dentistry-sedation-fear-what-sedation-options-do-dentists-offer.html,/insights/dentistry-sedation-fear-what-sedation-options-do-dentists-offer.html,2026-06-19,insight,dentistryguides.com,content/_live/published_urls.json
https://theindustryguides.com/insights/dentistry-specialists-001-implant-dentist-vs-oral-surgeon-who-should-i-see.html,/insights/dentistry-specialists-001-implant-dentist-vs-oral-surgeon-who-should-i-see.html,2026-06-19,insight,dentistryguides.com,content/_live/published_urls.json
https://theindustryguides.com/insights/dentistry-specialists-002-root-canal-endodontist-how-to-choose.html,/insights/dentistry-specialists-002-root-canal-endodontist-how-to-choose.html,2026-06-19,insight,dentistryguides.com,content/_live/published_urls.json
https://theindustryguides.com/insights/dentistry-specialists-003-how-to-evaluate-a-local-oral-surgeon-before-booking.html,/insights/dentistry-specialists-003-how-to-evaluate-a-local-oral-surgeon-before-booking.html,2026-06-19,insight,dentistryguides.com,content/_live/published_urls.json
https://theindustryguides.com/insights/dentistry-specialists-004-periodontist-for-gums-how-to-choose.html,/insights/dentistry-specialists-004-periodontist-for-gums-how-to-choose.html,2026-06-19,insight,dentistryguides.com,content/_live/published_urls.json
https://theindustryguides.com/insights/dentistry-specialists-005-pediatric-dentist-how-to-choose.html,/insights/dentistry-specialists-005-pediatric-dentist-how-to-choose.html,2026-06-19,insight,dentistryguides.com,content/_live/published_urls.json
https://theindustryguides.com/insights/dentistry-specialists-006-sedation-dentistry-who-is-a-good-candidate.html,/insights/dentistry-specialists-006-sedation-dentistry-who-is-a-good-candidate.html,2026-06-19,insight,dentistryguides.com,content/_live/published_urls.json
https://theindustryguides.com/insights/dentistry-specialists-007-invisalign-provider-what-to-check.html,/insights/dentistry-specialists-007-invisalign-provider-what-to-check.html,2026-06-19,insight,dentistryguides.com,content/_live/published_urls.json
https://theindustryguides.com/insights/dentistry-specialists-008-braces-orthodontist-what-to-check.html,/insights/dentistry-specialists-008-braces-orthodontist-what-to-check.html,2026-06-19,insight,dentistryguides.com,content/_live/published_urls.json
https://theindustryguides.com/insights/dentistry-specialists-009-dentures-provider-what-to-check.html,/insights/dentistry-specialists-009-dentures-provider-what-to-check.html,2026-06-19,insight,dentistryguides.com,content/_live/published_urls.json
https://theindustryguides.com/insights/dentistry-specialists-010-tmj-dentist-what-to-check.html,/insights/dentistry-specialists-010-tmj-dentist-what-to-check.html,2026-06-19,insight,dentistryguides.com,content/_live/published_urls.json
https://theindustryguides.com/insights/dentistry-specialists-011-sleep-dentistry-snoring-dentist-what-to-check.html,/insights/dentistry-specialists-011-sleep-dentistry-snoring-dentist-what-to-check.html,2026-06-19,insight,dentistryguides.com,content/_live/published_urls.json
https://theindustryguides.com/insights/dentistry-specialists-012-cosmetic-dentist-how-to-avoid-bad-work.html,/insights/dentistry-specialists-012-cosmetic-dentist-how-to-avoid-bad-work.html,2026-06-19,insight,dentistryguides.com,content/_live/published_urls.json
https://theindustryguides.com/insights/dentistry-specialists-013-who-should-do-veneers.html,/insights/dentistry-specialists-013-who-should-do-veneers.html,2026-06-19,insight,dentistryguides.com,content/_live/published_urls.json
https://theindustryguides.com/insights/dentistry-specialists-014-who-should-do-full-mouth-rehab.html,/insights/dentistry-specialists-014-who-should-do-full-mouth-rehab.html,2026-06-19,insight,dentistryguides.com,content/_live/published_urls.json
https://theindustryguides.com/insights/dentistry-specialists-015-second-opinion-when-to-get-one.html,/insights/dentistry-specialists-015-second-opinion-when-to-get-one.html,2026-06-19,insight,dentistryguides.com,content/_live/published_urls.json
https://theindustryguides.com/insights/dentistry-specialists-016-how-to-compare-specialists.html,/insights/dentistry-specialists-016-how-to-compare-specialists.html,2026-06-19,insight,dentistryguides.com,content/_live/published_urls.json
https://theindustryguides.com/insights/dentistry-specialists-017-what-credentials-matter-for-implants.html,/insights/dentistry-specialists-017-what-credentials-matter-for-implants.html,2026-06-19,insight,dentistryguides.com,content/_live/published_urls.json
https://theindustryguides.com/insights/dentistry-specialists-018-what-sedation-options-exist.html,/insights/dentistry-specialists-018-what-sedation-options-exist.html,2026-06-19,insight,dentistryguides.com,content/_live/published_urls.json
https://theindustryguides.com/insights/dentistry-specialists-019-how-to-choose-for-kids-with-anxiety.html,/insights/dentistry-specialists-019-how-to-choose-for-kids-with-anxiety.html,2026-06-19,insight,dentistryguides.com,content/_live/published_urls.json
https://theindustryguides.com/insights/dentistry-specialists-020-how-to-choose-for-older-adults.html,/insights/dentistry-specialists-020-how-to-choose-for-older-adults.html,2026-06-19,insight,dentistryguides.com,content/_live/published_urls.json
https://theindustryguides.com/insights/dentistry-specialists-021-how-to-compare-implant-focused-specialists.html,/insights/dentistry-specialists-021-how-to-compare-implant-focused-specialists.html,2026-06-19,insight,dentistryguides.com,content/_live/published_urls.json
https://theindustryguides.com/insights/dentistry-specialists-022-how-to-compare-orthodontic-providers.html,/insights/dentistry-specialists-022-how-to-compare-orthodontic-providers.html,2026-06-19,insight,dentistryguides.com,content/_live/published_urls.json
https://theindustryguides.com/insights/dentistry-specialists-023-how-to-compare-endodontic-specialists.html,/insights/dentistry-specialists-023-how-to-compare-endodontic-specialists.html,2026-06-19,insight,dentistryguides.com,content/_live/published_urls.json
https://theindustryguides.com/insights/dentistry-specialists-024-how-to-compare-oral-surgery-providers.html,/insights/dentistry-specialists-024-how-to-compare-oral-surgery-providers.html,2026-06-19,insight,dentistryguides.com,content/_live/published_urls.json
https://theindustryguides.com/insights/dentistry-specialists-025-how-to-compare-pediatric-dental-clinics.html,/insights/dentistry-specialists-025-how-to-compare-pediatric-dental-clinics.html,2026-06-19,insight,dentistryguides.com,content/_live/published_urls.json
https://theindustryguides.com/insights/dentistry-treatment-comparison-001-how-do-i-choose-between-a-root-canal-and-extraction.html,/insights/dentistry-treatment-comparison-001-how-do-i-choose-between-a-root-canal-and-extraction.html,2026-06-19,insight,dentistryguides.com,content/_live/published_urls.json
https://theindustryguides.com/insights/dentistry-treatment-comparison-002-when-is-a-crown-better-than-a-filling.html,/insights/dentistry-treatment-comparison-002-when-is-a-crown-better-than-a-filling.html,2026-06-19,insight,dentistryguides.com,content/_live/published_urls.json
https://theindustryguides.com/insights/dentistry-treatment-comparison-003-is-an-implant-always-better-than-a-bridge.html,/insights/dentistry-treatment-comparison-003-is-an-implant-always-better-than-a-bridge.html,2026-06-19,insight,dentistryguides.com,content/_live/published_urls.json
https://theindustryguides.com/insights/dentistry-treatment-comparison-004-how-do-i-compare-treatment-plans-from-two-dentists.html,/insights/dentistry-treatment-comparison-004-how-do-i-compare-treatment-plans-from-two-dentists.html,2026-06-19,insight,dentistryguides.com,content/_live/published_urls.json
https://theindustryguides.com/insights/neuro-001-decision-tree-adhd-vs-autism-vs-broader-neuro-evaluation.html,/insights/neuro-001-decision-tree-adhd-vs-autism-vs-broader-neuro-evaluation.html,2026-06-19,insight,neuroevalguides.com,content/_live/published_urls.json
https://theindustryguides.com/insights/neuro-002-what-to-do-when-adhd-and-autism-symptoms-overlap.html,/insights/neuro-002-what-to-do-when-adhd-and-autism-symptoms-overlap.html,2026-06-19,insight,neuroevalguides.com,content/_live/published_urls.json
https://theindustryguides.com/insights/neuro-003-session-by-session-walkthrough-what-to-expect.html,/insights/neuro-003-session-by-session-walkthrough-what-to-expect.html,2026-06-19,insight,neuroevalguides.com,content/_live/published_urls.json
https://theindustryguides.com/insights/neuro-004-how-to-choose-the-right-neuropsych-evaluation-path.html,/insights/neuro-004-how-to-choose-the-right-neuropsych-evaluation-path.html,2026-06-19,insight,neuroevalguides.com,content/_live/published_urls.json
https://theindustryguides.com/insights/neuro-005-how-to-compare-local-options-using-a-real-decision-checklist.html,/insights/neuro-005-how-to-compare-local-options-using-a-real-decision-checklist.html,2026-06-19,insight,neuroevalguides.com,content/_live/published_urls.json
https://theindustryguides.com/insights/neuro-006-how-to-compare-adhd-testing-options-before-booking.html,/insights/neuro-006-how-to-compare-adhd-testing-options-before-booking.html,2026-06-19,insight,neuroevalguides.com,content/_live/published_urls.json
https://theindustryguides.com/insights/neuro-007-what-to-verify-before-booking-child-neuropsych-testing.html,/insights/neuro-007-what-to-verify-before-booking-child-neuropsych-testing.html,2026-06-19,insight,neuroevalguides.com,content/_live/published_urls.json
https://theindustryguides.com/insights/neuro-008-what-to-verify-before-booking-concussion-testing.html,/insights/neuro-008-what-to-verify-before-booking-concussion-testing.html,2026-06-19,insight,neuroevalguides.com,content/_live/published_urls.json
https://theindustryguides.com/insights/neuro-009-how-much-does-a-neuropsych-eval-cost.html,/insights/neuro-009-how-much-does-a-neuropsych-eval-cost.html,2026-06-19,insight,neuroevalguides.com,content/_live/published_urls.json
https://theindustryguides.com/insights/neuro-011-neuropsych-report-what-you-get.html,/insights/neuro-011-neuropsych-report-what-you-get.html,2026-06-19,insight,neuroevalguides.com,content/_live/published_urls.json
https://theindustryguides.com/insights/neuro-012-neuro-eval-red-flags.html,/insights/neuro-012-neuro-eval-red-flags.html,2026-06-19,insight,neuroevalguides.com,content/_live/published_urls.json
https://theindustryguides.com/insights/neuro-013-how-to-compare-providers-fast.html,/insights/neuro-013-how-to-compare-providers-fast.html,2026-06-19,insight,neuroevalguides.com,content/_live/published_urls.json
https://theindustryguides.com/insights/neuro-014-how-to-choose-the-right-neuropsych-evaluation-path.html,/insights/neuro-014-how-to-choose-the-right-neuropsych-evaluation-path.html,2026-06-19,insight,neuroevalguides.com,content/_live/published_urls.json
https://theindustryguides.com/insights/neuro-016-how-to-prepare-for-testing-day.html,/insights/neuro-016-how-to-prepare-for-testing-day.html,2026-06-19,insight,neuroevalguides.com,content/_live/published_urls.json
https://theindustryguides.com/insights/neuro-017-what-should-the-intake-call-include.html,/insights/neuro-017-what-should-the-intake-call-include.html,2026-06-19,insight,neuroevalguides.com,content/_live/published_urls.json
https://theindustryguides.com/insights/neuro-018-how-to-tell-if-testing-is-comprehensive.html,/insights/neuro-018-how-to-tell-if-testing-is-comprehensive.html,2026-06-19,insight,neuroevalguides.com,content/_live/published_urls.json
https://theindustryguides.com/insights/neuro-019-do-i-need-a-referral.html,/insights/neuro-019-do-i-need-a-referral.html,2026-06-19,insight,neuroevalguides.com,content/_live/published_urls.json
https://theindustryguides.com/insights/neuro-020-can-i-bring-school-medical-records.html,/insights/neuro-020-can-i-bring-school-medical-records.html,2026-06-19,insight,neuroevalguides.com,content/_live/published_urls.json
https://theindustryguides.com/insights/neuro-021-how-to-use-results-for-accommodations.html,/insights/neuro-021-how-to-use-results-for-accommodations.html,2026-06-19,insight,neuroevalguides.com,content/_live/published_urls.json
https://theindustryguides.com/insights/neuro-022-how-to-get-a-second-opinion.html,/insights/neuro-022-how-to-get-a-second-opinion.html,2026-06-19,insight,neuroevalguides.com,content/_live/published_urls.json
https://theindustryguides.com/insights/neuro-023-neuropsych-evaluation-for-adults-vs-kids.html,/insights/neuro-023-neuropsych-evaluation-for-adults-vs-kids.html,2026-06-19,insight,neuroevalguides.com,content/_live/published_urls.json
https://theindustryguides.com/insights/neuro-024-how-to-avoid-wasted-money-on-the-wrong-provider.html,/insights/neuro-024-how-to-avoid-wasted-money-on-the-wrong-provider.html,2026-06-19,insight,neuroevalguides.com,content/_live/published_urls.json
https://theindustryguides.com/insights/neuro-025-neuropsych-telehealth-what-parts-can-be-remote.html,/insights/neuro-025-neuropsych-telehealth-what-parts-can-be-remote.html,2026-06-19,insight,neuroevalguides.com,content/_live/published_urls.json
https://theindustryguides.com/insights/neuro-026-how-to-choose-if-you-have-a-deadline.html,/insights/neuro-026-how-to-choose-if-you-have-a-deadline.html,2026-06-19,insight,neuroevalguides.com,content/_live/published_urls.json
https://theindustryguides.com/insights/neuro-027-how-to-ask-for-a-price-estimate.html,/insights/neuro-027-how-to-ask-for-a-price-estimate.html,2026-06-19,insight,neuroevalguides.com,content/_live/published_urls.json
https://theindustryguides.com/insights/neuro-028-how-to-confirm-what-the-report-includes.html,/insights/neuro-028-how-to-confirm-what-the-report-includes.html,2026-06-19,insight,neuroevalguides.com,content/_live/published_urls.json
https://theindustryguides.com/insights/neuro-029-what-to-do-after-an-evaluation-when-results-are-finally-in.html,/insights/neuro-029-what-to-do-after-an-evaluation-when-results-are-finally-in.html,2026-06-19,insight,neuroevalguides.com,content/_live/published_urls.json
https://theindustryguides.com/insights/neuro-030-how-do-i-know-if-i-need-therapy-after-testing.html,/insights/neuro-030-how-do-i-know-if-i-need-therapy-after-testing.html,2026-06-19,insight,neuroevalguides.com,content/_live/published_urls.json
https://theindustryguides.com/insights/neuro-031-what-questions-should-i-ask-a-therapy-provider-after-diagnosis.html,/insights/neuro-031-what-questions-should-i-ask-a-therapy-provider-after-diagnosis.html,2026-06-19,insight,neuroevalguides.com,content/_live/published_urls.json
https://theindustryguides.com/insights/neuro-032-child-specialist-anxiety-vs-adhd-eval-near-me.html,/insights/neuro-032-child-specialist-anxiety-vs-adhd-eval-near-me.html,2026-06-19,insight,neuroevalguides.com,content/_live/published_urls.json
https://theindustryguides.com/insights/neuro-033-adult-specialist-anxiety-vs-adhd-eval-near-me.html,/insights/neuro-033-adult-specialist-anxiety-vs-adhd-eval-near-me.html,2026-06-19,insight,neuroevalguides.com,content/_live/published_urls.json
https://theindustryguides.com/insights/neuro-034-fast-appointment-anxiety-vs-adhd-eval-near-me.html,/insights/neuro-034-fast-appointment-anxiety-vs-adhd-eval-near-me.html,2026-06-19,insight,neuroevalguides.com,content/_live/published_urls.json
https://theindustryguides.com/insights/neuro-035-highly-reviewed-anxiety-vs-adhd-eval-near-me.html,/insights/neuro-035-highly-reviewed-anxiety-vs-adhd-eval-near-me.html,2026-06-19,insight,neuroevalguides.com,content/_live/published_urls.json
https://theindustryguides.com/insights/neuro-036-insurance-friendly-anxiety-vs-adhd-eval-near-me.html,/insights/neuro-036-insurance-friendly-anxiety-vs-adhd-eval-near-me.html,2026-06-19,insight,neuroevalguides.com,content/_live/published_urls.json
https://theindustryguides.com/insights/neuro-037-best-neuropsych-evaluation-near-me.html,/insights/neuro-037-best-neuropsych-evaluation-near-me.html,2026-06-19,insight,neuroevalguides.com,content/_live/published_urls.json
https://theindustryguides.com/insights/neuro-038-top-rated-neuropsych-evaluation-near-me.html,/insights/neuro-038-top-rated-neuropsych-evaluation-near-me.html,2026-06-19,insight,neuroevalguides.com,content/_live/published_urls.json
https://theindustryguides.com/insights/neuro-039-affordable-neuropsych-evaluation-near-me.html,/insights/neuro-039-affordable-neuropsych-evaluation-near-me.html,2026-06-19,insight,neuroevalguides.com,content/_live/published_urls.json
https://theindustryguides.com/insights/neuro-040-near-me-neuropsych-evaluation-near-me.html,/insights/neuro-040-near-me-neuropsych-evaluation-near-me.html,2026-06-19,insight,neuroevalguides.com,content/_live/published_urls.json
https://theindustryguides.com/insights/neuro-041-trusted-neuropsych-evaluation-near-me.html,/insights/neuro-041-trusted-neuropsych-evaluation-near-me.html,2026-06-19,insight,neuroevalguides.com,content/_live/published_urls.json
https://theindustryguides.com/insights/neuro-042-child-specialist-neuropsych-evaluation-near-me.html,/insights/neuro-042-child-specialist-neuropsych-evaluation-near-me.html,2026-06-19,insight,neuroevalguides.com,content/_live/published_urls.json
https://theindustryguides.com/insights/neuro-043-telehealth-vs-in-person-neuropsychological-testing-which-is-better.html,/insights/neuro-043-telehealth-vs-in-person-neuropsychological-testing-which-is-better.html,2026-06-19,insight,neuroevalguides.com,content/_live/published_urls.json
https://theindustryguides.com/insights/neuro-044-what-should-i-expect-during-a-neuropsychological-evaluation.html,/insights/neuro-044-what-should-i-expect-during-a-neuropsychological-evaluation.html,2026-06-19,insight,neuroevalguides.com,content/_live/published_urls.json
https://theindustryguides.com/insights/neuro-045-near-me-work-accommodations-eval-near-me.html,/insights/neuro-045-near-me-work-accommodations-eval-near-me.html,2026-06-19,insight,neuroevalguides.com,content/_live/published_urls.json
https://theindustryguides.com/insights/neuro-046-trusted-work-accommodations-eval-near-me.html,/insights/neuro-046-trusted-work-accommodations-eval-near-me.html,2026-06-19,insight,neuroevalguides.com,content/_live/published_urls.json
https://theindustryguides.com/insights/neuro-047-child-specialist-work-accommodations-eval-near-me.html,/insights/neuro-047-child-specialist-work-accommodations-eval-near-me.html,2026-06-19,insight,neuroevalguides.com,content/_live/published_urls.json
https://theindustryguides.com/insights/neuro-048-adult-specialist-work-accommodations-eval-near-me.html,/insights/neuro-048-adult-specialist-work-accommodations-eval-near-me.html,2026-06-19,insight,neuroevalguides.com,content/_live/published_urls.json
https://theindustryguides.com/insights/neuro-049-fast-appointment-work-accommodations-eval-near-me.html,/insights/neuro-049-fast-appointment-work-accommodations-eval-near-me.html,2026-06-19,insight,neuroevalguides.com,content/_live/published_urls.json
https://theindustryguides.com/insights/neuro-050-highly-reviewed-work-accommodations-eval-near-me.html,/insights/neuro-050-highly-reviewed-work-accommodations-eval-near-me.html,2026-06-19,insight,neuroevalguides.com,content/_live/published_urls.json
https://theindustryguides.com/insights/neuro-051-insurance-friendly-work-accommodations-eval-near-me.html,/insights/neuro-051-insurance-friendly-work-accommodations-eval-near-me.html,2026-06-19,insight,neuroevalguides.com,content/_live/published_urls.json
https://theindustryguides.com/insights/neuro-052-best-memory-testing-near-me.html,/insights/neuro-052-best-memory-testing-near-me.html,2026-06-19,insight,neuroevalguides.com,content/_live/published_urls.json
https://theindustryguides.com/insights/neuro-053-top-rated-memory-testing-near-me.html,/insights/neuro-053-top-rated-memory-testing-near-me.html,2026-06-19,insight,neuroevalguides.com,content/_live/published_urls.json
https://theindustryguides.com/insights/neuro-054-affordable-memory-testing-near-me.html,/insights/neuro-054-affordable-memory-testing-near-me.html,2026-06-19,insight,neuroevalguides.com,content/_live/published_urls.json
https://theindustryguides.com/insights/neuro-055-near-me-memory-testing-near-me.html,/insights/neuro-055-near-me-memory-testing-near-me.html,2026-06-19,insight,neuroevalguides.com,content/_live/published_urls.json
https://theindustryguides.com/insights/neuro-056-trusted-memory-testing-near-me.html,/insights/neuro-056-trusted-memory-testing-near-me.html,2026-06-19,insight,neuroevalguides.com,content/_live/published_urls.json
https://theindustryguides.com/insights/neuro-057-child-specialist-memory-testing-near-me.html,/insights/neuro-057-child-specialist-memory-testing-near-me.html,2026-06-19,insight,neuroevalguides.com,content/_live/published_urls.json
https://theindustryguides.com/insights/neuro-058-adult-specialist-memory-testing-near-me.html,/insights/neuro-058-adult-specialist-memory-testing-near-me.html,2026-06-19,insight,neuroevalguides.com,content/_live/published_urls.json
https://theindustryguides.com/insights/neuro-059-fast-appointment-memory-testing-near-me.html,/insights/neuro-059-fast-appointment-memory-testing-near-me.html,2026-06-19,insight,neuroevalguides.com,content/_live/published_urls.json
https://theindustryguides.com/insights/neuro-060-highly-reviewed-memory-testing-near-me.html,/insights/neuro-060-highly-reviewed-memory-testing-near-me.html,2026-06-19,insight,neuroevalguides.com,content/_live/published_urls.json
https://theindustryguides.com/insights/neuro-061-insurance-friendly-memory-testing-near-me.html,/insights/neuro-061-insurance-friendly-memory-testing-near-me.html,2026-06-19,insight,neuroevalguides.com,content/_live/published_urls.json
https://theindustryguides.com/insights/neuro-062-best-anxiety-vs-adhd-eval-near-me.html,/insights/neuro-062-best-anxiety-vs-adhd-eval-near-me.html,2026-06-19,insight,neuroevalguides.com,content/_live/published_urls.json
https://theindustryguides.com/insights/neuro-063-top-rated-anxiety-vs-adhd-eval-near-me.html,/insights/neuro-063-top-rated-anxiety-vs-adhd-eval-near-me.html,2026-06-19,insight,neuroevalguides.com,content/_live/published_urls.json
https://theindustryguides.com/insights/neuro-064-affordable-anxiety-vs-adhd-eval-near-me.html,/insights/neuro-064-affordable-anxiety-vs-adhd-eval-near-me.html,2026-06-19,insight,neuroevalguides.com,content/_live/published_urls.json
https://theindustryguides.com/insights/neuro-065-near-me-anxiety-vs-adhd-eval-near-me.html,/insights/neuro-065-near-me-anxiety-vs-adhd-eval-near-me.html,2026-06-19,insight,neuroevalguides.com,content/_live/published_urls.json
https://theindustryguides.com/insights/neuro-066-trusted-anxiety-vs-adhd-eval-near-me.html,/insights/neuro-066-trusted-anxiety-vs-adhd-eval-near-me.html,2026-06-19,insight,neuroevalguides.com,content/_live/published_urls.json
https://theindustryguides.com/insights/neuro-adhd-testing-001-how-do-i-get-tested-for-adhd-as-an-adult.html,/insights/neuro-adhd-testing-001-how-do-i-get-tested-for-adhd-as-an-adult.html,2026-06-19,insight,neuroevalguides.com,content/_live/published_urls.json
https://theindustryguides.com/insights/neuro-adhd-testing-002-what-does-adhd-testing-usually-include.html,/insights/neuro-adhd-testing-002-what-does-adhd-testing-usually-include.html,2026-06-19,insight,neuroevalguides.com,content/_live/published_urls.json
https://theindustryguides.com/insights/neuro-adhd-testing-003-how-long-does-an-adhd-evaluation-usually-take.html,/insights/neuro-adhd-testing-003-how-long-does-an-adhd-evaluation-usually-take.html,2026-06-19,insight,neuroevalguides.com,content/_live/published_urls.json
https://theindustryguides.com/insights/neuro-adhd-testing-004-do-i-need-a-referral-for-adhd-testing.html,/insights/neuro-adhd-testing-004-do-i-need-a-referral-for-adhd-testing.html,2026-06-19,insight,neuroevalguides.com,content/_live/published_urls.json
https://theindustryguides.com/insights/neuro-adhd-testing-005-adhd-testing-process-checklist.html,/insights/neuro-adhd-testing-005-adhd-testing-process-checklist.html,2026-06-19,insight,neuroevalguides.com,content/_live/published_urls.json
https://theindustryguides.com/insights/neuro-adhd-therapy-selection-001-what-questions-should-i-ask-an-adhd-therapist-before-booking.html,/insights/neuro-adhd-therapy-selection-001-what-questions-should-i-ask-an-adhd-therapist-before-booking.html,2026-06-19,insight,neuroevalguides.com,content/_live/published_urls.json
https://theindustryguides.com/insights/neuro-adhd-therapy-selection-002-how-do-i-know-if-a-therapist-really-understands-adhd.html,/insights/neuro-adhd-therapy-selection-002-how-do-i-know-if-a-therapist-really-understands-adhd.html,2026-06-19,insight,neuroevalguides.com,content/_live/published_urls.json
https://theindustryguides.com/insights/neuro-adhd-therapy-selection-003-adhd-therapist-vs-adhd-coach-what-is-the-difference.html,/insights/neuro-adhd-therapy-selection-003-adhd-therapist-vs-adhd-coach-what-is-the-difference.html,2026-06-19,insight,neuroevalguides.com,content/_live/published_urls.json
https://theindustryguides.com/insights/neuro-adhd-therapy-selection-004-what-kind-of-therapy-helps-adults-with-adhd.html,/insights/neuro-adhd-therapy-selection-004-what-kind-of-therapy-helps-adults-with-adhd.html,2026-06-19,insight,neuroevalguides.com,content/_live/published_urls.json
https://theindustryguides.com/insights/neuro-adhd-therapy-selection-005-can-the-same-provider-do-adhd-testing-and-therapy.html,/insights/neuro-adhd-therapy-selection-005-can-the-same-provider-do-adhd-testing-and-therapy.html,2026-06-19,insight,neuroevalguides.com,content/_live/published_urls.json
https://theindustryguides.com/insights/neuro-adhd-therapy-selection-006-what-does-progress-in-adhd-therapy-usually-look-like.html,/insights/neuro-adhd-therapy-selection-006-what-does-progress-in-adhd-therapy-usually-look-like.html,2026-06-19,insight,neuroevalguides.com,content/_live/published_urls.json
https://theindustryguides.com/insights/neuro-adult-vs-child-001-how-is-adult-adhd-testing-different-from-child-testing.html,/insights/neuro-adult-vs-child-001-how-is-adult-adhd-testing-different-from-child-testing.html,2026-06-19,insight,neuroevalguides.com,content/_live/published_urls.json
https://theindustryguides.com/insights/neuro-adult-vs-child-002-how-is-an-adult-autism-evaluation-different-from-a-child-evaluation.html,/insights/neuro-adult-vs-child-002-how-is-an-adult-autism-evaluation-different-from-a-child-evaluation.html,2026-06-19,insight,neuroevalguides.com,content/_live/published_urls.json
https://theindustryguides.com/insights/neuro-adult-vs-child-003-who-usually-orders-neuropsych-testing-for-adults.html,/insights/neuro-adult-vs-child-003-who-usually-orders-neuropsych-testing-for-adults.html,2026-06-19,insight,neuroevalguides.com,content/_live/published_urls.json
https://theindustryguides.com/insights/neuro-adult-vs-child-004-when-is-a-pediatric-specialist-a-better-fit-than-a-general-clinic.html,/insights/neuro-adult-vs-child-004-when-is-a-pediatric-specialist-a-better-fit-than-a-general-clinic.html,2026-06-19,insight,neuroevalguides.com,content/_live/published_urls.json
https://theindustryguides.com/insights/neuro-autism-evaluation-001-how-do-autism-evaluations-usually-work-for-adults.html,/insights/neuro-autism-evaluation-001-how-do-autism-evaluations-usually-work-for-adults.html,2026-06-19,insight,neuroevalguides.com,content/_live/published_urls.json
https://theindustryguides.com/insights/neuro-autism-evaluation-002-what-is-included-in-an-autism-evaluation-for-a-child.html,/insights/neuro-autism-evaluation-002-what-is-included-in-an-autism-evaluation-for-a-child.html,2026-06-19,insight,neuroevalguides.com,content/_live/published_urls.json
https://theindustryguides.com/insights/neuro-autism-evaluation-003-how-long-does-it-take-to-get-autism-testing-results.html,/insights/neuro-autism-evaluation-003-how-long-does-it-take-to-get-autism-testing-results.html,2026-06-19,insight,neuroevalguides.com,content/_live/published_urls.json
https://theindustryguides.com/insights/neuro-autism-evaluation-004-what-records-help-before-an-autism-evaluation.html,/insights/neuro-autism-evaluation-004-what-records-help-before-an-autism-evaluation.html,2026-06-19,insight,neuroevalguides.com,content/_live/published_urls.json
https://theindustryguides.com/insights/neuro-autism-therapy-selection-001-what-questions-should-i-ask-an-aba-clinic-before-starting.html,/insights/neuro-autism-therapy-selection-001-what-questions-should-i-ask-an-aba-clinic-before-starting.html,2026-06-19,insight,neuroevalguides.com,content/_live/published_urls.json
https://theindustryguides.com/insights/neuro-autism-therapy-selection-002-how-do-i-choose-between-home-based-and-center-based-autism-therapy.html,/insights/neuro-autism-therapy-selection-002-how-do-i-choose-between-home-based-and-center-based-autism-therapy.html,2026-06-19,insight,neuroevalguides.com,content/_live/published_urls.json
https://theindustryguides.com/insights/neuro-autism-therapy-selection-003-school-based-vs-clinic-based-autism-therapy-what-is-the-difference.html,/insights/neuro-autism-therapy-selection-003-school-based-vs-clinic-based-autism-therapy-what-is-the-difference.html,2026-06-19,insight,neuroevalguides.com,content/_live/published_urls.json
https://theindustryguides.com/insights/neuro-autism-therapy-selection-004-can-adults-get-autism-therapy-after-diagnosis.html,/insights/neuro-autism-therapy-selection-004-can-adults-get-autism-therapy-after-diagnosis.html,2026-06-19,insight,neuroevalguides.com,content/_live/published_urls.json
https://theindustryguides.com/insights/neuro-autism-therapy-selection-005-can-one-clinic-handle-autism-evaluation-and-therapy.html,/insights/neuro-autism-therapy-selection-005-can-one-clinic-handle-autism-evaluation-and-therapy.html,2026-06-19,insight,neuroevalguides.com,content/_live/published_urls.json
https://theindustryguides.com/insights/neuro-autism-therapy-selection-006-what-should-parent-training-include-in-autism-therapy.html,/insights/neuro-autism-therapy-selection-006-what-should-parent-training-include-in-autism-therapy.html,2026-06-19,insight,neuroevalguides.com,content/_live/published_urls.json
https://theindustryguides.com/insights/neuro-best-top-near-me-001-how-to-evaluate-a-neuropsychologist-before-booking.html,/insights/neuro-best-top-near-me-001-how-to-evaluate-a-neuropsychologist-before-booking.html,2026-06-19,insight,neuroevalguides.com,content/_live/published_urls.json
https://theindustryguides.com/insights/neuro-best-top-near-me-002-how-to-compare-neuropsych-providers-without-relying-on-hype.html,/insights/neuro-best-top-near-me-002-how-to-compare-neuropsych-providers-without-relying-on-hype.html,2026-06-19,insight,neuroevalguides.com,content/_live/published_urls.json
https://theindustryguides.com/insights/neuro-best-top-near-me-003-how-to-choose-the-right-neuropsych-evaluation-setting.html,/insights/neuro-best-top-near-me-003-how-to-choose-the-right-neuropsych-evaluation-setting.html,2026-06-19,insight,neuroevalguides.com,content/_live/published_urls.json
https://theindustryguides.com/insights/neuro-best-top-near-me-004-how-to-compare-adhd-testing-pathways-before-booking.html,/insights/neuro-best-top-near-me-004-how-to-compare-adhd-testing-pathways-before-booking.html,2026-06-19,insight,neuroevalguides.com,content/_live/published_urls.json
https://theindustryguides.com/insights/neuro-best-top-near-me-005-how-to-compare-autism-evaluation-options-for-your-situation.html,/insights/neuro-best-top-near-me-005-how-to-compare-autism-evaluation-options-for-your-situation.html,2026-06-19,insight,neuroevalguides.com,content/_live/published_urls.json
https://theindustryguides.com/insights/neuro-best-top-near-me-006-how-to-compare-learning-disability-testing-options.html,/insights/neuro-best-top-near-me-006-how-to-compare-learning-disability-testing-options.html,2026-06-19,insight,neuroevalguides.com,content/_live/published_urls.json
https://theindustryguides.com/insights/neuro-best-top-near-me-007-how-to-compare-concussion-evaluation-options.html,/insights/neuro-best-top-near-me-007-how-to-compare-concussion-evaluation-options.html,2026-06-19,insight,neuroevalguides.com,content/_live/published_urls.json
https://theindustryguides.com/insights/neuro-best-top-near-me-008-how-to-compare-traumatic-brain-injury-evaluation-options.html,/insights/neuro-best-top-near-me-008-how-to-compare-traumatic-brain-injury-evaluation-options.html,2026-06-19,insight,neuroevalguides.com,content/_live/published_urls.json
https://theindustryguides.com/insights/neuro-best-top-near-me-009-how-to-compare-child-neuropsych-evaluation-options.html,/insights/neuro-best-top-near-me-009-how-to-compare-child-neuropsych-evaluation-options.html,2026-06-19,insight,neuroevalguides.com,content/_live/published_urls.json
https://theindustryguides.com/insights/neuro-best-top-near-me-010-how-to-compare-adult-adhd-testing-options.html,/insights/neuro-best-top-near-me-010-how-to-compare-adult-adhd-testing-options.html,2026-06-19,insight,neuroevalguides.com,content/_live/published_urls.json
https://theindustryguides.com/insights/neuro-best-top-near-me-011-neuropsych-for-school-accommodations-who-to-choose.html,/insights/neuro-best-top-near-me-011-neuropsych-for-school-accommodations-who-to-choose.html,2026-06-19,insight,neuroevalguides.com,content/_live/published_urls.json
https://theindustryguides.com/insights/neuro-best-top-near-me-012-neuropsych-for-legal-case-who-to-choose.html,/insights/neuro-best-top-near-me-012-neuropsych-for-legal-case-who-to-choose.html,2026-06-19,insight,neuroevalguides.com,content/_live/published_urls.json
https://theindustryguides.com/insights/neuro-best-top-near-me-013-neuropsych-for-workplace-who-to-choose.html,/insights/neuro-best-top-near-me-013-neuropsych-for-workplace-who-to-choose.html,2026-06-19,insight,neuroevalguides.com,content/_live/published_urls.json
https://theindustryguides.com/insights/neuro-best-top-near-me-014-how-to-verify-neuropsych-coverage-before-you-book.html,/insights/neuro-best-top-near-me-014-how-to-verify-neuropsych-coverage-before-you-book.html,2026-06-19,insight,neuroevalguides.com,content/_live/published_urls.json
https://theindustryguides.com/insights/neuro-best-top-near-me-015-how-to-compare-neuropsych-pricing-and-payment-paths.html,/insights/neuro-best-top-near-me-015-how-to-compare-neuropsych-pricing-and-payment-paths.html,2026-06-19,insight,neuroevalguides.com,content/_live/published_urls.json
https://theindustryguides.com/insights/neuro-best-top-near-me-016-fast-neuropsych-appointment-is-it-legit.html,/insights/neuro-best-top-near-me-016-fast-neuropsych-appointment-is-it-legit.html,2026-06-19,insight,neuroevalguides.com,content/_live/published_urls.json
https://theindustryguides.com/insights/neuro-best-top-near-me-017-how-to-compare-neuropsych-providers.html,/insights/neuro-best-top-near-me-017-how-to-compare-neuropsych-providers.html,2026-06-19,insight,neuroevalguides.com,content/_live/published_urls.json
https://theindustryguides.com/insights/neuro-best-top-near-me-018-what-credentials-matter-in-neuropsych.html,/insights/neuro-best-top-near-me-018-what-credentials-matter-in-neuropsych.html,2026-06-19,insight,neuroevalguides.com,content/_live/published_urls.json
https://theindustryguides.com/insights/neuro-best-top-near-me-019-how-to-read-neuropsych-reviews.html,/insights/neuro-best-top-near-me-019-how-to-read-neuropsych-reviews.html,2026-06-19,insight,neuroevalguides.com,content/_live/published_urls.json
https://theindustryguides.com/insights/neuro-best-top-near-me-020-neuropsych-report-quality-what-to-look-for.html,/insights/neuro-best-top-near-me-020-neuropsych-report-quality-what-to-look-for.html,2026-06-19,insight,neuroevalguides.com,content/_live/published_urls.json
https://theindustryguides.com/insights/neuro-best-top-near-me-021-how-to-evaluate-child-adhd-testing-providers.html,/insights/neuro-best-top-near-me-021-how-to-evaluate-child-adhd-testing-providers.html,2026-06-19,insight,neuroevalguides.com,content/_live/published_urls.json
https://theindustryguides.com/insights/neuro-best-top-near-me-022-how-to-evaluate-adult-adhd-testing-providers.html,/insights/neuro-best-top-near-me-022-how-to-evaluate-adult-adhd-testing-providers.html,2026-06-19,insight,neuroevalguides.com,content/_live/published_urls.json
https://theindustryguides.com/insights/neuro-best-top-near-me-023-how-to-evaluate-concussion-testing-providers.html,/insights/neuro-best-top-near-me-023-how-to-evaluate-concussion-testing-providers.html,2026-06-19,insight,neuroevalguides.com,content/_live/published_urls.json
https://theindustryguides.com/insights/neuro-best-top-near-me-024-how-to-evaluate-memory-testing-providers.html,/insights/neuro-best-top-near-me-024-how-to-evaluate-memory-testing-providers.html,2026-06-19,insight,neuroevalguides.com,content/_live/published_urls.json
https://theindustryguides.com/insights/neuro-best-top-near-me-025-how-to-evaluate-autism-evaluation-providers.html,/insights/neuro-best-top-near-me-025-how-to-evaluate-autism-evaluation-providers.html,2026-06-19,insight,neuroevalguides.com,content/_live/published_urls.json
https://theindustryguides.com/insights/neuro-best-top-near-me-026-can-the-same-clinic-do-both-evaluation-and-therapy.html,/insights/neuro-best-top-near-me-026-can-the-same-clinic-do-both-evaluation-and-therapy.html,2026-06-19,insight,neuroevalguides.com,content/_live/published_urls.json
https://theindustryguides.com/insights/neuro-best-top-near-me-027-how-do-i-choose-an-adhd-therapist-who-is-actually-a-fit.html,/insights/neuro-best-top-near-me-027-how-do-i-choose-an-adhd-therapist-who-is-actually-a-fit.html,2026-06-19,insight,neuroevalguides.com,content/_live/published_urls.json
https://theindustryguides.com/insights/neuro-best-top-near-me-028-how-do-i-compare-autism-therapy-options-without-guessing.html,/insights/neuro-best-top-near-me-028-how-do-i-compare-autism-therapy-options-without-guessing.html,2026-06-19,insight,neuroevalguides.com,content/_live/published_urls.json
https://theindustryguides.com/insights/neuro-best-top-near-me-029-best-adhd-evaluation-provider-in-atlanta-ga.html,/insights/neuro-best-top-near-me-029-best-adhd-evaluation-provider-in-atlanta-ga.html,2026-06-19,insight,neuroevalguides.com,content/_live/published_urls.json
https://theindustryguides.com/insights/neuro-best-top-near-me-030-where-to-get-a-neuropsychological-evaluation-in-chicago.html,/insights/neuro-best-top-near-me-030-where-to-get-a-neuropsychological-evaluation-in-chicago.html,2026-06-19,insight,neuroevalguides.com,content/_live/published_urls.json
https://theindustryguides.com/insights/neuro-best-top-near-me-031-autism-evaluation-providers-near-houston-tx.html,/insights/neuro-best-top-near-me-031-autism-evaluation-providers-near-houston-tx.html,2026-06-19,insight,neuroevalguides.com,content/_live/published_urls.json
https://theindustryguides.com/insights/neuro-best-top-near-me-032-adult-adhd-testing-los-angeles-how-do-i-get-evaluated.html,/insights/neuro-best-top-near-me-032-adult-adhd-testing-los-angeles-how-do-i-get-evaluated.html,2026-06-19,insight,neuroevalguides.com,content/_live/published_urls.json
https://theindustryguides.com/insights/neuro-cost-timeline-001-cost-range-table-by-provider-type.html,/insights/neuro-cost-timeline-001-cost-range-table-by-provider-type.html,2026-06-19,insight,neuroevalguides.com,content/_live/published_urls.json
https://theindustryguides.com/insights/neuro-cost-timeline-002-insurance-appeal-and-reimbursement-checklist.html,/insights/neuro-cost-timeline-002-insurance-appeal-and-reimbursement-checklist.html,2026-06-19,insight,neuroevalguides.com,content/_live/published_urls.json
https://theindustryguides.com/insights/neuro-cost-timeline-003-how-much-does-a-neuropsych-evaluation-cost.html,/insights/neuro-cost-timeline-003-how-much-does-a-neuropsych-evaluation-cost.html,2026-06-19,insight,neuroevalguides.com,content/_live/published_urls.json
https://theindustryguides.com/insights/neuro-cost-timeline-004-does-insurance-cover-neuropsych-testing.html,/insights/neuro-cost-timeline-004-does-insurance-cover-neuropsych-testing.html,2026-06-19,insight,neuroevalguides.com,content/_live/published_urls.json
https://theindustryguides.com/insights/neuro-cost-timeline-005-how-long-does-testing-take.html,/insights/neuro-cost-timeline-005-how-long-does-testing-take.html,2026-06-19,insight,neuroevalguides.com,content/_live/published_urls.json
https://theindustryguides.com/insights/neuro-cost-timeline-006-how-long-until-results-are-ready.html,/insights/neuro-cost-timeline-006-how-long-until-results-are-ready.html,2026-06-19,insight,neuroevalguides.com,content/_live/published_urls.json
https://theindustryguides.com/insights/neuro-cost-timeline-007-can-i-get-a-rush-report.html,/insights/neuro-cost-timeline-007-can-i-get-a-rush-report.html,2026-06-19,insight,neuroevalguides.com,content/_live/published_urls.json
https://theindustryguides.com/insights/neuro-cost-timeline-008-why-neuropsych-testing-is-expensive.html,/insights/neuro-cost-timeline-008-why-neuropsych-testing-is-expensive.html,2026-06-19,insight,neuroevalguides.com,content/_live/published_urls.json
https://theindustryguides.com/insights/neuro-cost-timeline-009-how-to-get-a-written-estimate.html,/insights/neuro-cost-timeline-009-how-to-get-a-written-estimate.html,2026-06-19,insight,neuroevalguides.com,content/_live/published_urls.json
https://theindustryguides.com/insights/neuro-cost-timeline-010-payment-plans-for-testing.html,/insights/neuro-cost-timeline-010-payment-plans-for-testing.html,2026-06-19,insight,neuroevalguides.com,content/_live/published_urls.json
https://theindustryguides.com/insights/neuro-cost-timeline-011-school-testing-vs-private-neuropsych.html,/insights/neuro-cost-timeline-011-school-testing-vs-private-neuropsych.html,2026-06-19,insight,neuroevalguides.com,content/_live/published_urls.json
https://theindustryguides.com/insights/neuro-cost-timeline-012-cheaper-adhd-testing-options.html,/insights/neuro-cost-timeline-012-cheaper-adhd-testing-options.html,2026-06-19,insight,neuroevalguides.com,content/_live/published_urls.json
https://theindustryguides.com/insights/neuro-cost-timeline-013-is-online-adhd-testing-reliable.html,/insights/neuro-cost-timeline-013-is-online-adhd-testing-reliable.html,2026-06-19,insight,neuroevalguides.com,content/_live/published_urls.json
https://theindustryguides.com/insights/neuro-cost-timeline-014-how-to-compare-quotes.html,/insights/neuro-cost-timeline-014-how-to-compare-quotes.html,2026-06-19,insight,neuroevalguides.com,content/_live/published_urls.json
https://theindustryguides.com/insights/neuro-cost-timeline-015-what-s-included-in-the-report.html,/insights/neuro-cost-timeline-015-what-s-included-in-the-report.html,2026-06-19,insight,neuroevalguides.com,content/_live/published_urls.json
https://theindustryguides.com/insights/neuro-cost-timeline-016-do-i-need-multiple-sessions.html,/insights/neuro-cost-timeline-016-do-i-need-multiple-sessions.html,2026-06-19,insight,neuroevalguides.com,content/_live/published_urls.json
https://theindustryguides.com/insights/neuro-cost-timeline-017-what-documents-should-i-bring.html,/insights/neuro-cost-timeline-017-what-documents-should-i-bring.html,2026-06-19,insight,neuroevalguides.com,content/_live/published_urls.json
https://theindustryguides.com/insights/neuro-cost-timeline-018-what-if-i-can-t-afford-testing.html,/insights/neuro-cost-timeline-018-what-if-i-can-t-afford-testing.html,2026-06-19,insight,neuroevalguides.com,content/_live/published_urls.json
https://theindustryguides.com/insights/neuro-cost-timeline-019-what-if-i-only-need-a-letter.html,/insights/neuro-cost-timeline-019-what-if-i-only-need-a-letter.html,2026-06-19,insight,neuroevalguides.com,content/_live/published_urls.json
https://theindustryguides.com/insights/neuro-cost-timeline-020-how-long-is-the-report-valid.html,/insights/neuro-cost-timeline-020-how-long-is-the-report-valid.html,2026-06-19,insight,neuroevalguides.com,content/_live/published_urls.json
https://theindustryguides.com/insights/neuro-cost-timeline-021-how-to-plan-around-school-work.html,/insights/neuro-cost-timeline-021-how-to-plan-around-school-work.html,2026-06-19,insight,neuroevalguides.com,content/_live/published_urls.json
https://theindustryguides.com/insights/neuro-cost-timeline-022-how-to-prepare-a-child-for-testing.html,/insights/neuro-cost-timeline-022-how-to-prepare-a-child-for-testing.html,2026-06-19,insight,neuroevalguides.com,content/_live/published_urls.json
https://theindustryguides.com/insights/neuro-cost-timeline-023-how-to-handle-deadlines.html,/insights/neuro-cost-timeline-023-how-to-handle-deadlines.html,2026-06-19,insight,neuroevalguides.com,content/_live/published_urls.json
https://theindustryguides.com/insights/neuro-cost-timeline-024-what-to-ask-about-turnaround-time.html,/insights/neuro-cost-timeline-024-what-to-ask-about-turnaround-time.html,2026-06-19,insight,neuroevalguides.com,content/_live/published_urls.json
https://theindustryguides.com/insights/neuro-cost-timeline-025-how-to-avoid-surprise-fees.html,/insights/neuro-cost-timeline-025-how-to-avoid-surprise-fees.html,2026-06-19,insight,neuroevalguides.com,content/_live/published_urls.json
https://theindustryguides.com/insights/neuro-cost-timeline-026-how-to-reduce-repeat-visits.html,/insights/neuro-cost-timeline-026-how-to-reduce-repeat-visits.html,2026-06-19,insight,neuroevalguides.com,content/_live/published_urls.json
https://theindustryguides.com/insights/neuro-cost-timeline-027-what-to-do-if-insurance-denies-coverage.html,/insights/neuro-cost-timeline-027-what-to-do-if-insurance-denies-coverage.html,2026-06-19,insight,neuroevalguides.com,content/_live/published_urls.json
https://theindustryguides.com/insights/neuro-cost-timeline-028-how-fast-can-therapy-start-after-an-evaluation.html,/insights/neuro-cost-timeline-028-how-fast-can-therapy-start-after-an-evaluation.html,2026-06-19,insight,neuroevalguides.com,content/_live/published_urls.json
https://theindustryguides.com/insights/neuro-cost-timeline-029-does-insurance-usually-cover-therapy-after-diagnosis.html,/insights/neuro-cost-timeline-029-does-insurance-usually-cover-therapy-after-diagnosis.html,2026-06-19,insight,neuroevalguides.com,content/_live/published_urls.json
https://theindustryguides.com/insights/neuro-cost-timeline-030-how-much-does-an-adhd-evaluation-cost.html,/insights/neuro-cost-timeline-030-how-much-does-an-adhd-evaluation-cost.html,2026-06-19,insight,neuroevalguides.com,content/_live/published_urls.json
https://theindustryguides.com/insights/neuro-insurance-school-docs-001-does-insurance-usually-cover-neuropsych-testing.html,/insights/neuro-insurance-school-docs-001-does-insurance-usually-cover-neuropsych-testing.html,2026-06-19,insight,neuroevalguides.com,content/_live/published_urls.json
https://theindustryguides.com/insights/neuro-insurance-school-docs-002-what-paperwork-helps-with-school-accommodations.html,/insights/neuro-insurance-school-docs-002-what-paperwork-helps-with-school-accommodations.html,2026-06-19,insight,neuroevalguides.com,content/_live/published_urls.json
https://theindustryguides.com/insights/neuro-insurance-school-docs-003-can-i-use-a-private-evaluation-for-a-504-or-iep-meeting.html,/insights/neuro-insurance-school-docs-003-can-i-use-a-private-evaluation-for-a-504-or-iep-meeting.html,2026-06-19,insight,neuroevalguides.com,content/_live/published_urls.json
https://theindustryguides.com/insights/neuro-insurance-school-docs-004-what-if-insurance-denies-adhd-or-autism-testing.html,/insights/neuro-insurance-school-docs-004-what-if-insurance-denies-adhd-or-autism-testing.html,2026-06-19,insight,neuroevalguides.com,content/_live/published_urls.json
https://theindustryguides.com/insights/neuro-q001-how-does-adhd-evaluation-process-work.html,/insights/neuro-q001-how-does-adhd-evaluation-process-work.html,2026-06-19,insight,neuroevalguides.com,content/_live/published_urls.json
https://theindustryguides.com/insights/neuro-q002-what-should-i-verify-about-adhd-evaluation-process.html,/insights/neuro-q002-what-should-i-verify-about-adhd-evaluation-process.html,2026-06-19,insight,neuroevalguides.com,content/_live/published_urls.json
https://theindustryguides.com/insights/neuro-q003-what-mistakes-cause-problems-with-adhd-evaluation-process.html,/insights/neuro-q003-what-mistakes-cause-problems-with-adhd-evaluation-process.html,2026-06-19,insight,neuroevalguides.com,content/_live/published_urls.json
https://theindustryguides.com/insights/neuro-q004-when-should-i-get-professional-help-with-adhd-evaluation-process.html,/insights/neuro-q004-when-should-i-get-professional-help-with-adhd-evaluation-process.html,2026-06-19,insight,neuroevalguides.com,content/_live/published_urls.json
https://theindustryguides.com/insights/neuro-q005-how-does-adult-autism-evaluation-work.html,/insights/neuro-q005-how-does-adult-autism-evaluation-work.html,2026-06-19,insight,neuroevalguides.com,content/_live/published_urls.json
https://theindustryguides.com/insights/neuro-q006-what-should-i-verify-about-adult-autism-evaluation.html,/insights/neuro-q006-what-should-i-verify-about-adult-autism-evaluation.html,2026-06-19,insight,neuroevalguides.com,content/_live/published_urls.json
https://theindustryguides.com/insights/neuro-q007-what-mistakes-cause-problems-with-adult-autism-evaluation.html,/insights/neuro-q007-what-mistakes-cause-problems-with-adult-autism-evaluation.html,2026-06-19,insight,neuroevalguides.com,content/_live/published_urls.json
https://theindustryguides.com/insights/neuro-q008-when-should-i-get-professional-help-with-adult-autism-evaluation.html,/insights/neuro-q008-when-should-i-get-professional-help-with-adult-autism-evaluation.html,2026-06-19,insight,neuroevalguides.com,content/_live/published_urls.json
https://theindustryguides.com/insights/neuro-q009-how-does-neuropsych-evaluation-cost-work.html,/insights/neuro-q009-how-does-neuropsych-evaluation-cost-work.html,2026-06-19,insight,neuroevalguides.com,content/_live/published_urls.json
https://theindustryguides.com/insights/neuro-q010-what-should-i-verify-about-neuropsych-evaluation-cost.html,/insights/neuro-q010-what-should-i-verify-about-neuropsych-evaluation-cost.html,2026-06-19,insight,neuroevalguides.com,content/_live/published_urls.json
https://theindustryguides.com/insights/neuro-q011-what-mistakes-cause-problems-with-neuropsych-evaluation-cost.html,/insights/neuro-q011-what-mistakes-cause-problems-with-neuropsych-evaluation-cost.html,2026-06-19,insight,neuroevalguides.com,content/_live/published_urls.json
https://theindustryguides.com/insights/neuro-q012-when-should-i-get-professional-help-with-neuropsych-evaluation-cost.html,/insights/neuro-q012-when-should-i-get-professional-help-with-neuropsych-evaluation-cost.html,2026-06-19,insight,neuroevalguides.com,content/_live/published_urls.json
https://theindustryguides.com/insights/neuro-q013-how-does-insurance-and-out-of-network-benefits-work.html,/insights/neuro-q013-how-does-insurance-and-out-of-network-benefits-work.html,2026-06-19,insight,neuroevalguides.com,content/_live/published_urls.json
https://theindustryguides.com/insights/neuro-q014-what-should-i-verify-about-insurance-and-out-of-network-benefits.html,/insights/neuro-q014-what-should-i-verify-about-insurance-and-out-of-network-benefits.html,2026-06-19,insight,neuroevalguides.com,content/_live/published_urls.json
https://theindustryguides.com/insights/neuro-q015-what-mistakes-cause-problems-with-insurance-and-out-of-network-benefits.html,/insights/neuro-q015-what-mistakes-cause-problems-with-insurance-and-out-of-network-benefits.html,2026-06-19,insight,neuroevalguides.com,content/_live/published_urls.json
https://theindustryguides.com/insights/neuro-q016-when-should-i-get-professional-help-with-insurance-and-out-of-network-benefits.html,/insights/neuro-q016-when-should-i-get-professional-help-with-insurance-and-out-of-network-benefits.html,2026-06-19,insight,neuroevalguides.com,content/_live/published_urls.json
https://theindustryguides.com/insights/neuro-q017-how-does-telehealth-testing-validity-work.html,/insights/neuro-q017-how-does-telehealth-testing-validity-work.html,2026-06-19,insight,neuroevalguides.com,content/_live/published_urls.json
https://theindustryguides.com/insights/neuro-q018-what-should-i-verify-about-telehealth-testing-validity.html,/insights/neuro-q018-what-should-i-verify-about-telehealth-testing-validity.html,2026-06-19,insight,neuroevalguides.com,content/_live/published_urls.json
https://theindustryguides.com/insights/neuro-q019-what-mistakes-cause-problems-with-telehealth-testing-validity.html,/insights/neuro-q019-what-mistakes-cause-problems-with-telehealth-testing-validity.html,2026-06-19,insight,neuroevalguides.com,content/_live/published_urls.json
https://theindustryguides.com/insights/neuro-q020-when-should-i-get-professional-help-with-telehealth-testing-validity.html,/insights/neuro-q020-when-should-i-get-professional-help-with-telehealth-testing-validity.html,2026-06-19,insight,neuroevalguides.com,content/_live/published_urls.json
https://theindustryguides.com/insights/neuro-q021-how-does-provider-credentials-and-fit-work.html,/insights/neuro-q021-how-does-provider-credentials-and-fit-work.html,2026-06-19,insight,neuroevalguides.com,content/_live/published_urls.json
https://theindustryguides.com/insights/neuro-q022-what-should-i-verify-about-provider-credentials-and-fit.html,/insights/neuro-q022-what-should-i-verify-about-provider-credentials-and-fit.html,2026-06-19,insight,neuroevalguides.com,content/_live/published_urls.json
https://theindustryguides.com/insights/neuro-q023-what-mistakes-cause-problems-with-provider-credentials-and-fit.html,/insights/neuro-q023-what-mistakes-cause-problems-with-provider-credentials-and-fit.html,2026-06-19,insight,neuroevalguides.com,content/_live/published_urls.json
https://theindustryguides.com/insights/neuro-q024-when-should-i-get-professional-help-with-provider-credentials-and-fit.html,/insights/neuro-q024-when-should-i-get-professional-help-with-provider-credentials-and-fit.html,2026-06-19,insight,neuroevalguides.com,content/_live/published_urls.json
https://theindustryguides.com/insights/neuro-q025-how-does-evaluation-report-quality-work.html,/insights/neuro-q025-how-does-evaluation-report-quality-work.html,2026-06-19,insight,neuroevalguides.com,content/_live/published_urls.json
https://theindustryguides.com/insights/neuro-q026-what-should-i-verify-about-evaluation-report-quality.html,/insights/neuro-q026-what-should-i-verify-about-evaluation-report-quality.html,2026-06-19,insight,neuroevalguides.com,content/_live/published_urls.json
https://theindustryguides.com/insights/neuro-q027-what-mistakes-cause-problems-with-evaluation-report-quality.html,/insights/neuro-q027-what-mistakes-cause-problems-with-evaluation-report-quality.html,2026-06-19,insight,neuroevalguides.com,content/_live/published_urls.json
https://theindustryguides.com/insights/neuro-q028-when-should-i-get-professional-help-with-evaluation-report-quality.html,/insights/neuro-q028-when-should-i-get-professional-help-with-evaluation-report-quality.html,2026-06-19,insight,neuroevalguides.com,content/_live/published_urls.json
https://theindustryguides.com/insights/neuro-q029-how-does-school-and-workplace-accommodations-work.html,/insights/neuro-q029-how-does-school-and-workplace-accommodations-work.html,2026-06-19,insight,neuroevalguides.com,content/_live/published_urls.json
https://theindustryguides.com/insights/neuro-q030-what-should-i-verify-about-school-and-workplace-accommodations.html,/insights/neuro-q030-what-should-i-verify-about-school-and-workplace-accommodations.html,2026-06-19,insight,neuroevalguides.com,content/_live/published_urls.json
https://theindustryguides.com/insights/neuro-q031-what-mistakes-cause-problems-with-school-and-workplace-accommodations.html,/insights/neuro-q031-what-mistakes-cause-problems-with-school-and-workplace-accommodations.html,2026-06-19,insight,neuroevalguides.com,content/_live/published_urls.json
https://theindustryguides.com/insights/neuro-q032-when-should-i-get-professional-help-with-school-and-workplace-accommodations.html,/insights/neuro-q032-when-should-i-get-professional-help-with-school-and-workplace-accommodations.html,2026-06-19,insight,neuroevalguides.com,content/_live/published_urls.json
https://theindustryguides.com/insights/neuro-q033-how-does-evaluation-wait-times-work.html,/insights/neuro-q033-how-does-evaluation-wait-times-work.html,2026-06-19,insight,neuroevalguides.com,content/_live/published_urls.json
https://theindustryguides.com/insights/neuro-q034-what-should-i-verify-about-evaluation-wait-times.html,/insights/neuro-q034-what-should-i-verify-about-evaluation-wait-times.html,2026-06-19,insight,neuroevalguides.com,content/_live/published_urls.json
https://theindustryguides.com/insights/neuro-q035-what-mistakes-cause-problems-with-evaluation-wait-times.html,/insights/neuro-q035-what-mistakes-cause-problems-with-evaluation-wait-times.html,2026-06-19,insight,neuroevalguides.com,content/_live/published_urls.json
https://theindustryguides.com/insights/neuro-q036-when-should-i-get-professional-help-with-evaluation-wait-times.html,/insights/neuro-q036-when-should-i-get-professional-help-with-evaluation-wait-times.html,2026-06-19,insight,neuroevalguides.com,content/_live/published_urls.json
https://theindustryguides.com/insights/neuro-q037-how-does-repeat-and-updated-evaluations-work.html,/insights/neuro-q037-how-does-repeat-and-updated-evaluations-work.html,2026-06-19,insight,neuroevalguides.com,content/_live/published_urls.json
https://theindustryguides.com/insights/neuro-q038-what-should-i-verify-about-repeat-and-updated-evaluations.html,/insights/neuro-q038-what-should-i-verify-about-repeat-and-updated-evaluations.html,2026-06-19,insight,neuroevalguides.com,content/_live/published_urls.json
https://theindustryguides.com/insights/neuro-q039-what-mistakes-cause-problems-with-repeat-and-updated-evaluations.html,/insights/neuro-q039-what-mistakes-cause-problems-with-repeat-and-updated-evaluations.html,2026-06-19,insight,neuroevalguides.com,content/_live/published_urls.json
https://theindustryguides.com/insights/neuro-q040-when-should-i-get-professional-help-with-repeat-and-updated-evaluations.html,/insights/neuro-q040-when-should-i-get-professional-help-with-repeat-and-updated-evaluations.html,2026-06-19,insight,neuroevalguides.com,content/_live/published_urls.json
https://theindustryguides.com/insights/neuro-report-results-001-how-long-should-a-neuropsych-report-take-to-come-back.html,/insights/neuro-report-results-001-how-long-should-a-neuropsych-report-take-to-come-back.html,2026-06-19,insight,neuroevalguides.com,content/_live/published_urls.json
https://theindustryguides.com/insights/neuro-report-results-002-what-should-i-do-if-i-do-not-understand-the-evaluation-report.html,/insights/neuro-report-results-002-what-should-i-do-if-i-do-not-understand-the-evaluation-report.html,2026-06-19,insight,neuroevalguides.com,content/_live/published_urls.json
https://theindustryguides.com/insights/neuro-report-results-003-can-i-ask-follow-up-questions-after-testing-results-are-delivered.html,/insights/neuro-report-results-003-can-i-ask-follow-up-questions-after-testing-results-are-delivered.html,2026-06-19,insight,neuroevalguides.com,content/_live/published_urls.json
https://theindustryguides.com/insights/neuro-report-results-004-what-happens-after-an-adhd-or-autism-diagnosis-is-confirmed.html,/insights/neuro-report-results-004-what-happens-after-an-adhd-or-autism-diagnosis-is-confirmed.html,2026-06-19,insight,neuroevalguides.com,content/_live/published_urls.json
https://theindustryguides.com/insights/neuro-situations-001-child-struggling-in-school-do-we-need-testing.html,/insights/neuro-situations-001-child-struggling-in-school-do-we-need-testing.html,2026-06-19,insight,neuroevalguides.com,content/_live/published_urls.json
https://theindustryguides.com/insights/neuro-situations-002-adult-suspecting-adhd-where-to-start.html,/insights/neuro-situations-002-adult-suspecting-adhd-where-to-start.html,2026-06-19,insight,neuroevalguides.com,content/_live/published_urls.json
https://theindustryguides.com/insights/neuro-situations-003-concussion-symptoms-months-later-what-now.html,/insights/neuro-situations-003-concussion-symptoms-months-later-what-now.html,2026-06-19,insight,neuroevalguides.com,content/_live/published_urls.json
https://theindustryguides.com/insights/neuro-situations-004-legal-case-needs-neuro-eval-what-to-expect.html,/insights/neuro-situations-004-legal-case-needs-neuro-eval-what-to-expect.html,2026-06-19,insight,neuroevalguides.com,content/_live/published_urls.json
https://theindustryguides.com/insights/neuro-situations-005-work-accommodations-what-testing-helps.html,/insights/neuro-situations-005-work-accommodations-what-testing-helps.html,2026-06-19,insight,neuroevalguides.com,content/_live/published_urls.json
https://theindustryguides.com/insights/neuro-situations-006-college-accommodations-what-testing-helps.html,/insights/neuro-situations-006-college-accommodations-what-testing-helps.html,2026-06-19,insight,neuroevalguides.com,content/_live/published_urls.json
https://theindustryguides.com/insights/neuro-situations-007-autism-evaluation-for-child-what-to-expect.html,/insights/neuro-situations-007-autism-evaluation-for-child-what-to-expect.html,2026-06-19,insight,neuroevalguides.com,content/_live/published_urls.json
https://theindustryguides.com/insights/neuro-situations-008-autism-evaluation-for-adult-what-to-expect.html,/insights/neuro-situations-008-autism-evaluation-for-adult-what-to-expect.html,2026-06-19,insight,neuroevalguides.com,content/_live/published_urls.json
https://theindustryguides.com/insights/neuro-situations-009-memory-problems-what-testing-helps.html,/insights/neuro-situations-009-memory-problems-what-testing-helps.html,2026-06-19,insight,neuroevalguides.com,content/_live/published_urls.json
https://theindustryguides.com/insights/neuro-situations-010-anxiety-vs-adhd-what-s-different.html,/insights/neuro-situations-010-anxiety-vs-adhd-what-s-different.html,2026-06-19,insight,neuroevalguides.com,content/_live/published_urls.json
https://theindustryguides.com/insights/neuro-situations-011-adhd-vs-learning-disability-what-s-different.html,/insights/neuro-situations-011-adhd-vs-learning-disability-what-s-different.html,2026-06-19,insight,neuroevalguides.com,content/_live/published_urls.json
https://theindustryguides.com/insights/neuro-situations-012-tbi-vs-adhd-what-s-different.html,/insights/neuro-situations-012-tbi-vs-adhd-what-s-different.html,2026-06-19,insight,neuroevalguides.com,content/_live/published_urls.json
https://theindustryguides.com/insights/neuro-situations-013-sleep-issues-affecting-attention-what-to-do.html,/insights/neuro-situations-013-sleep-issues-affecting-attention-what-to-do.html,2026-06-19,insight,neuroevalguides.com,content/_live/published_urls.json
https://theindustryguides.com/insights/neuro-situations-014-medication-questions-after-testing.html,/insights/neuro-situations-014-medication-questions-after-testing.html,2026-06-19,insight,neuroevalguides.com,content/_live/published_urls.json
https://theindustryguides.com/insights/neuro-situations-015-school-won-t-accept-report-what-now.html,/insights/neuro-situations-015-school-won-t-accept-report-what-now.html,2026-06-19,insight,neuroevalguides.com,content/_live/published_urls.json
https://theindustryguides.com/insights/neuro-situations-016-insurance-denied-claim-what-now.html,/insights/neuro-situations-016-insurance-denied-claim-what-now.html,2026-06-19,insight,neuroevalguides.com,content/_live/published_urls.json
https://theindustryguides.com/insights/neuro-situations-017-need-testing-quickly-for-deadline-what-now.html,/insights/neuro-situations-017-need-testing-quickly-for-deadline-what-now.html,2026-06-19,insight,neuroevalguides.com,content/_live/published_urls.json
https://theindustryguides.com/insights/neuro-situations-018-child-has-anxiety-about-testing-what-to-do.html,/insights/neuro-situations-018-child-has-anxiety-about-testing-what-to-do.html,2026-06-19,insight,neuroevalguides.com,content/_live/published_urls.json
https://theindustryguides.com/insights/neuro-situations-019-how-to-prepare-for-evaluation-day.html,/insights/neuro-situations-019-how-to-prepare-for-evaluation-day.html,2026-06-19,insight,neuroevalguides.com,content/_live/published_urls.json
https://theindustryguides.com/insights/neuro-situations-020-what-to-bring-to-testing.html,/insights/neuro-situations-020-what-to-bring-to-testing.html,2026-06-19,insight,neuroevalguides.com,content/_live/published_urls.json
https://theindustryguides.com/insights/neuro-situations-021-what-happens-after-results.html,/insights/neuro-situations-021-what-happens-after-results.html,2026-06-19,insight,neuroevalguides.com,content/_live/published_urls.json
https://theindustryguides.com/insights/neuro-situations-022-how-to-use-the-report.html,/insights/neuro-situations-022-how-to-use-the-report.html,2026-06-19,insight,neuroevalguides.com,content/_live/published_urls.json
https://theindustryguides.com/insights/neuro-situations-023-who-should-receive-the-report.html,/insights/neuro-situations-023-who-should-receive-the-report.html,2026-06-19,insight,neuroevalguides.com,content/_live/published_urls.json
https://theindustryguides.com/insights/neuro-situations-024-can-the-report-be-updated-later.html,/insights/neuro-situations-024-can-the-report-be-updated-later.html,2026-06-19,insight,neuroevalguides.com,content/_live/published_urls.json
https://theindustryguides.com/insights/neuro-situations-025-do-i-need-re-testing.html,/insights/neuro-situations-025-do-i-need-re-testing.html,2026-06-19,insight,neuroevalguides.com,content/_live/published_urls.json
https://theindustryguides.com/insights/neuro-situations-026-adult-with-a-new-adhd-diagnosis-what-comes-next.html,/insights/neuro-situations-026-adult-with-a-new-adhd-diagnosis-what-comes-next.html,2026-06-19,insight,neuroevalguides.com,content/_live/published_urls.json
https://theindustryguides.com/insights/neuro-situations-027-child-just-diagnosed-with-autism-how-do-we-choose-the-next-support.html,/insights/neuro-situations-027-child-just-diagnosed-with-autism-how-do-we-choose-the-next-support.html,2026-06-19,insight,neuroevalguides.com,content/_live/published_urls.json
https://theindustryguides.com/insights/neuro-therapy-after-evaluation-001-what-should-i-do-after-an-adhd-diagnosis.html,/insights/neuro-therapy-after-evaluation-001-what-should-i-do-after-an-adhd-diagnosis.html,2026-06-19,insight,neuroevalguides.com,content/_live/published_urls.json
https://theindustryguides.com/insights/neuro-therapy-after-evaluation-002-do-i-need-therapy-after-adhd-testing.html,/insights/neuro-therapy-after-evaluation-002-do-i-need-therapy-after-adhd-testing.html,2026-06-19,insight,neuroevalguides.com,content/_live/published_urls.json
https://theindustryguides.com/insights/neuro-therapy-after-evaluation-003-can-i-use-my-adhd-evaluation-report-to-find-a-therapist-faster.html,/insights/neuro-therapy-after-evaluation-003-can-i-use-my-adhd-evaluation-report-to-find-a-therapist-faster.html,2026-06-19,insight,neuroevalguides.com,content/_live/published_urls.json
https://theindustryguides.com/insights/neuro-therapy-after-evaluation-004-what-should-i-do-after-an-autism-evaluation.html,/insights/neuro-therapy-after-evaluation-004-what-should-i-do-after-an-autism-evaluation.html,2026-06-19,insight,neuroevalguides.com,content/_live/published_urls.json
https://theindustryguides.com/insights/neuro-therapy-after-evaluation-005-what-kind-of-therapy-usually-comes-after-an-autism-diagnosis.html,/insights/neuro-therapy-after-evaluation-005-what-kind-of-therapy-usually-comes-after-an-autism-diagnosis.html,2026-06-19,insight,neuroevalguides.com,content/_live/published_urls.json
https://theindustryguides.com/insights/neuro-therapy-after-evaluation-006-what-records-should-i-bring-from-an-autism-evaluation-to-therapy-intak.html,/insights/neuro-therapy-after-evaluation-006-what-records-should-i-bring-from-an-autism-evaluation-to-therapy-intak.html,2026-06-19,insight,neuroevalguides.com,content/_live/published_urls.json
https://theindustryguides.com/insights/neuro-therapy-red-flags-and-fit-001-what-are-red-flags-in-an-aba-clinic.html,/insights/neuro-therapy-red-flags-and-fit-001-what-are-red-flags-in-an-aba-clinic.html,2026-06-19,insight,neuroevalguides.com,content/_live/published_urls.json
https://theindustryguides.com/insights/neuro-therapy-red-flags-and-fit-002-is-remote-supervision-in-aba-a-red-flag.html,/insights/neuro-therapy-red-flags-and-fit-002-is-remote-supervision-in-aba-a-red-flag.html,2026-06-19,insight,neuroevalguides.com,content/_live/published_urls.json
https://theindustryguides.com/insights/neuro-therapy-red-flags-and-fit-003-how-often-should-a-bcba-actually-be-involved.html,/insights/neuro-therapy-red-flags-and-fit-003-how-often-should-a-bcba-actually-be-involved.html,2026-06-19,insight,neuroevalguides.com,content/_live/published_urls.json
https://theindustryguides.com/insights/neuro-therapy-red-flags-and-fit-004-what-if-my-child-keeps-getting-new-therapists.html,/insights/neuro-therapy-red-flags-and-fit-004-what-if-my-child-keeps-getting-new-therapists.html,2026-06-19,insight,neuroevalguides.com,content/_live/published_urls.json
https://theindustryguides.com/insights/neuro-therapy-red-flags-and-fit-005-what-are-red-flags-when-choosing-an-adhd-therapist.html,/insights/neuro-therapy-red-flags-and-fit-005-what-are-red-flags-when-choosing-an-adhd-therapist.html,2026-06-19,insight,neuroevalguides.com,content/_live/published_urls.json
https://theindustryguides.com/insights/neuro-therapy-red-flags-and-fit-006-what-should-i-do-if-the-first-therapist-is-not-a-good-fit-for-adhd.html,/insights/neuro-therapy-red-flags-and-fit-006-what-should-i-do-if-the-first-therapist-is-not-a-good-fit-for-adhd.html,2026-06-19,insight,neuroevalguides.com,content/_live/published_urls.json
https://theindustryguides.com/insights/neuro-trust-questions-001-how-do-i-know-a-neuropsychologist-is-legit.html,/insights/neuro-trust-questions-001-how-do-i-know-a-neuropsychologist-is-legit.html,2026-06-19,insight,neuroevalguides.com,content/_live/published_urls.json
https://theindustryguides.com/insights/neuro-trust-questions-002-neuropsych-scam-signs.html,/insights/neuro-trust-questions-002-neuropsych-scam-signs.html,2026-06-19,insight,neuroevalguides.com,content/_live/published_urls.json
https://theindustryguides.com/insights/neuro-trust-questions-003-red-flags-during-intake.html,/insights/neuro-trust-questions-003-red-flags-during-intake.html,2026-06-19,insight,neuroevalguides.com,content/_live/published_urls.json
https://theindustryguides.com/insights/neuro-trust-questions-004-what-questions-should-i-ask-before-booking.html,/insights/neuro-trust-questions-004-what-questions-should-i-ask-before-booking.html,2026-06-19,insight,neuroevalguides.com,content/_live/published_urls.json
https://theindustryguides.com/insights/neuro-trust-questions-005-what-should-be-in-the-report.html,/insights/neuro-trust-questions-005-what-should-be-in-the-report.html,2026-06-19,insight,neuroevalguides.com,content/_live/published_urls.json
https://theindustryguides.com/insights/neuro-trust-questions-006-will-they-talk-to-my-school-doctor.html,/insights/neuro-trust-questions-006-will-they-talk-to-my-school-doctor.html,2026-06-19,insight,neuroevalguides.com,content/_live/published_urls.json
https://theindustryguides.com/insights/neuro-trust-questions-007-can-i-get-raw-scores.html,/insights/neuro-trust-questions-007-can-i-get-raw-scores.html,2026-06-19,insight,neuroevalguides.com,content/_live/published_urls.json
https://theindustryguides.com/insights/neuro-trust-questions-008-how-do-i-get-a-second-opinion.html,/insights/neuro-trust-questions-008-how-do-i-get-a-second-opinion.html,2026-06-19,insight,neuroevalguides.com,content/_live/published_urls.json
https://theindustryguides.com/insights/neuro-trust-questions-009-how-to-compare-2-3-providers.html,/insights/neuro-trust-questions-009-how-to-compare-2-3-providers.html,2026-06-19,insight,neuroevalguides.com,content/_live/published_urls.json
https://theindustryguides.com/insights/neuro-trust-questions-010-how-to-check-licensing.html,/insights/neuro-trust-questions-010-how-to-check-licensing.html,2026-06-19,insight,neuroevalguides.com,content/_live/published_urls.json
https://theindustryguides.com/insights/neuro-trust-questions-011-how-to-check-experience-with-kids.html,/insights/neuro-trust-questions-011-how-to-check-experience-with-kids.html,2026-06-19,insight,neuroevalguides.com,content/_live/published_urls.json
https://theindustryguides.com/insights/neuro-trust-questions-012-how-to-check-experience-with-adhd.html,/insights/neuro-trust-questions-012-how-to-check-experience-with-adhd.html,2026-06-19,insight,neuroevalguides.com,content/_live/published_urls.json
https://theindustryguides.com/insights/neuro-trust-questions-013-how-to-check-experience-with-tbi.html,/insights/neuro-trust-questions-013-how-to-check-experience-with-tbi.html,2026-06-19,insight,neuroevalguides.com,content/_live/published_urls.json
https://theindustryguides.com/insights/neuro-trust-questions-014-provider-won-t-explain-process-red-flag.html,/insights/neuro-trust-questions-014-provider-won-t-explain-process-red-flag.html,2026-06-19,insight,neuroevalguides.com,content/_live/published_urls.json
https://theindustryguides.com/insights/neuro-trust-questions-015-provider-guarantees-a-diagnosis-red-flag.html,/insights/neuro-trust-questions-015-provider-guarantees-a-diagnosis-red-flag.html,2026-06-19,insight,neuroevalguides.com,content/_live/published_urls.json
https://theindustryguides.com/insights/neuro-trust-questions-016-how-to-read-reviews-safely.html,/insights/neuro-trust-questions-016-how-to-read-reviews-safely.html,2026-06-19,insight,neuroevalguides.com,content/_live/published_urls.json
https://theindustryguides.com/insights/neuro-trust-questions-017-what-if-i-feel-rushed.html,/insights/neuro-trust-questions-017-what-if-i-feel-rushed.html,2026-06-19,insight,neuroevalguides.com,content/_live/published_urls.json
https://theindustryguides.com/insights/neuro-trust-questions-018-what-if-the-provider-is-rude.html,/insights/neuro-trust-questions-018-what-if-the-provider-is-rude.html,2026-06-19,insight,neuroevalguides.com,content/_live/published_urls.json
https://theindustryguides.com/insights/neuro-trust-questions-019-what-if-the-report-is-unclear.html,/insights/neuro-trust-questions-019-what-if-the-report-is-unclear.html,2026-06-19,insight,neuroevalguides.com,content/_live/published_urls.json
https://theindustryguides.com/insights/neuro-trust-questions-020-how-to-request-corrections.html,/insights/neuro-trust-questions-020-how-to-request-corrections.html,2026-06-19,insight,neuroevalguides.com,content/_live/published_urls.json
https://theindustryguides.com/insights/neuro-trust-questions-021-how-to-switch-providers.html,/insights/neuro-trust-questions-021-how-to-switch-providers.html,2026-06-19,insight,neuroevalguides.com,content/_live/published_urls.json
https://theindustryguides.com/insights/neuro-trust-questions-022-can-i-bring-someone-with-me.html,/insights/neuro-trust-questions-022-can-i-bring-someone-with-me.html,2026-06-19,insight,neuroevalguides.com,content/_live/published_urls.json
https://theindustryguides.com/insights/neuro-trust-questions-023-do-they-offer-accommodations.html,/insights/neuro-trust-questions-023-do-they-offer-accommodations.html,2026-06-19,insight,neuroevalguides.com,content/_live/published_urls.json
https://theindustryguides.com/insights/neuro-trust-questions-024-do-they-do-telehealth-parts.html,/insights/neuro-trust-questions-024-do-they-do-telehealth-parts.html,2026-06-19,insight,neuroevalguides.com,content/_live/published_urls.json
https://theindustryguides.com/insights/neuro-trust-questions-025-how-to-protect-privacy.html,/insights/neuro-trust-questions-025-how-to-protect-privacy.html,2026-06-19,insight,neuroevalguides.com,content/_live/published_urls.json
https://theindustryguides.com/insights/neuro-trust-questions-026-what-are-red-flags-in-an-aba-clinic.html,/insights/neuro-trust-questions-026-what-are-red-flags-in-an-aba-clinic.html,2026-06-19,insight,neuroevalguides.com,content/_live/published_urls.json
https://theindustryguides.com/insights/neuro-trust-questions-027-what-are-red-flags-when-choosing-an-adhd-therapist.html,/insights/neuro-trust-questions-027-what-are-red-flags-when-choosing-an-adhd-therapist.html,2026-06-19,insight,neuroevalguides.com,content/_live/published_urls.json
https://theindustryguides.com/insights/neuro-trust-questions-028-how-to-choose-a-neuropsychological-evaluation-provider.html,/insights/neuro-trust-questions-028-how-to-choose-a-neuropsychological-evaluation-provider.html,2026-06-19,insight,neuroevalguides.com,content/_live/published_urls.json
https://theindustryguides.com/insights/neuro-trust-questions-029-red-flags-when-choosing-a-neuropsychological-evaluation-provider.html,/insights/neuro-trust-questions-029-red-flags-when-choosing-a-neuropsychological-evaluation-provider.html,2026-06-19,insight,neuroevalguides.com,content/_live/published_urls.json
https://theindustryguides.com/insights/personal-injury-001-the-industry-guides-personal-injury-claim-lifecycle.html,/insights/personal-injury-001-the-industry-guides-personal-injury-claim-lifecycle.html,2026-06-19,insight,theaccidentguides.com,content/_live/published_urls.json
https://theindustryguides.com/insights/personal-injury-002-do-i-need-a-personal-injury-lawyer.html,/insights/personal-injury-002-do-i-need-a-personal-injury-lawyer.html,2026-06-19,insight,theaccidentguides.com,content/_live/published_urls.json
https://theindustryguides.com/insights/personal-injury-003-how-to-compare-local-personal-injury-lawyers-safely.html,/insights/personal-injury-003-how-to-compare-local-personal-injury-lawyers-safely.html,2026-06-19,insight,theaccidentguides.com,content/_live/published_urls.json
https://theindustryguides.com/insights/personal-injury-004-how-to-evaluate-car-accident-lawyer-options.html,/insights/personal-injury-004-how-to-evaluate-car-accident-lawyer-options.html,2026-06-19,insight,theaccidentguides.com,content/_live/published_urls.json
https://theindustryguides.com/insights/personal-injury-005-how-to-compare-accident-attorneys-without-relying-on-slogans.html,/insights/personal-injury-005-how-to-compare-accident-attorneys-without-relying-on-slogans.html,2026-06-19,insight,theaccidentguides.com,content/_live/published_urls.json
https://theindustryguides.com/insights/personal-injury-006-how-does-a-contingency-fee-work.html,/insights/personal-injury-006-how-does-a-contingency-fee-work.html,2026-06-23,insight,theaccidentguides.com,content/_live/published_urls.json
https://theindustryguides.com/insights/personal-injury-007-what-should-i-ask-in-a-free-consultation.html,/insights/personal-injury-007-what-should-i-ask-in-a-free-consultation.html,2026-06-19,insight,theaccidentguides.com,content/_live/published_urls.json
https://theindustryguides.com/insights/personal-injury-008-how-fast-can-i-talk-to-a-lawyer-today.html,/insights/personal-injury-008-how-fast-can-i-talk-to-a-lawyer-today.html,2026-06-19,insight,theaccidentguides.com,content/_live/published_urls.json
https://theindustryguides.com/insights/personal-injury-009-can-i-switch-lawyers-if-i-m-unhappy.html,/insights/personal-injury-009-can-i-switch-lawyers-if-i-m-unhappy.html,2026-06-19,insight,theaccidentguides.com,content/_live/published_urls.json
https://theindustryguides.com/insights/personal-injury-010-how-do-i-avoid-injury-lawyer-scams.html,/insights/personal-injury-010-how-do-i-avoid-injury-lawyer-scams.html,2026-06-23,insight,theaccidentguides.com,content/_live/published_urls.json
https://theindustryguides.com/insights/personal-injury-011-should-i-pick-a-big-firm-or-a-local-firm.html,/insights/personal-injury-011-should-i-pick-a-big-firm-or-a-local-firm.html,2026-06-19,insight,theaccidentguides.com,content/_live/published_urls.json
https://theindustryguides.com/insights/personal-injury-012-will-my-case-go-to-trial.html,/insights/personal-injury-012-will-my-case-go-to-trial.html,2026-06-19,insight,theaccidentguides.com,content/_live/published_urls.json
https://theindustryguides.com/insights/personal-injury-013-how-long-do-cases-usually-take.html,/insights/personal-injury-013-how-long-do-cases-usually-take.html,2026-06-19,insight,theaccidentguides.com,content/_live/published_urls.json
https://theindustryguides.com/insights/personal-injury-014-how-do-i-pick-the-right-lawyer-for-my-accident-type.html,/insights/personal-injury-014-how-do-i-pick-the-right-lawyer-for-my-accident-type.html,2026-06-19,insight,theaccidentguides.com,content/_live/published_urls.json
https://theindustryguides.com/insights/personal-injury-015-do-i-have-to-talk-to-insurance-first.html,/insights/personal-injury-015-do-i-have-to-talk-to-insurance-first.html,2026-06-19,insight,theaccidentguides.com,content/_live/published_urls.json
https://theindustryguides.com/insights/personal-injury-016-can-a-lawyer-help-with-medical-bills.html,/insights/personal-injury-016-can-a-lawyer-help-with-medical-bills.html,2026-06-19,insight,theaccidentguides.com,content/_live/published_urls.json
https://theindustryguides.com/insights/personal-injury-017-how-to-pressure-test-local-accident-lawyer-options.html,/insights/personal-injury-017-how-to-pressure-test-local-accident-lawyer-options.html,2026-06-19,insight,theaccidentguides.com,content/_live/published_urls.json
https://theindustryguides.com/insights/personal-injury-018-what-to-ask-when-comparing-car-accident-attorneys.html,/insights/personal-injury-018-what-to-ask-when-comparing-car-accident-attorneys.html,2026-06-19,insight,theaccidentguides.com,content/_live/published_urls.json
https://theindustryguides.com/insights/personal-injury-019-how-to-compare-2-3-injury-lawyers-fast.html,/insights/personal-injury-019-how-to-compare-2-3-injury-lawyers-fast.html,2026-06-19,insight,theaccidentguides.com,content/_live/published_urls.json
https://theindustryguides.com/insights/personal-injury-020-how-to-check-licensing-and-discipline.html,/insights/personal-injury-020-how-to-check-licensing-and-discipline.html,2026-06-19,insight,theaccidentguides.com,content/_live/published_urls.json
https://theindustryguides.com/insights/personal-injury-021-free-consultation-what-to-bring.html,/insights/personal-injury-021-free-consultation-what-to-bring.html,2026-06-19,insight,theaccidentguides.com,content/_live/published_urls.json
https://theindustryguides.com/insights/personal-injury-022-what-documents-matter-most.html,/insights/personal-injury-022-what-documents-matter-most.html,2026-06-19,insight,theaccidentguides.com,content/_live/published_urls.json
https://theindustryguides.com/insights/personal-injury-023-what-to-do-if-you-re-hurt-but-unsure.html,/insights/personal-injury-023-what-to-do-if-you-re-hurt-but-unsure.html,2026-06-19,insight,theaccidentguides.com,content/_live/published_urls.json
https://theindustryguides.com/insights/personal-injury-024-how-to-avoid-saying-the-wrong-thing-to-insurance.html,/insights/personal-injury-024-how-to-avoid-saying-the-wrong-thing-to-insurance.html,2026-06-19,insight,theaccidentguides.com,content/_live/published_urls.json
https://theindustryguides.com/insights/personal-injury-025-what-to-do-if-the-other-driver-is-uninsured.html,/insights/personal-injury-025-what-to-do-if-the-other-driver-is-uninsured.html,2026-06-19,insight,theaccidentguides.com,content/_live/published_urls.json
https://theindustryguides.com/insights/personal-injury-026-what-to-do-if-the-other-driver-fled.html,/insights/personal-injury-026-what-to-do-if-the-other-driver-fled.html,2026-06-19,insight,theaccidentguides.com,content/_live/published_urls.json
https://theindustryguides.com/insights/personal-injury-027-what-to-do-if-you-re-partly-at-fault.html,/insights/personal-injury-027-what-to-do-if-you-re-partly-at-fault.html,2026-06-19,insight,theaccidentguides.com,content/_live/published_urls.json
https://theindustryguides.com/insights/personal-injury-028-when-to-hire-a-lawyer-vs-wait.html,/insights/personal-injury-028-when-to-hire-a-lawyer-vs-wait.html,2026-06-23,insight,theaccidentguides.com,content/_live/published_urls.json
https://theindustryguides.com/insights/personal-injury-029-how-to-choose-a-lawyer-for-truck-accidents.html,/insights/personal-injury-029-how-to-choose-a-lawyer-for-truck-accidents.html,2026-06-19,insight,theaccidentguides.com,content/_live/published_urls.json
https://theindustryguides.com/insights/personal-injury-030-how-to-choose-a-lawyer-for-serious-injuries.html,/insights/personal-injury-030-how-to-choose-a-lawyer-for-serious-injuries.html,2026-06-19,insight,theaccidentguides.com,content/_live/published_urls.json
https://theindustryguides.com/insights/personal-injury-031-how-to-choose-a-lawyer-if-you-missed-work.html,/insights/personal-injury-031-how-to-choose-a-lawyer-if-you-missed-work.html,2026-06-19,insight,theaccidentguides.com,content/_live/published_urls.json
https://theindustryguides.com/insights/personal-injury-032-no-win-no-fee-workplace-injury-lawyer-near-me.html,/insights/personal-injury-032-no-win-no-fee-workplace-injury-lawyer-near-me.html,2026-06-19,insight,theaccidentguides.com,content/_live/published_urls.json
https://theindustryguides.com/insights/personal-injury-033-experienced-workplace-injury-lawyer-near-me.html,/insights/personal-injury-033-experienced-workplace-injury-lawyer-near-me.html,2026-06-19,insight,theaccidentguides.com,content/_live/published_urls.json
https://theindustryguides.com/insights/personal-injury-034-trusted-workplace-injury-lawyer-near-me.html,/insights/personal-injury-034-trusted-workplace-injury-lawyer-near-me.html,2026-06-19,insight,theaccidentguides.com,content/_live/published_urls.json
https://theindustryguides.com/insights/personal-injury-035-good-workplace-injury-lawyer-near-me.html,/insights/personal-injury-035-good-workplace-injury-lawyer-near-me.html,2026-06-19,insight,theaccidentguides.com,content/_live/published_urls.json
https://theindustryguides.com/insights/personal-injury-036-highly-reviewed-workplace-injury-lawyer-near-me.html,/insights/personal-injury-036-highly-reviewed-workplace-injury-lawyer-near-me.html,2026-06-19,insight,theaccidentguides.com,content/_live/published_urls.json
https://theindustryguides.com/insights/personal-injury-037-best-car-accident-lawyer-near-me.html,/insights/personal-injury-037-best-car-accident-lawyer-near-me.html,2026-06-19,insight,theaccidentguides.com,content/_live/published_urls.json
https://theindustryguides.com/insights/personal-injury-038-top-rated-car-accident-lawyer-near-me.html,/insights/personal-injury-038-top-rated-car-accident-lawyer-near-me.html,2026-06-19,insight,theaccidentguides.com,content/_live/published_urls.json
https://theindustryguides.com/insights/personal-injury-039-affordable-car-accident-lawyer-near-me.html,/insights/personal-injury-039-affordable-car-accident-lawyer-near-me.html,2026-06-19,insight,theaccidentguides.com,content/_live/published_urls.json
https://theindustryguides.com/insights/personal-injury-040-near-me-car-accident-lawyer-near-me.html,/insights/personal-injury-040-near-me-car-accident-lawyer-near-me.html,2026-06-19,insight,theaccidentguides.com,content/_live/published_urls.json
https://theindustryguides.com/insights/personal-injury-041-free-consultation-car-accident-lawyer-near-me.html,/insights/personal-injury-041-free-consultation-car-accident-lawyer-near-me.html,2026-06-19,insight,theaccidentguides.com,content/_live/published_urls.json
https://theindustryguides.com/insights/personal-injury-042-no-win-no-fee-car-accident-lawyer-near-me.html,/insights/personal-injury-042-no-win-no-fee-car-accident-lawyer-near-me.html,2026-06-19,insight,theaccidentguides.com,content/_live/published_urls.json
https://theindustryguides.com/insights/personal-injury-043-what-to-do-after-a-car-accident-step-by-step.html,/insights/personal-injury-043-what-to-do-after-a-car-accident-step-by-step.html,2026-06-23,insight,theaccidentguides.com,content/_live/published_urls.json
https://theindustryguides.com/insights/personal-injury-044-should-i-give-a-recorded-statement-to-the-insurance-company-after-an-a.html,/insights/personal-injury-044-should-i-give-a-recorded-statement-to-the-insurance-company-after-an-a.html,2026-06-19,insight,theaccidentguides.com,content/_live/published_urls.json
https://theindustryguides.com/insights/personal-injury-045-can-i-sue-for-pain-and-suffering-after-a-car-accident.html,/insights/personal-injury-045-can-i-sue-for-pain-and-suffering-after-a-car-accident.html,2026-06-19,insight,theaccidentguides.com,content/_live/published_urls.json
https://theindustryguides.com/insights/personal-injury-046-how-should-you-compare-personal-injury-lawyers-without-relying-on-best.html,/insights/personal-injury-046-how-should-you-compare-personal-injury-lawyers-without-relying-on-best.html,2026-06-19,insight,theaccidentguides.com,content/_live/published_urls.json
https://theindustryguides.com/insights/personal-injury-047-near-me-truck-accident-lawyer-near-me.html,/insights/personal-injury-047-near-me-truck-accident-lawyer-near-me.html,2026-06-19,insight,theaccidentguides.com,content/_live/published_urls.json
https://theindustryguides.com/insights/personal-injury-048-near-me-hit-and-run-lawyer-near-me.html,/insights/personal-injury-048-near-me-hit-and-run-lawyer-near-me.html,2026-06-19,insight,theaccidentguides.com,content/_live/published_urls.json
https://theindustryguides.com/insights/personal-injury-049-free-consultation-hit-and-run-lawyer-near-me.html,/insights/personal-injury-049-free-consultation-hit-and-run-lawyer-near-me.html,2026-06-19,insight,theaccidentguides.com,content/_live/published_urls.json
https://theindustryguides.com/insights/personal-injury-050-no-win-no-fee-hit-and-run-lawyer-near-me.html,/insights/personal-injury-050-no-win-no-fee-hit-and-run-lawyer-near-me.html,2026-06-19,insight,theaccidentguides.com,content/_live/published_urls.json
https://theindustryguides.com/insights/personal-injury-051-experienced-hit-and-run-lawyer-near-me.html,/insights/personal-injury-051-experienced-hit-and-run-lawyer-near-me.html,2026-06-19,insight,theaccidentguides.com,content/_live/published_urls.json
https://theindustryguides.com/insights/personal-injury-052-trusted-hit-and-run-lawyer-near-me.html,/insights/personal-injury-052-trusted-hit-and-run-lawyer-near-me.html,2026-06-19,insight,theaccidentguides.com,content/_live/published_urls.json
https://theindustryguides.com/insights/personal-injury-053-good-hit-and-run-lawyer-near-me.html,/insights/personal-injury-053-good-hit-and-run-lawyer-near-me.html,2026-06-19,insight,theaccidentguides.com,content/_live/published_urls.json
https://theindustryguides.com/insights/personal-injury-054-highly-reviewed-hit-and-run-lawyer-near-me.html,/insights/personal-injury-054-highly-reviewed-hit-and-run-lawyer-near-me.html,2026-06-19,insight,theaccidentguides.com,content/_live/published_urls.json
https://theindustryguides.com/insights/personal-injury-055-best-uninsured-driver-lawyer-near-me.html,/insights/personal-injury-055-best-uninsured-driver-lawyer-near-me.html,2026-06-19,insight,theaccidentguides.com,content/_live/published_urls.json
https://theindustryguides.com/insights/personal-injury-056-top-rated-uninsured-driver-lawyer-near-me.html,/insights/personal-injury-056-top-rated-uninsured-driver-lawyer-near-me.html,2026-06-19,insight,theaccidentguides.com,content/_live/published_urls.json
https://theindustryguides.com/insights/personal-injury-057-affordable-uninsured-driver-lawyer-near-me.html,/insights/personal-injury-057-affordable-uninsured-driver-lawyer-near-me.html,2026-06-19,insight,theaccidentguides.com,content/_live/published_urls.json
https://theindustryguides.com/insights/personal-injury-058-near-me-uninsured-driver-lawyer-near-me.html,/insights/personal-injury-058-near-me-uninsured-driver-lawyer-near-me.html,2026-06-19,insight,theaccidentguides.com,content/_live/published_urls.json
https://theindustryguides.com/insights/personal-injury-059-free-consultation-uninsured-driver-lawyer-near-me.html,/insights/personal-injury-059-free-consultation-uninsured-driver-lawyer-near-me.html,2026-06-19,insight,theaccidentguides.com,content/_live/published_urls.json
https://theindustryguides.com/insights/personal-injury-060-no-win-no-fee-uninsured-driver-lawyer-near-me.html,/insights/personal-injury-060-no-win-no-fee-uninsured-driver-lawyer-near-me.html,2026-06-19,insight,theaccidentguides.com,content/_live/published_urls.json
https://theindustryguides.com/insights/personal-injury-061-experienced-uninsured-driver-lawyer-near-me.html,/insights/personal-injury-061-experienced-uninsured-driver-lawyer-near-me.html,2026-06-19,insight,theaccidentguides.com,content/_live/published_urls.json
https://theindustryguides.com/insights/personal-injury-062-trusted-uninsured-driver-lawyer-near-me.html,/insights/personal-injury-062-trusted-uninsured-driver-lawyer-near-me.html,2026-06-19,insight,theaccidentguides.com,content/_live/published_urls.json
https://theindustryguides.com/insights/personal-injury-063-good-uninsured-driver-lawyer-near-me.html,/insights/personal-injury-063-good-uninsured-driver-lawyer-near-me.html,2026-06-19,insight,theaccidentguides.com,content/_live/published_urls.json
https://theindustryguides.com/insights/personal-injury-064-highly-reviewed-uninsured-driver-lawyer-near-me.html,/insights/personal-injury-064-highly-reviewed-uninsured-driver-lawyer-near-me.html,2026-06-19,insight,theaccidentguides.com,content/_live/published_urls.json
https://theindustryguides.com/insights/personal-injury-065-best-workplace-injury-lawyer-near-me.html,/insights/personal-injury-065-best-workplace-injury-lawyer-near-me.html,2026-06-19,insight,theaccidentguides.com,content/_live/published_urls.json
https://theindustryguides.com/insights/personal-injury-066-top-rated-workplace-injury-lawyer-near-me.html,/insights/personal-injury-066-top-rated-workplace-injury-lawyer-near-me.html,2026-06-19,insight,theaccidentguides.com,content/_live/published_urls.json
https://theindustryguides.com/insights/personal-injury-067-affordable-workplace-injury-lawyer-near-me.html,/insights/personal-injury-067-affordable-workplace-injury-lawyer-near-me.html,2026-06-19,insight,theaccidentguides.com,content/_live/published_urls.json
https://theindustryguides.com/insights/personal-injury-068-near-me-workplace-injury-lawyer-near-me.html,/insights/personal-injury-068-near-me-workplace-injury-lawyer-near-me.html,2026-06-19,insight,theaccidentguides.com,content/_live/published_urls.json
https://theindustryguides.com/insights/personal-injury-069-free-consultation-workplace-injury-lawyer-near-me.html,/insights/personal-injury-069-free-consultation-workplace-injury-lawyer-near-me.html,2026-06-19,insight,theaccidentguides.com,content/_live/published_urls.json
https://theindustryguides.com/insights/personal-injury-072-how-much-is-my-whiplash-case-worth-in-florida.html,/insights/personal-injury-072-how-much-is-my-whiplash-case-worth-in-florida.html,2026-06-23,insight,theaccidentguides.com,content/_live/published_urls.json
https://theindustryguides.com/insights/personal-injury-073-what-is-the-average-settlement-for-a-rear-end-collision-with-a-herniat.html,/insights/personal-injury-073-what-is-the-average-settlement-for-a-rear-end-collision-with-a-herniat.html,2026-06-23,insight,theaccidentguides.com,content/_live/published_urls.json
https://theindustryguides.com/insights/personal-injury-074-what-is-the-maximum-payout-for-a-slip-and-fall-at-a-grocery-store.html,/insights/personal-injury-074-what-is-the-maximum-payout-for-a-slip-and-fall-at-a-grocery-store.html,2026-06-23,insight,theaccidentguides.com,content/_live/published_urls.json
https://theindustryguides.com/insights/personal-injury-best-top-near-me-001-how-do-i-find-the-best-personal-injury-lawyer-near-me.html,/insights/personal-injury-best-top-near-me-001-how-do-i-find-the-best-personal-injury-lawyer-near-me.html,2026-06-19,insight,theaccidentguides.com,content/_live/published_urls.json
https://theindustryguides.com/insights/personal-injury-best-top-near-me-002-personal-injury-attorney-recommendations-in-los-angeles.html,/insights/personal-injury-best-top-near-me-002-personal-injury-attorney-recommendations-in-los-angeles.html,2026-06-19,insight,theaccidentguides.com,content/_live/published_urls.json
https://theindustryguides.com/insights/personal-injury-best-top-near-me-003-who-are-the-best-personal-injury-lawyers-in-chicago-illinois.html,/insights/personal-injury-best-top-near-me-003-who-are-the-best-personal-injury-lawyers-in-chicago-illinois.html,2026-06-19,insight,theaccidentguides.com,content/_live/published_urls.json
https://theindustryguides.com/insights/personal-injury-best-top-near-me-004-does-local-experience-matter-when-choosing-a-personal-injury-lawyer.html,/insights/personal-injury-best-top-near-me-004-does-local-experience-matter-when-choosing-a-personal-injury-lawyer.html,2026-06-19,insight,theaccidentguides.com,content/_live/published_urls.json
https://theindustryguides.com/insights/personal-injury-cost-fees-001-how-much-does-a-personal-injury-lawyer-cost-and-how-do-contingency-fee.html,/insights/personal-injury-cost-fees-001-how-much-does-a-personal-injury-lawyer-cost-and-how-do-contingency-fee.html,2026-06-19,insight,theaccidentguides.com,content/_live/published_urls.json
https://theindustryguides.com/insights/personal-injury-cost-fees-002-what-percentage-does-a-personal-injury-lawyer-take.html,/insights/personal-injury-cost-fees-002-what-percentage-does-a-personal-injury-lawyer-take.html,2026-06-19,insight,theaccidentguides.com,content/_live/published_urls.json
https://theindustryguides.com/insights/personal-injury-cost-fees-003-what-do-you-pay-if-you-lose-a-personal-injury-case.html,/insights/personal-injury-cost-fees-003-what-do-you-pay-if-you-lose-a-personal-injury-case.html,2026-06-19,insight,theaccidentguides.com,content/_live/published_urls.json
https://theindustryguides.com/insights/personal-injury-cost-fees-004-how-do-case-expenses-affect-my-settlement-payout.html,/insights/personal-injury-cost-fees-004-how-do-case-expenses-affect-my-settlement-payout.html,2026-06-19,insight,theaccidentguides.com,content/_live/published_urls.json
https://theindustryguides.com/insights/personal-injury-evidence-documents-001-what-evidence-matters-most-after-a-car-accident.html,/insights/personal-injury-evidence-documents-001-what-evidence-matters-most-after-a-car-accident.html,2026-06-19,insight,theaccidentguides.com,content/_live/published_urls.json
https://theindustryguides.com/insights/personal-injury-evidence-documents-002-should-i-send-medical-records-directly-to-insurance.html,/insights/personal-injury-evidence-documents-002-should-i-send-medical-records-directly-to-insurance.html,2026-06-19,insight,theaccidentguides.com,content/_live/published_urls.json
https://theindustryguides.com/insights/personal-injury-evidence-documents-003-what-photos-should-i-keep-after-an-injury-accident.html,/insights/personal-injury-evidence-documents-003-what-photos-should-i-keep-after-an-injury-accident.html,2026-06-19,insight,theaccidentguides.com,content/_live/published_urls.json
https://theindustryguides.com/insights/personal-injury-evidence-documents-004-what-should-i-save-after-a-crash-besides-the-police-report.html,/insights/personal-injury-evidence-documents-004-what-should-i-save-after-a-crash-besides-the-police-report.html,2026-06-19,insight,theaccidentguides.com,content/_live/published_urls.json
https://theindustryguides.com/insights/personal-injury-evidence-documents-005-do-i-need-every-bill-before-talking-to-a-lawyer.html,/insights/personal-injury-evidence-documents-005-do-i-need-every-bill-before-talking-to-a-lawyer.html,2026-06-19,insight,theaccidentguides.com,content/_live/published_urls.json
https://theindustryguides.com/insights/personal-injury-evidence-documents-006-do-photos-really-matter-if-the-crash-seemed-minor.html,/insights/personal-injury-evidence-documents-006-do-photos-really-matter-if-the-crash-seemed-minor.html,2026-06-19,insight,theaccidentguides.com,content/_live/published_urls.json
https://theindustryguides.com/insights/personal-injury-insurance-fault-001-should-i-give-a-recorded-statement-to-the-insurance-company.html,/insights/personal-injury-insurance-fault-001-should-i-give-a-recorded-statement-to-the-insurance-company.html,2026-06-19,insight,theaccidentguides.com,content/_live/published_urls.json
https://theindustryguides.com/insights/personal-injury-insurance-fault-002-what-if-the-insurance-adjuster-calls-me-every-day.html,/insights/personal-injury-insurance-fault-002-what-if-the-insurance-adjuster-calls-me-every-day.html,2026-06-19,insight,theaccidentguides.com,content/_live/published_urls.json
https://theindustryguides.com/insights/personal-injury-insurance-fault-003-can-i-still-recover-money-if-i-was-partly-at-fault.html,/insights/personal-injury-insurance-fault-003-can-i-still-recover-money-if-i-was-partly-at-fault.html,2026-06-19,insight,theaccidentguides.com,content/_live/published_urls.json
https://theindustryguides.com/insights/personal-injury-insurance-fault-004-what-happens-if-the-other-driver-has-no-insurance.html,/insights/personal-injury-insurance-fault-004-what-happens-if-the-other-driver-has-no-insurance.html,2026-06-19,insight,theaccidentguides.com,content/_live/published_urls.json
https://theindustryguides.com/insights/personal-injury-medical-treatment-001-should-i-go-to-urgent-care-or-the-er-after-a-crash.html,/insights/personal-injury-medical-treatment-001-should-i-go-to-urgent-care-or-the-er-after-a-crash.html,2026-06-19,insight,theaccidentguides.com,content/_live/published_urls.json
https://theindustryguides.com/insights/personal-injury-medical-treatment-002-should-i-go-to-the-er-or-urgent-care-after-a-car-accident.html,/insights/personal-injury-medical-treatment-002-should-i-go-to-the-er-or-urgent-care-after-a-car-accident.html,2026-06-19,insight,theaccidentguides.com,content/_live/published_urls.json
https://theindustryguides.com/insights/personal-injury-medical-treatment-003-does-delaying-treatment-hurt-my-injury-claim.html,/insights/personal-injury-medical-treatment-003-does-delaying-treatment-hurt-my-injury-claim.html,2026-06-19,insight,theaccidentguides.com,content/_live/published_urls.json
https://theindustryguides.com/insights/personal-injury-medical-treatment-004-is-it-bad-if-i-waited-a-few-days-to-get-checked-after-a-crash.html,/insights/personal-injury-medical-treatment-004-is-it-bad-if-i-waited-a-few-days-to-get-checked-after-a-crash.html,2026-06-19,insight,theaccidentguides.com,content/_live/published_urls.json
https://theindustryguides.com/insights/personal-injury-medical-treatment-005-can-i-choose-my-own-doctor-after-an-accident.html,/insights/personal-injury-medical-treatment-005-can-i-choose-my-own-doctor-after-an-accident.html,2026-06-19,insight,theaccidentguides.com,content/_live/published_urls.json
https://theindustryguides.com/insights/personal-injury-medical-treatment-006-what-if-i-stopped-treatment-because-of-cost.html,/insights/personal-injury-medical-treatment-006-what-if-i-stopped-treatment-because-of-cost.html,2026-06-19,insight,theaccidentguides.com,content/_live/published_urls.json
https://theindustryguides.com/insights/personal-injury-process-timeline-001-how-long-does-a-personal-injury-case-usually-take.html,/insights/personal-injury-process-timeline-001-how-long-does-a-personal-injury-case-usually-take.html,2026-06-19,insight,theaccidentguides.com,content/_live/published_urls.json
https://theindustryguides.com/insights/personal-injury-process-timeline-002-when-should-i-talk-to-a-lawyer-after-an-accident.html,/insights/personal-injury-process-timeline-002-when-should-i-talk-to-a-lawyer-after-an-accident.html,2026-06-19,insight,theaccidentguides.com,content/_live/published_urls.json
https://theindustryguides.com/insights/personal-injury-process-timeline-003-what-happens-after-i-sign-with-an-injury-lawyer.html,/insights/personal-injury-process-timeline-003-what-happens-after-i-sign-with-an-injury-lawyer.html,2026-06-19,insight,theaccidentguides.com,content/_live/published_urls.json
https://theindustryguides.com/insights/personal-injury-process-timeline-004-how-long-does-settlement-negotiation-usually-last.html,/insights/personal-injury-process-timeline-004-how-long-does-settlement-negotiation-usually-last.html,2026-06-19,insight,theaccidentguides.com,content/_live/published_urls.json
https://theindustryguides.com/insights/personal-injury-q001-how-does-statute-of-limitations-deadlines-work.html,/insights/personal-injury-q001-how-does-statute-of-limitations-deadlines-work.html,2026-06-19,insight,theaccidentguides.com,content/_live/published_urls.json
https://theindustryguides.com/insights/personal-injury-q002-what-should-i-verify-about-statute-of-limitations-deadlines.html,/insights/personal-injury-q002-what-should-i-verify-about-statute-of-limitations-deadlines.html,2026-06-19,insight,theaccidentguides.com,content/_live/published_urls.json
https://theindustryguides.com/insights/personal-injury-q003-what-mistakes-cause-problems-with-statute-of-limitations-deadlines.html,/insights/personal-injury-q003-what-mistakes-cause-problems-with-statute-of-limitations-deadlines.html,2026-06-19,insight,theaccidentguides.com,content/_live/published_urls.json
https://theindustryguides.com/insights/personal-injury-q004-how-should-i-compare-options-involving-statute-of-limitations-deadlines.html,/insights/personal-injury-q004-how-should-i-compare-options-involving-statute-of-limitations-deadlines.html,2026-06-19,insight,theaccidentguides.com,content/_live/published_urls.json
https://theindustryguides.com/insights/personal-injury-q005-when-should-i-talk-to-a-lawyer-about-statute-of-limitations-deadlines.html,/insights/personal-injury-q005-when-should-i-talk-to-a-lawyer-about-statute-of-limitations-deadlines.html,2026-06-19,insight,theaccidentguides.com,content/_live/published_urls.json
https://theindustryguides.com/insights/personal-injury-q006-how-does-comparative-and-contributory-fault-work.html,/insights/personal-injury-q006-how-does-comparative-and-contributory-fault-work.html,2026-06-19,insight,theaccidentguides.com,content/_live/published_urls.json
https://theindustryguides.com/insights/personal-injury-q007-what-should-i-verify-about-comparative-and-contributory-fault.html,/insights/personal-injury-q007-what-should-i-verify-about-comparative-and-contributory-fault.html,2026-06-19,insight,theaccidentguides.com,content/_live/published_urls.json
https://theindustryguides.com/insights/personal-injury-q008-what-mistakes-cause-problems-with-comparative-and-contributory-fault.html,/insights/personal-injury-q008-what-mistakes-cause-problems-with-comparative-and-contributory-fault.html,2026-06-19,insight,theaccidentguides.com,content/_live/published_urls.json
https://theindustryguides.com/insights/personal-injury-q009-how-should-i-compare-options-involving-comparative-and-contributory-fault.html,/insights/personal-injury-q009-how-should-i-compare-options-involving-comparative-and-contributory-fault.html,2026-06-19,insight,theaccidentguides.com,content/_live/published_urls.json
https://theindustryguides.com/insights/personal-injury-q010-when-should-i-talk-to-a-lawyer-about-comparative-and-contributory-fault.html,/insights/personal-injury-q010-when-should-i-talk-to-a-lawyer-about-comparative-and-contributory-fault.html,2026-06-19,insight,theaccidentguides.com,content/_live/published_urls.json
https://theindustryguides.com/insights/personal-injury-q011-how-does-medical-liens-work.html,/insights/personal-injury-q011-how-does-medical-liens-work.html,2026-06-19,insight,theaccidentguides.com,content/_live/published_urls.json
https://theindustryguides.com/insights/personal-injury-q012-what-should-i-verify-about-medical-liens.html,/insights/personal-injury-q012-what-should-i-verify-about-medical-liens.html,2026-06-19,insight,theaccidentguides.com,content/_live/published_urls.json
https://theindustryguides.com/insights/personal-injury-q013-what-mistakes-cause-problems-with-medical-liens.html,/insights/personal-injury-q013-what-mistakes-cause-problems-with-medical-liens.html,2026-06-19,insight,theaccidentguides.com,content/_live/published_urls.json
https://theindustryguides.com/insights/personal-injury-q014-how-should-i-compare-options-involving-medical-liens.html,/insights/personal-injury-q014-how-should-i-compare-options-involving-medical-liens.html,2026-06-19,insight,theaccidentguides.com,content/_live/published_urls.json
https://theindustryguides.com/insights/personal-injury-q015-when-should-i-talk-to-a-lawyer-about-medical-liens.html,/insights/personal-injury-q015-when-should-i-talk-to-a-lawyer-about-medical-liens.html,2026-06-19,insight,theaccidentguides.com,content/_live/published_urls.json
https://theindustryguides.com/insights/personal-injury-q016-how-does-maximum-medical-improvement-work.html,/insights/personal-injury-q016-how-does-maximum-medical-improvement-work.html,2026-06-19,insight,theaccidentguides.com,content/_live/published_urls.json
https://theindustryguides.com/insights/personal-injury-q017-what-should-i-verify-about-maximum-medical-improvement.html,/insights/personal-injury-q017-what-should-i-verify-about-maximum-medical-improvement.html,2026-06-19,insight,theaccidentguides.com,content/_live/published_urls.json
https://theindustryguides.com/insights/personal-injury-q018-what-mistakes-cause-problems-with-maximum-medical-improvement.html,/insights/personal-injury-q018-what-mistakes-cause-problems-with-maximum-medical-improvement.html,2026-06-19,insight,theaccidentguides.com,content/_live/published_urls.json
https://theindustryguides.com/insights/personal-injury-q019-how-should-i-compare-options-involving-maximum-medical-improvement.html,/insights/personal-injury-q019-how-should-i-compare-options-involving-maximum-medical-improvement.html,2026-06-19,insight,theaccidentguides.com,content/_live/published_urls.json
https://theindustryguides.com/insights/personal-injury-q020-when-should-i-talk-to-a-lawyer-about-maximum-medical-improvement.html,/insights/personal-injury-q020-when-should-i-talk-to-a-lawyer-about-maximum-medical-improvement.html,2026-06-19,insight,theaccidentguides.com,content/_live/published_urls.json
https://theindustryguides.com/insights/personal-injury-q021-how-does-evidence-after-an-accident-work.html,/insights/personal-injury-q021-how-does-evidence-after-an-accident-work.html,2026-06-19,insight,theaccidentguides.com,content/_live/published_urls.json
https://theindustryguides.com/insights/personal-injury-q022-what-should-i-verify-about-evidence-after-an-accident.html,/insights/personal-injury-q022-what-should-i-verify-about-evidence-after-an-accident.html,2026-06-19,insight,theaccidentguides.com,content/_live/published_urls.json
https://theindustryguides.com/insights/personal-injury-q023-what-mistakes-cause-problems-with-evidence-after-an-accident.html,/insights/personal-injury-q023-what-mistakes-cause-problems-with-evidence-after-an-accident.html,2026-06-19,insight,theaccidentguides.com,content/_live/published_urls.json
https://theindustryguides.com/insights/personal-injury-q024-how-should-i-compare-options-involving-evidence-after-an-accident.html,/insights/personal-injury-q024-how-should-i-compare-options-involving-evidence-after-an-accident.html,2026-06-19,insight,theaccidentguides.com,content/_live/published_urls.json
https://theindustryguides.com/insights/personal-injury-q025-when-should-i-talk-to-a-lawyer-about-evidence-after-an-accident.html,/insights/personal-injury-q025-when-should-i-talk-to-a-lawyer-about-evidence-after-an-accident.html,2026-06-19,insight,theaccidentguides.com,content/_live/published_urls.json
https://theindustryguides.com/insights/personal-injury-q026-how-does-recorded-insurance-statements-work.html,/insights/personal-injury-q026-how-does-recorded-insurance-statements-work.html,2026-06-19,insight,theaccidentguides.com,content/_live/published_urls.json
https://theindustryguides.com/insights/personal-injury-q027-what-should-i-verify-about-recorded-insurance-statements.html,/insights/personal-injury-q027-what-should-i-verify-about-recorded-insurance-statements.html,2026-06-19,insight,theaccidentguides.com,content/_live/published_urls.json
https://theindustryguides.com/insights/personal-injury-q028-what-mistakes-cause-problems-with-recorded-insurance-statements.html,/insights/personal-injury-q028-what-mistakes-cause-problems-with-recorded-insurance-statements.html,2026-06-19,insight,theaccidentguides.com,content/_live/published_urls.json
https://theindustryguides.com/insights/personal-injury-q029-how-should-i-compare-options-involving-recorded-insurance-statements.html,/insights/personal-injury-q029-how-should-i-compare-options-involving-recorded-insurance-statements.html,2026-06-19,insight,theaccidentguides.com,content/_live/published_urls.json
https://theindustryguides.com/insights/personal-injury-q030-when-should-i-talk-to-a-lawyer-about-recorded-insurance-statements.html,/insights/personal-injury-q030-when-should-i-talk-to-a-lawyer-about-recorded-insurance-statements.html,2026-06-19,insight,theaccidentguides.com,content/_live/published_urls.json
https://theindustryguides.com/insights/personal-injury-q031-how-does-settlement-demand-and-negotiation-work.html,/insights/personal-injury-q031-how-does-settlement-demand-and-negotiation-work.html,2026-06-19,insight,theaccidentguides.com,content/_live/published_urls.json
https://theindustryguides.com/insights/personal-injury-q032-what-should-i-verify-about-settlement-demand-and-negotiation.html,/insights/personal-injury-q032-what-should-i-verify-about-settlement-demand-and-negotiation.html,2026-06-19,insight,theaccidentguides.com,content/_live/published_urls.json
https://theindustryguides.com/insights/personal-injury-q033-what-mistakes-cause-problems-with-settlement-demand-and-negotiation.html,/insights/personal-injury-q033-what-mistakes-cause-problems-with-settlement-demand-and-negotiation.html,2026-06-19,insight,theaccidentguides.com,content/_live/published_urls.json
https://theindustryguides.com/insights/personal-injury-q034-how-should-i-compare-options-involving-settlement-demand-and-negotiation.html,/insights/personal-injury-q034-how-should-i-compare-options-involving-settlement-demand-and-negotiation.html,2026-06-19,insight,theaccidentguides.com,content/_live/published_urls.json
https://theindustryguides.com/insights/personal-injury-q035-when-should-i-talk-to-a-lawyer-about-settlement-demand-and-negotiation.html,/insights/personal-injury-q035-when-should-i-talk-to-a-lawyer-about-settlement-demand-and-negotiation.html,2026-06-19,insight,theaccidentguides.com,content/_live/published_urls.json
https://theindustryguides.com/insights/personal-injury-q036-how-does-contingency-fees-and-case-costs-work.html,/insights/personal-injury-q036-how-does-contingency-fees-and-case-costs-work.html,2026-06-19,insight,theaccidentguides.com,content/_live/published_urls.json
https://theindustryguides.com/insights/personal-injury-q037-what-should-i-verify-about-contingency-fees-and-case-costs.html,/insights/personal-injury-q037-what-should-i-verify-about-contingency-fees-and-case-costs.html,2026-06-19,insight,theaccidentguides.com,content/_live/published_urls.json
https://theindustryguides.com/insights/personal-injury-q038-what-mistakes-cause-problems-with-contingency-fees-and-case-costs.html,/insights/personal-injury-q038-what-mistakes-cause-problems-with-contingency-fees-and-case-costs.html,2026-06-19,insight,theaccidentguides.com,content/_live/published_urls.json
https://theindustryguides.com/insights/personal-injury-q039-how-should-i-compare-options-involving-contingency-fees-and-case-costs.html,/insights/personal-injury-q039-how-should-i-compare-options-involving-contingency-fees-and-case-costs.html,2026-06-19,insight,theaccidentguides.com,content/_live/published_urls.json
https://theindustryguides.com/insights/personal-injury-q040-when-should-i-talk-to-a-lawyer-about-contingency-fees-and-case-costs.html,/insights/personal-injury-q040-when-should-i-talk-to-a-lawyer-about-contingency-fees-and-case-costs.html,2026-06-19,insight,theaccidentguides.com,content/_live/published_urls.json
https://theindustryguides.com/insights/personal-injury-q041-how-does-workers-compensation-overlap-work.html,/insights/personal-injury-q041-how-does-workers-compensation-overlap-work.html,2026-06-19,insight,theaccidentguides.com,content/_live/published_urls.json
https://theindustryguides.com/insights/personal-injury-q042-what-should-i-verify-about-workers-compensation-overlap.html,/insights/personal-injury-q042-what-should-i-verify-about-workers-compensation-overlap.html,2026-06-19,insight,theaccidentguides.com,content/_live/published_urls.json
https://theindustryguides.com/insights/personal-injury-q043-what-mistakes-cause-problems-with-workers-compensation-overlap.html,/insights/personal-injury-q043-what-mistakes-cause-problems-with-workers-compensation-overlap.html,2026-06-19,insight,theaccidentguides.com,content/_live/published_urls.json
https://theindustryguides.com/insights/personal-injury-q044-how-should-i-compare-options-involving-workers-compensation-overlap.html,/insights/personal-injury-q044-how-should-i-compare-options-involving-workers-compensation-overlap.html,2026-06-19,insight,theaccidentguides.com,content/_live/published_urls.json
https://theindustryguides.com/insights/personal-injury-q045-when-should-i-talk-to-a-lawyer-about-workers-compensation-overlap.html,/insights/personal-injury-q045-when-should-i-talk-to-a-lawyer-about-workers-compensation-overlap.html,2026-06-19,insight,theaccidentguides.com,content/_live/published_urls.json
https://theindustryguides.com/insights/personal-injury-q046-how-does-wrongful-death-claims-work.html,/insights/personal-injury-q046-how-does-wrongful-death-claims-work.html,2026-06-19,insight,theaccidentguides.com,content/_live/published_urls.json
https://theindustryguides.com/insights/personal-injury-q047-what-should-i-verify-about-wrongful-death-claims.html,/insights/personal-injury-q047-what-should-i-verify-about-wrongful-death-claims.html,2026-06-19,insight,theaccidentguides.com,content/_live/published_urls.json
https://theindustryguides.com/insights/personal-injury-q048-what-mistakes-cause-problems-with-wrongful-death-claims.html,/insights/personal-injury-q048-what-mistakes-cause-problems-with-wrongful-death-claims.html,2026-06-19,insight,theaccidentguides.com,content/_live/published_urls.json
https://theindustryguides.com/insights/personal-injury-q049-how-should-i-compare-options-involving-wrongful-death-claims.html,/insights/personal-injury-q049-how-should-i-compare-options-involving-wrongful-death-claims.html,2026-06-19,insight,theaccidentguides.com,content/_live/published_urls.json
https://theindustryguides.com/insights/personal-injury-q050-when-should-i-talk-to-a-lawyer-about-wrongful-death-claims.html,/insights/personal-injury-q050-when-should-i-talk-to-a-lawyer-about-wrongful-death-claims.html,2026-06-19,insight,theaccidentguides.com,content/_live/published_urls.json
https://theindustryguides.com/insights/personal-injury-questions-to-ask-001-what-questions-should-i-ask-during-a-free-consultation-with-a-personal.html,/insights/personal-injury-questions-to-ask-001-what-questions-should-i-ask-during-a-free-consultation-with-a-personal.html,2026-06-19,insight,theaccidentguides.com,content/_live/published_urls.json
https://theindustryguides.com/insights/personal-injury-questions-to-ask-002-what-should-i-ask-a-lawyer-before-signing-a-contingency-agreement.html,/insights/personal-injury-questions-to-ask-002-what-should-i-ask-a-lawyer-before-signing-a-contingency-agreement.html,2026-06-19,insight,theaccidentguides.com,content/_live/published_urls.json
https://theindustryguides.com/insights/personal-injury-questions-to-ask-003-what-should-i-ask-if-two-injury-lawyers-give-different-advice.html,/insights/personal-injury-questions-to-ask-003-what-should-i-ask-if-two-injury-lawyers-give-different-advice.html,2026-06-19,insight,theaccidentguides.com,content/_live/published_urls.json
https://theindustryguides.com/insights/personal-injury-questions-to-ask-004-what-should-i-ask-about-communication-and-updates-before-hiring-a-law-.html,/insights/personal-injury-questions-to-ask-004-what-should-i-ask-about-communication-and-updates-before-hiring-a-law-.html,2026-06-19,insight,theaccidentguides.com,content/_live/published_urls.json
https://theindustryguides.com/insights/personal-injury-settlement-offers-001-car-crash-settlement-how-much-should-i-expect.html,/insights/personal-injury-settlement-offers-001-car-crash-settlement-how-much-should-i-expect.html,2026-06-19,insight,theaccidentguides.com,content/_live/published_urls.json
https://theindustryguides.com/insights/personal-injury-settlement-offers-002-how-do-i-know-if-a-personal-injury-settlement-offer-is-fair.html,/insights/personal-injury-settlement-offers-002-how-do-i-know-if-a-personal-injury-settlement-offer-is-fair.html,2026-06-19,insight,theaccidentguides.com,content/_live/published_urls.json
https://theindustryguides.com/insights/personal-injury-settlement-offers-003-should-i-accept-the-first-settlement-offer.html,/insights/personal-injury-settlement-offers-003-should-i-accept-the-first-settlement-offer.html,2026-06-19,insight,theaccidentguides.com,content/_live/published_urls.json
https://theindustryguides.com/insights/personal-injury-settlement-offers-004-insurance-offered-me-money-fast-should-i-take-it.html,/insights/personal-injury-settlement-offers-004-insurance-offered-me-money-fast-should-i-take-it.html,2026-06-19,insight,theaccidentguides.com,content/_live/published_urls.json
https://theindustryguides.com/insights/personal-injury-settlement-offers-005-how-do-i-know-if-an-injury-settlement-offer-is-too-low.html,/insights/personal-injury-settlement-offers-005-how-do-i-know-if-an-injury-settlement-offer-is-too-low.html,2026-06-19,insight,theaccidentguides.com,content/_live/published_urls.json
https://theindustryguides.com/insights/personal-injury-settlement-offers-006-how-do-insurance-companies-calculate-pain-and-suffering.html,/insights/personal-injury-settlement-offers-006-how-do-insurance-companies-calculate-pain-and-suffering.html,2026-06-19,insight,theaccidentguides.com,content/_live/published_urls.json
https://theindustryguides.com/insights/personal-injury-settlement-offers-007-when-does-negotiation-usually-start-in-an-injury-case.html,/insights/personal-injury-settlement-offers-007-when-does-negotiation-usually-start-in-an-injury-case.html,2026-06-19,insight,theaccidentguides.com,content/_live/published_urls.json
https://theindustryguides.com/insights/personal-injury-settlement-offers-008-can-i-reopen-a-case-after-i-sign-a-release.html,/insights/personal-injury-settlement-offers-008-can-i-reopen-a-case-after-i-sign-a-release.html,2026-06-19,insight,theaccidentguides.com,content/_live/published_urls.json
https://theindustryguides.com/insights/personal-injury-situations-001-can-i-file-a-personal-injury-claim-for-a-slip-and-fall-at-a-grocery-st.html,/insights/personal-injury-situations-001-can-i-file-a-personal-injury-claim-for-a-slip-and-fall-at-a-grocery-st.html,2026-06-19,insight,theaccidentguides.com,content/_live/published_urls.json
https://theindustryguides.com/insights/personal-injury-situations-002-suing-for-severe-car-accident-after-severe-injuries.html,/insights/personal-injury-situations-002-suing-for-severe-car-accident-after-severe-injuries.html,2026-06-19,insight,theaccidentguides.com,content/_live/published_urls.json
https://theindustryguides.com/insights/personal-injury-situations-003-can-i-sue-if-i-was-hurt-in-a-parking-lot-crash.html,/insights/personal-injury-situations-003-can-i-sue-if-i-was-hurt-in-a-parking-lot-crash.html,2026-06-19,insight,theaccidentguides.com,content/_live/published_urls.json
https://theindustryguides.com/insights/personal-injury-situations-004-can-i-still-have-a-claim-if-my-injuries-showed-up-later.html,/insights/personal-injury-situations-004-can-i-still-have-a-claim-if-my-injuries-showed-up-later.html,2026-06-19,insight,theaccidentguides.com,content/_live/published_urls.json
https://theindustryguides.com/insights/personal-injury-switching-lawyers-001-dropping-my-pi-lawyer.html,/insights/personal-injury-switching-lawyers-001-dropping-my-pi-lawyer.html,2026-06-19,insight,theaccidentguides.com,content/_live/published_urls.json
https://theindustryguides.com/insights/personal-injury-switching-lawyers-002-can-i-fire-my-personal-injury-lawyer-and-hire-a-new-one.html,/insights/personal-injury-switching-lawyers-002-can-i-fire-my-personal-injury-lawyer-and-hire-a-new-one.html,2026-06-19,insight,theaccidentguides.com,content/_live/published_urls.json
https://theindustryguides.com/insights/personal-injury-switching-lawyers-003-what-happens-to-the-fee-if-i-switch-injury-lawyers-mid-case.html,/insights/personal-injury-switching-lawyers-003-what-happens-to-the-fee-if-i-switch-injury-lawyers-mid-case.html,2026-06-19,insight,theaccidentguides.com,content/_live/published_urls.json
https://theindustryguides.com/insights/personal-injury-switching-lawyers-004-is-it-too-late-to-switch-lawyers-before-settlement-or-trial.html,/insights/personal-injury-switching-lawyers-004-is-it-too-late-to-switch-lawyers-before-settlement-or-trial.html,2026-06-19,insight,theaccidentguides.com,content/_live/published_urls.json
https://theindustryguides.com/insights/personal-injury-trust-red-flags-001-what-are-red-flags-to-watch-out-for-when-hiring-a-personal-injury-lawy.html,/insights/personal-injury-trust-red-flags-001-what-are-red-flags-to-watch-out-for-when-hiring-a-personal-injury-lawy.html,2026-06-19,insight,theaccidentguides.com,content/_live/published_urls.json
https://theindustryguides.com/insights/personal-injury-trust-red-flags-002-how-do-i-tell-if-a-personal-injury-lawyer-is-legit.html,/insights/personal-injury-trust-red-flags-002-how-do-i-tell-if-a-personal-injury-lawyer-is-legit.html,2026-06-19,insight,theaccidentguides.com,content/_live/published_urls.json
https://theindustryguides.com/insights/personal-injury-trust-red-flags-003-what-matters-more-than-reviews-when-comparing-injury-lawyers.html,/insights/personal-injury-trust-red-flags-003-what-matters-more-than-reviews-when-comparing-injury-lawyers.html,2026-06-19,insight,theaccidentguides.com,content/_live/published_urls.json
https://theindustryguides.com/insights/personal-injury-trust-red-flags-004-how-do-i-verify-a-personal-injury-lawyer-before-signing.html,/insights/personal-injury-trust-red-flags-004-how-do-i-verify-a-personal-injury-lawyer-before-signing.html,2026-06-19,insight,theaccidentguides.com,content/_live/published_urls.json
https://theindustryguides.com/insights/trt-001-the-industry-guides-trt-clinic-evaluation-framework.html,/insights/trt-001-the-industry-guides-trt-clinic-evaluation-framework.html,2026-06-19,insight,hormonesivhair.com,content/_live/published_urls.json
https://theindustryguides.com/insights/trt-002-how-to-compare-trt-clinics-in-2026.html,/insights/trt-002-how-to-compare-trt-clinics-in-2026.html,2026-06-19,insight,hormonesivhair.com,content/_live/published_urls.json
https://theindustryguides.com/insights/trt-003-how-to-compare-local-options-using-a-real-decision-checklist.html,/insights/trt-003-how-to-compare-local-options-using-a-real-decision-checklist.html,2026-06-19,insight,hormonesivhair.com,content/_live/published_urls.json
https://theindustryguides.com/insights/trt-004-what-to-verify-before-starting-testosterone-treatment.html,/insights/trt-004-what-to-verify-before-starting-testosterone-treatment.html,2026-06-19,insight,hormonesivhair.com,content/_live/published_urls.json
https://theindustryguides.com/insights/trt-005-how-to-compare-pricing-without-walking-into-the-wrong-fit.html,/insights/trt-005-how-to-compare-pricing-without-walking-into-the-wrong-fit.html,2026-06-19,insight,hormonesivhair.com,content/_live/published_urls.json
https://theindustryguides.com/insights/trt-006-online-trt-vs-local-clinic-which-is-safer.html,/insights/trt-006-online-trt-vs-local-clinic-which-is-safer.html,2026-06-19,insight,hormonesivhair.com,content/_live/published_urls.json
https://theindustryguides.com/insights/trt-007-trt-side-effects-what-to-watch-for.html,/insights/trt-007-trt-side-effects-what-to-watch-for.html,2026-06-19,insight,hormonesivhair.com,content/_live/published_urls.json
https://theindustryguides.com/insights/trt-008-how-to-choose-a-trt-provider.html,/insights/trt-008-how-to-choose-a-trt-provider.html,2026-06-19,insight,hormonesivhair.com,content/_live/published_urls.json
https://theindustryguides.com/insights/trt-009-trt-monitoring-what-labs-matter.html,/insights/trt-009-trt-monitoring-what-labs-matter.html,2026-06-19,insight,hormonesivhair.com,content/_live/published_urls.json
https://theindustryguides.com/insights/trt-010-how-to-choose-the-right-clinician-for-hair-loss-treatment.html,/insights/trt-010-how-to-choose-the-right-clinician-for-hair-loss-treatment.html,2026-06-19,insight,hormonesivhair.com,content/_live/published_urls.json
https://theindustryguides.com/insights/trt-011-is-trt-a-scam-red-flags.html,/insights/trt-011-is-trt-a-scam-red-flags.html,2026-06-19,insight,hormonesivhair.com,content/_live/published_urls.json
https://theindustryguides.com/insights/trt-012-how-much-does-trt-cost.html,/insights/trt-012-how-much-does-trt-cost.html,2026-06-19,insight,hormonesivhair.com,content/_live/published_urls.json
https://theindustryguides.com/insights/trt-013-does-insurance-cover-trt.html,/insights/trt-013-does-insurance-cover-trt.html,2026-06-19,insight,hormonesivhair.com,content/_live/published_urls.json
https://theindustryguides.com/insights/trt-014-how-to-compare-local-trt-clinics-before-you-enroll.html,/insights/trt-014-how-to-compare-local-trt-clinics-before-you-enroll.html,2026-06-19,insight,hormonesivhair.com,content/_live/published_urls.json
https://theindustryguides.com/insights/trt-015-endocrinologist-for-trt-when-to-choose.html,/insights/trt-015-endocrinologist-for-trt-when-to-choose.html,2026-06-19,insight,hormonesivhair.com,content/_live/published_urls.json
https://theindustryguides.com/insights/trt-016-primary-care-for-low-testosterone-when-it-works.html,/insights/trt-016-primary-care-for-low-testosterone-when-it-works.html,2026-06-19,insight,hormonesivhair.com,content/_live/published_urls.json
https://theindustryguides.com/insights/trt-017-what-labs-should-a-provider-order-first.html,/insights/trt-017-what-labs-should-a-provider-order-first.html,2026-06-19,insight,hormonesivhair.com,content/_live/published_urls.json
https://theindustryguides.com/insights/trt-018-what-monitoring-should-happen-every-few-months.html,/insights/trt-018-what-monitoring-should-happen-every-few-months.html,2026-06-19,insight,hormonesivhair.com,content/_live/published_urls.json
https://theindustryguides.com/insights/trt-019-trt-and-fertility-what-to-ask.html,/insights/trt-019-trt-and-fertility-what-to-ask.html,2026-06-19,insight,hormonesivhair.com,content/_live/published_urls.json
https://theindustryguides.com/insights/trt-020-trt-and-sleep-apnea-what-to-ask.html,/insights/trt-020-trt-and-sleep-apnea-what-to-ask.html,2026-06-19,insight,hormonesivhair.com,content/_live/published_urls.json
https://theindustryguides.com/insights/trt-021-trt-and-blood-pressure-what-to-ask.html,/insights/trt-021-trt-and-blood-pressure-what-to-ask.html,2026-06-19,insight,hormonesivhair.com,content/_live/published_urls.json
https://theindustryguides.com/insights/trt-022-trt-injections-vs-gel-how-to-decide.html,/insights/trt-022-trt-injections-vs-gel-how-to-decide.html,2026-06-19,insight,hormonesivhair.com,content/_live/published_urls.json
https://theindustryguides.com/insights/trt-023-how-to-switch-trt-providers-safely.html,/insights/trt-023-how-to-switch-trt-providers-safely.html,2026-06-19,insight,hormonesivhair.com,content/_live/published_urls.json
https://theindustryguides.com/insights/trt-024-how-to-avoid-trt-upsells.html,/insights/trt-024-how-to-avoid-trt-upsells.html,2026-06-19,insight,hormonesivhair.com,content/_live/published_urls.json
https://theindustryguides.com/insights/trt-025-hair-loss-trt-what-to-ask-your-provider.html,/insights/trt-025-hair-loss-trt-what-to-ask-your-provider.html,2026-06-19,insight,hormonesivhair.com,content/_live/published_urls.json
https://theindustryguides.com/insights/trt-026-how-to-check-a-clinic-s-credentials.html,/insights/trt-026-how-to-check-a-clinic-s-credentials.html,2026-06-19,insight,hormonesivhair.com,content/_live/published_urls.json
https://theindustryguides.com/insights/trt-027-trt-pricing-how-to-compare-quotes.html,/insights/trt-027-trt-pricing-how-to-compare-quotes.html,2026-06-19,insight,hormonesivhair.com,content/_live/published_urls.json
https://theindustryguides.com/insights/trt-028-peptide-clinic-near-me-what-matters-before-you-book.html,/insights/trt-028-peptide-clinic-near-me-what-matters-before-you-book.html,2026-06-19,insight,hormonesivhair.com,content/_live/published_urls.json
https://theindustryguides.com/insights/trt-029-peptides-vs-trt-what-changes-in-real-life.html,/insights/trt-029-peptides-vs-trt-what-changes-in-real-life.html,2026-06-19,insight,hormonesivhair.com,content/_live/published_urls.json
https://theindustryguides.com/insights/trt-030-peptide-clinics-how-to-spot-the-good-fit-versus-the-bad-fit.html,/insights/trt-030-peptide-clinics-how-to-spot-the-good-fit-versus-the-bad-fit.html,2026-06-19,insight,hormonesivhair.com,content/_live/published_urls.json
https://theindustryguides.com/insights/trt-031-safe-minoxidil-plan-near-me.html,/insights/trt-031-safe-minoxidil-plan-near-me.html,2026-06-19,insight,hormonesivhair.com,content/_live/published_urls.json
https://theindustryguides.com/insights/trt-032-clinic-vs-doctor-minoxidil-plan-near-me.html,/insights/trt-032-clinic-vs-doctor-minoxidil-plan-near-me.html,2026-06-19,insight,hormonesivhair.com,content/_live/published_urls.json
https://theindustryguides.com/insights/trt-033-online-vs-local-minoxidil-plan-near-me.html,/insights/trt-033-online-vs-local-minoxidil-plan-near-me.html,2026-06-19,insight,hormonesivhair.com,content/_live/published_urls.json
https://theindustryguides.com/insights/trt-034-highly-reviewed-minoxidil-plan-near-me.html,/insights/trt-034-highly-reviewed-minoxidil-plan-near-me.html,2026-06-19,insight,hormonesivhair.com,content/_live/published_urls.json
https://theindustryguides.com/insights/trt-035-fast-appointment-minoxidil-plan-near-me.html,/insights/trt-035-fast-appointment-minoxidil-plan-near-me.html,2026-06-19,insight,hormonesivhair.com,content/_live/published_urls.json
https://theindustryguides.com/insights/trt-036-best-trt-clinic-near-me.html,/insights/trt-036-best-trt-clinic-near-me.html,2026-06-19,insight,hormonesivhair.com,content/_live/published_urls.json
https://theindustryguides.com/insights/trt-037-top-rated-trt-clinic-near-me.html,/insights/trt-037-top-rated-trt-clinic-near-me.html,2026-06-19,insight,hormonesivhair.com,content/_live/published_urls.json
https://theindustryguides.com/insights/trt-038-affordable-trt-clinic-near-me.html,/insights/trt-038-affordable-trt-clinic-near-me.html,2026-06-19,insight,hormonesivhair.com,content/_live/published_urls.json
https://theindustryguides.com/insights/trt-039-near-me-trt-clinic-near-me.html,/insights/trt-039-near-me-trt-clinic-near-me.html,2026-06-19,insight,hormonesivhair.com,content/_live/published_urls.json
https://theindustryguides.com/insights/trt-040-trusted-trt-clinic-near-me.html,/insights/trt-040-trusted-trt-clinic-near-me.html,2026-06-19,insight,hormonesivhair.com,content/_live/published_urls.json
https://theindustryguides.com/insights/trt-041-safe-trt-clinic-near-me.html,/insights/trt-041-safe-trt-clinic-near-me.html,2026-06-19,insight,hormonesivhair.com,content/_live/published_urls.json
https://theindustryguides.com/insights/trt-042-near-me-hair-transplant-near-me.html,/insights/trt-042-near-me-hair-transplant-near-me.html,2026-06-19,insight,hormonesivhair.com,content/_live/published_urls.json
https://theindustryguides.com/insights/trt-043-trusted-hair-transplant-near-me.html,/insights/trt-043-trusted-hair-transplant-near-me.html,2026-06-19,insight,hormonesivhair.com,content/_live/published_urls.json
https://theindustryguides.com/insights/trt-044-safe-hair-transplant-near-me.html,/insights/trt-044-safe-hair-transplant-near-me.html,2026-06-19,insight,hormonesivhair.com,content/_live/published_urls.json
https://theindustryguides.com/insights/trt-045-clinic-vs-doctor-hair-transplant-near-me.html,/insights/trt-045-clinic-vs-doctor-hair-transplant-near-me.html,2026-06-19,insight,hormonesivhair.com,content/_live/published_urls.json
https://theindustryguides.com/insights/trt-046-online-vs-local-hair-transplant-near-me.html,/insights/trt-046-online-vs-local-hair-transplant-near-me.html,2026-06-19,insight,hormonesivhair.com,content/_live/published_urls.json
https://theindustryguides.com/insights/trt-047-highly-reviewed-hair-transplant-near-me.html,/insights/trt-047-highly-reviewed-hair-transplant-near-me.html,2026-06-19,insight,hormonesivhair.com,content/_live/published_urls.json
https://theindustryguides.com/insights/trt-048-fast-appointment-hair-transplant-near-me.html,/insights/trt-048-fast-appointment-hair-transplant-near-me.html,2026-06-19,insight,hormonesivhair.com,content/_live/published_urls.json
https://theindustryguides.com/insights/trt-049-best-finasteride-consult-near-me.html,/insights/trt-049-best-finasteride-consult-near-me.html,2026-06-19,insight,hormonesivhair.com,content/_live/published_urls.json
https://theindustryguides.com/insights/trt-050-top-rated-finasteride-consult-near-me.html,/insights/trt-050-top-rated-finasteride-consult-near-me.html,2026-06-19,insight,hormonesivhair.com,content/_live/published_urls.json
https://theindustryguides.com/insights/trt-051-affordable-finasteride-consult-near-me.html,/insights/trt-051-affordable-finasteride-consult-near-me.html,2026-06-19,insight,hormonesivhair.com,content/_live/published_urls.json
https://theindustryguides.com/insights/trt-052-near-me-finasteride-consult-near-me.html,/insights/trt-052-near-me-finasteride-consult-near-me.html,2026-06-19,insight,hormonesivhair.com,content/_live/published_urls.json
https://theindustryguides.com/insights/trt-053-trusted-finasteride-consult-near-me.html,/insights/trt-053-trusted-finasteride-consult-near-me.html,2026-06-19,insight,hormonesivhair.com,content/_live/published_urls.json
https://theindustryguides.com/insights/trt-054-safe-finasteride-consult-near-me.html,/insights/trt-054-safe-finasteride-consult-near-me.html,2026-06-19,insight,hormonesivhair.com,content/_live/published_urls.json
https://theindustryguides.com/insights/trt-055-clinic-vs-doctor-finasteride-consult-near-me.html,/insights/trt-055-clinic-vs-doctor-finasteride-consult-near-me.html,2026-06-19,insight,hormonesivhair.com,content/_live/published_urls.json
https://theindustryguides.com/insights/trt-056-online-vs-local-finasteride-consult-near-me.html,/insights/trt-056-online-vs-local-finasteride-consult-near-me.html,2026-06-19,insight,hormonesivhair.com,content/_live/published_urls.json
https://theindustryguides.com/insights/trt-057-highly-reviewed-finasteride-consult-near-me.html,/insights/trt-057-highly-reviewed-finasteride-consult-near-me.html,2026-06-19,insight,hormonesivhair.com,content/_live/published_urls.json
https://theindustryguides.com/insights/trt-058-fast-appointment-finasteride-consult-near-me.html,/insights/trt-058-fast-appointment-finasteride-consult-near-me.html,2026-06-19,insight,hormonesivhair.com,content/_live/published_urls.json
https://theindustryguides.com/insights/trt-059-best-minoxidil-plan-near-me.html,/insights/trt-059-best-minoxidil-plan-near-me.html,2026-06-19,insight,hormonesivhair.com,content/_live/published_urls.json
https://theindustryguides.com/insights/trt-060-top-rated-minoxidil-plan-near-me.html,/insights/trt-060-top-rated-minoxidil-plan-near-me.html,2026-06-19,insight,hormonesivhair.com,content/_live/published_urls.json
https://theindustryguides.com/insights/trt-061-affordable-minoxidil-plan-near-me.html,/insights/trt-061-affordable-minoxidil-plan-near-me.html,2026-06-19,insight,hormonesivhair.com,content/_live/published_urls.json
https://theindustryguides.com/insights/trt-062-near-me-minoxidil-plan-near-me.html,/insights/trt-062-near-me-minoxidil-plan-near-me.html,2026-06-19,insight,hormonesivhair.com,content/_live/published_urls.json
https://theindustryguides.com/insights/trt-063-trusted-minoxidil-plan-near-me.html,/insights/trt-063-trusted-minoxidil-plan-near-me.html,2026-06-19,insight,hormonesivhair.com,content/_live/published_urls.json
https://theindustryguides.com/insights/trt-064-safe-minoxidil-plan-near-me.html,/insights/trt-064-safe-minoxidil-plan-near-me.html,2026-06-19,insight,hormonesivhair.com,content/_live/published_urls.json
https://theindustryguides.com/insights/trt-065-clinic-vs-doctor-minoxidil-plan-near-me.html,/insights/trt-065-clinic-vs-doctor-minoxidil-plan-near-me.html,2026-06-19,insight,hormonesivhair.com,content/_live/published_urls.json
https://theindustryguides.com/insights/trt-best-top-near-me-001-how-to-choose-a-trt-provider.html,/insights/trt-best-top-near-me-001-how-to-choose-a-trt-provider.html,2026-06-19,insight,hormonesivhair.com,content/_live/published_urls.json
https://theindustryguides.com/insights/trt-best-top-near-me-002-how-to-evaluate-a-trt-clinic-before-you-start-treatment.html,/insights/trt-best-top-near-me-002-how-to-evaluate-a-trt-clinic-before-you-start-treatment.html,2026-06-19,insight,hormonesivhair.com,content/_live/published_urls.json
https://theindustryguides.com/insights/trt-best-top-near-me-003-how-to-compare-local-trt-clinics-without-relying-on-hype.html,/insights/trt-best-top-near-me-003-how-to-compare-local-trt-clinics-without-relying-on-hype.html,2026-06-19,insight,hormonesivhair.com,content/_live/published_urls.json
https://theindustryguides.com/insights/trt-best-top-near-me-004-how-to-compare-local-options-using-a-real-decision-checklist.html,/insights/trt-best-top-near-me-004-how-to-compare-local-options-using-a-real-decision-checklist.html,2026-06-19,insight,hormonesivhair.com,content/_live/published_urls.json
https://theindustryguides.com/insights/trt-best-top-near-me-005-how-to-choose-the-right-clinician-for-testosterone-treatment.html,/insights/trt-best-top-near-me-005-how-to-choose-the-right-clinician-for-testosterone-treatment.html,2026-06-19,insight,hormonesivhair.com,content/_live/published_urls.json
https://theindustryguides.com/insights/trt-best-top-near-me-006-how-to-compare-local-trt-clinics-before-you-enroll.html,/insights/trt-best-top-near-me-006-how-to-compare-local-trt-clinics-before-you-enroll.html,2026-06-19,insight,hormonesivhair.com,content/_live/published_urls.json
https://theindustryguides.com/insights/trt-best-top-near-me-007-how-to-compare-trt-pricing-without-skipping-safety.html,/insights/trt-best-top-near-me-007-how-to-compare-trt-pricing-without-skipping-safety.html,2026-06-19,insight,hormonesivhair.com,content/_live/published_urls.json
https://theindustryguides.com/insights/trt-best-top-near-me-008-how-to-verify-trt-coverage-and-out-of-pocket-costs.html,/insights/trt-best-top-near-me-008-how-to-verify-trt-coverage-and-out-of-pocket-costs.html,2026-06-19,insight,hormonesivhair.com,content/_live/published_urls.json
https://theindustryguides.com/insights/trt-best-top-near-me-009-men-s-health-clinic-trt-is-it-legit.html,/insights/trt-best-top-near-me-009-men-s-health-clinic-trt-is-it-legit.html,2026-06-19,insight,hormonesivhair.com,content/_live/published_urls.json
https://theindustryguides.com/insights/trt-best-top-near-me-010-endocrinologist-vs-trt-clinic-who-to-choose.html,/insights/trt-best-top-near-me-010-endocrinologist-vs-trt-clinic-who-to-choose.html,2026-06-19,insight,hormonesivhair.com,content/_live/published_urls.json
https://theindustryguides.com/insights/trt-best-top-near-me-011-primary-care-doctor-for-trt-is-it-enough.html,/insights/trt-best-top-near-me-011-primary-care-doctor-for-trt-is-it-enough.html,2026-06-19,insight,hormonesivhair.com,content/_live/published_urls.json
https://theindustryguides.com/insights/trt-best-top-near-me-012-how-to-compare-clinics-for-low-testosterone-care.html,/insights/trt-best-top-near-me-012-how-to-compare-clinics-for-low-testosterone-care.html,2026-06-19,insight,hormonesivhair.com,content/_live/published_urls.json
https://theindustryguides.com/insights/trt-best-top-near-me-017-how-to-compare-trt-clinics.html,/insights/trt-best-top-near-me-017-how-to-compare-trt-clinics.html,2026-06-19,insight,hormonesivhair.com,content/_live/published_urls.json
https://theindustryguides.com/insights/trt-best-top-near-me-018-what-makes-a-trt-clinic-trustworthy.html,/insights/trt-best-top-near-me-018-what-makes-a-trt-clinic-trustworthy.html,2026-06-19,insight,hormonesivhair.com,content/_live/published_urls.json
https://theindustryguides.com/insights/trt-best-top-near-me-019-trt-reviews-what-matters.html,/insights/trt-best-top-near-me-019-trt-reviews-what-matters.html,2026-06-19,insight,hormonesivhair.com,content/_live/published_urls.json
https://theindustryguides.com/insights/trt-best-top-near-me-020-trt-telehealth-is-it-safe.html,/insights/trt-best-top-near-me-020-trt-telehealth-is-it-safe.html,2026-06-19,insight,hormonesivhair.com,content/_live/published_urls.json
https://theindustryguides.com/insights/trt-best-top-near-me-021-fast-trt-start-is-it-a-red-flag.html,/insights/trt-best-top-near-me-021-fast-trt-start-is-it-a-red-flag.html,2026-06-19,insight,hormonesivhair.com,content/_live/published_urls.json
https://theindustryguides.com/insights/trt-best-top-near-me-022-trt-without-labs-red-flag.html,/insights/trt-best-top-near-me-022-trt-without-labs-red-flag.html,2026-06-19,insight,hormonesivhair.com,content/_live/published_urls.json
https://theindustryguides.com/insights/trt-best-top-near-me-023-trt-with-very-high-doses-red-flag.html,/insights/trt-best-top-near-me-023-trt-with-very-high-doses-red-flag.html,2026-06-19,insight,hormonesivhair.com,content/_live/published_urls.json
https://theindustryguides.com/insights/trt-best-top-near-me-024-how-to-compare-hair-loss-clinics-before-booking.html,/insights/trt-best-top-near-me-024-how-to-compare-hair-loss-clinics-before-booking.html,2026-06-19,insight,hormonesivhair.com,content/_live/published_urls.json
https://theindustryguides.com/insights/trt-best-top-near-me-025-how-to-evaluate-a-hair-transplant-surgeon.html,/insights/trt-best-top-near-me-025-how-to-evaluate-a-hair-transplant-surgeon.html,2026-06-19,insight,hormonesivhair.com,content/_live/published_urls.json
https://theindustryguides.com/insights/trt-best-top-near-me-026-how-to-compare-prp-hair-treatment-providers.html,/insights/trt-best-top-near-me-026-how-to-compare-prp-hair-treatment-providers.html,2026-06-19,insight,hormonesivhair.com,content/_live/published_urls.json
https://theindustryguides.com/insights/trt-clinic-selection-001-how-do-i-compare-trt-clinics-without-guessing.html,/insights/trt-clinic-selection-001-how-do-i-compare-trt-clinics-without-guessing.html,2026-06-19,insight,hormonesivhair.com,content/_live/published_urls.json
https://theindustryguides.com/insights/trt-clinic-selection-002-is-local-trt-care-better-than-telehealth.html,/insights/trt-clinic-selection-002-is-local-trt-care-better-than-telehealth.html,2026-06-19,insight,hormonesivhair.com,content/_live/published_urls.json
https://theindustryguides.com/insights/trt-clinic-selection-003-what-questions-should-i-ask-before-joining-a-trt-program.html,/insights/trt-clinic-selection-003-what-questions-should-i-ask-before-joining-a-trt-program.html,2026-06-19,insight,hormonesivhair.com,content/_live/published_urls.json
https://theindustryguides.com/insights/trt-clinic-selection-004-what-are-red-flags-when-a-trt-clinic-feels-salesy.html,/insights/trt-clinic-selection-004-what-are-red-flags-when-a-trt-clinic-feels-salesy.html,2026-06-19,insight,hormonesivhair.com,content/_live/published_urls.json
https://theindustryguides.com/insights/trt-cost-insurance-001-trt-cost-breakdown-by-method.html,/insights/trt-cost-insurance-001-trt-cost-breakdown-by-method.html,2026-06-19,insight,hormonesivhair.com,content/_live/published_urls.json
https://theindustryguides.com/insights/trt-cost-insurance-002-how-much-does-trt-cost-per-month.html,/insights/trt-cost-insurance-002-how-much-does-trt-cost-per-month.html,2026-06-19,insight,hormonesivhair.com,content/_live/published_urls.json
https://theindustryguides.com/insights/trt-cost-insurance-003-trt-pricing-what-s-included.html,/insights/trt-cost-insurance-003-trt-pricing-what-s-included.html,2026-06-19,insight,hormonesivhair.com,content/_live/published_urls.json
https://theindustryguides.com/insights/trt-cost-insurance-004-trt-labs-cost-what-to-expect.html,/insights/trt-cost-insurance-004-trt-labs-cost-what-to-expect.html,2026-06-19,insight,hormonesivhair.com,content/_live/published_urls.json
https://theindustryguides.com/insights/trt-cost-insurance-005-trt-visits-cost-what-to-expect.html,/insights/trt-cost-insurance-005-trt-visits-cost-what-to-expect.html,2026-06-19,insight,hormonesivhair.com,content/_live/published_urls.json
https://theindustryguides.com/insights/trt-cost-insurance-006-does-insurance-cover-trt.html,/insights/trt-cost-insurance-006-does-insurance-cover-trt.html,2026-06-19,insight,hormonesivhair.com,content/_live/published_urls.json
https://theindustryguides.com/insights/trt-cost-insurance-007-cash-pay-trt-what-to-ask.html,/insights/trt-cost-insurance-007-cash-pay-trt-what-to-ask.html,2026-06-19,insight,hormonesivhair.com,content/_live/published_urls.json
https://theindustryguides.com/insights/trt-cost-insurance-008-low-cost-trt-what-to-watch-for.html,/insights/trt-cost-insurance-008-low-cost-trt-what-to-watch-for.html,2026-06-19,insight,hormonesivhair.com,content/_live/published_urls.json
https://theindustryguides.com/insights/trt-cost-insurance-009-subscription-trt-pros-and-cons.html,/insights/trt-cost-insurance-009-subscription-trt-pros-and-cons.html,2026-06-19,insight,hormonesivhair.com,content/_live/published_urls.json
https://theindustryguides.com/insights/trt-cost-insurance-010-hidden-trt-fees-what-to-ask.html,/insights/trt-cost-insurance-010-hidden-trt-fees-what-to-ask.html,2026-06-19,insight,hormonesivhair.com,content/_live/published_urls.json
https://theindustryguides.com/insights/trt-cost-insurance-011-how-to-compare-trt-quotes.html,/insights/trt-cost-insurance-011-how-to-compare-trt-quotes.html,2026-06-19,insight,hormonesivhair.com,content/_live/published_urls.json
https://theindustryguides.com/insights/trt-cost-insurance-012-do-i-pay-for-meds-separately.html,/insights/trt-cost-insurance-012-do-i-pay-for-meds-separately.html,2026-06-19,insight,hormonesivhair.com,content/_live/published_urls.json
https://theindustryguides.com/insights/trt-cost-insurance-013-how-much-do-injections-cost.html,/insights/trt-cost-insurance-013-how-much-do-injections-cost.html,2026-06-19,insight,hormonesivhair.com,content/_live/published_urls.json
https://theindustryguides.com/insights/trt-cost-insurance-014-how-much-does-gel-cost.html,/insights/trt-cost-insurance-014-how-much-does-gel-cost.html,2026-06-19,insight,hormonesivhair.com,content/_live/published_urls.json
https://theindustryguides.com/insights/trt-cost-insurance-015-how-much-does-monitoring-cost.html,/insights/trt-cost-insurance-015-how-much-does-monitoring-cost.html,2026-06-19,insight,hormonesivhair.com,content/_live/published_urls.json
https://theindustryguides.com/insights/trt-cost-insurance-016-can-i-switch-providers-without-restarting.html,/insights/trt-cost-insurance-016-can-i-switch-providers-without-restarting.html,2026-06-19,insight,hormonesivhair.com,content/_live/published_urls.json
https://theindustryguides.com/insights/trt-cost-insurance-017-how-to-compare-local-options-using-a-real-decision-checklist.html,/insights/trt-cost-insurance-017-how-to-compare-local-options-using-a-real-decision-checklist.html,2026-06-19,insight,hormonesivhair.com,content/_live/published_urls.json
https://theindustryguides.com/insights/trt-cost-insurance-018-trt-and-fertility-cost-considerations.html,/insights/trt-cost-insurance-018-trt-and-fertility-cost-considerations.html,2026-06-19,insight,hormonesivhair.com,content/_live/published_urls.json
https://theindustryguides.com/insights/trt-cost-insurance-019-hair-loss-treatment-cost-what-changes-price.html,/insights/trt-cost-insurance-019-hair-loss-treatment-cost-what-changes-price.html,2026-06-19,insight,hormonesivhair.com,content/_live/published_urls.json
https://theindustryguides.com/insights/trt-cost-insurance-020-prp-hair-cost.html,/insights/trt-cost-insurance-020-prp-hair-cost.html,2026-06-19,insight,hormonesivhair.com,content/_live/published_urls.json
https://theindustryguides.com/insights/trt-cost-insurance-021-hair-transplant-cost-drivers.html,/insights/trt-cost-insurance-021-hair-transplant-cost-drivers.html,2026-06-19,insight,hormonesivhair.com,content/_live/published_urls.json
https://theindustryguides.com/insights/trt-cost-insurance-022-financing-hair-treatment-red-flags.html,/insights/trt-cost-insurance-022-financing-hair-treatment-red-flags.html,2026-06-19,insight,hormonesivhair.com,content/_live/published_urls.json
https://theindustryguides.com/insights/trt-cost-insurance-023-how-to-avoid-surprise-charges.html,/insights/trt-cost-insurance-023-how-to-avoid-surprise-charges.html,2026-06-19,insight,hormonesivhair.com,content/_live/published_urls.json
https://theindustryguides.com/insights/trt-cost-insurance-024-trt-add-ons-cost-do-you-need-them.html,/insights/trt-cost-insurance-024-trt-add-ons-cost-do-you-need-them.html,2026-06-19,insight,hormonesivhair.com,content/_live/published_urls.json
https://theindustryguides.com/insights/trt-cost-insurance-025-lab-panels-cost-what-matters.html,/insights/trt-cost-insurance-025-lab-panels-cost-what-matters.html,2026-06-19,insight,hormonesivhair.com,content/_live/published_urls.json
https://theindustryguides.com/insights/trt-cost-insurance-026-how-to-compare-pricing-without-walking-into-the-wrong-fit.html,/insights/trt-cost-insurance-026-how-to-compare-pricing-without-walking-into-the-wrong-fit.html,2026-06-19,insight,hormonesivhair.com,content/_live/published_urls.json
https://theindustryguides.com/insights/trt-fertility-pct-001-can-i-stay-fertile-while-on-trt.html,/insights/trt-fertility-pct-001-can-i-stay-fertile-while-on-trt.html,2026-06-19,insight,hormonesivhair.com,content/_live/published_urls.json
https://theindustryguides.com/insights/trt-fertility-pct-002-when-should-i-ask-about-hcg-with-trt.html,/insights/trt-fertility-pct-002-when-should-i-ask-about-hcg-with-trt.html,2026-06-19,insight,hormonesivhair.com,content/_live/published_urls.json
https://theindustryguides.com/insights/trt-fertility-pct-003-what-is-pct-and-when-does-it-come-up-after-trt.html,/insights/trt-fertility-pct-003-what-is-pct-and-when-does-it-come-up-after-trt.html,2026-06-19,insight,hormonesivhair.com,content/_live/published_urls.json
https://theindustryguides.com/insights/trt-fertility-pct-004-should-i-start-trt-if-i-want-kids-in-the-next-year.html,/insights/trt-fertility-pct-004-should-i-start-trt-if-i-want-kids-in-the-next-year.html,2026-06-19,insight,hormonesivhair.com,content/_live/published_urls.json
https://theindustryguides.com/insights/trt-hair-loss-cost-001-hair-loss-treatment-cost-what-to-expect.html,/insights/trt-hair-loss-cost-001-hair-loss-treatment-cost-what-to-expect.html,2026-06-19,insight,hormonesivhair.com,content/_live/published_urls.json
https://theindustryguides.com/insights/trt-hair-loss-cost-002-minoxidil-cost.html,/insights/trt-hair-loss-cost-002-minoxidil-cost.html,2026-06-19,insight,hormonesivhair.com,content/_live/published_urls.json
https://theindustryguides.com/insights/trt-hair-loss-cost-003-finasteride-cost.html,/insights/trt-hair-loss-cost-003-finasteride-cost.html,2026-06-19,insight,hormonesivhair.com,content/_live/published_urls.json
https://theindustryguides.com/insights/trt-hair-loss-cost-004-oral-minoxidil-cost.html,/insights/trt-hair-loss-cost-004-oral-minoxidil-cost.html,2026-06-19,insight,hormonesivhair.com,content/_live/published_urls.json
https://theindustryguides.com/insights/trt-hair-loss-cost-005-prp-hair-cost.html,/insights/trt-hair-loss-cost-005-prp-hair-cost.html,2026-06-19,insight,hormonesivhair.com,content/_live/published_urls.json
https://theindustryguides.com/insights/trt-hair-loss-cost-006-laser-cap-cost-worth-it.html,/insights/trt-hair-loss-cost-006-laser-cap-cost-worth-it.html,2026-06-19,insight,hormonesivhair.com,content/_live/published_urls.json
https://theindustryguides.com/insights/trt-hair-loss-cost-007-hair-transplant-cost.html,/insights/trt-hair-loss-cost-007-hair-transplant-cost.html,2026-06-19,insight,hormonesivhair.com,content/_live/published_urls.json
https://theindustryguides.com/insights/trt-hair-loss-cost-008-fue-hair-transplant-cost-drivers.html,/insights/trt-hair-loss-cost-008-fue-hair-transplant-cost-drivers.html,2026-06-19,insight,hormonesivhair.com,content/_live/published_urls.json
https://theindustryguides.com/insights/trt-hair-loss-cost-009-why-hair-transplant-prices-vary.html,/insights/trt-hair-loss-cost-009-why-hair-transplant-prices-vary.html,2026-06-19,insight,hormonesivhair.com,content/_live/published_urls.json
https://theindustryguides.com/insights/trt-hair-loss-cost-010-how-to-compare-hair-transplant-quotes.html,/insights/trt-hair-loss-cost-010-how-to-compare-hair-transplant-quotes.html,2026-06-19,insight,hormonesivhair.com,content/_live/published_urls.json
https://theindustryguides.com/insights/trt-hair-loss-cost-011-financing-hair-transplant-red-flags.html,/insights/trt-hair-loss-cost-011-financing-hair-transplant-red-flags.html,2026-06-19,insight,hormonesivhair.com,content/_live/published_urls.json
https://theindustryguides.com/insights/trt-hair-loss-cost-012-how-to-compare-hair-transplant-pricing-without-getting-burned.html,/insights/trt-hair-loss-cost-012-how-to-compare-hair-transplant-pricing-without-getting-burned.html,2026-06-19,insight,hormonesivhair.com,content/_live/published_urls.json
https://theindustryguides.com/insights/trt-hair-loss-cost-013-travel-hair-transplant-risks.html,/insights/trt-hair-loss-cost-013-travel-hair-transplant-risks.html,2026-06-19,insight,hormonesivhair.com,content/_live/published_urls.json
https://theindustryguides.com/insights/trt-hair-loss-cost-014-does-insurance-cover-any-hair-loss-treatment.html,/insights/trt-hair-loss-cost-014-does-insurance-cover-any-hair-loss-treatment.html,2026-06-19,insight,hormonesivhair.com,content/_live/published_urls.json
https://theindustryguides.com/insights/trt-hair-loss-cost-015-how-much-follow-up-costs.html,/insights/trt-hair-loss-cost-015-how-much-follow-up-costs.html,2026-06-19,insight,hormonesivhair.com,content/_live/published_urls.json
https://theindustryguides.com/insights/trt-hair-loss-cost-016-what-maintenance-costs-long-term.html,/insights/trt-hair-loss-cost-016-what-maintenance-costs-long-term.html,2026-06-19,insight,hormonesivhair.com,content/_live/published_urls.json
https://theindustryguides.com/insights/trt-hair-loss-cost-017-how-to-benchmark-local-hair-transplant-pricing.html,/insights/trt-hair-loss-cost-017-how-to-benchmark-local-hair-transplant-pricing.html,2026-06-19,insight,hormonesivhair.com,content/_live/published_urls.json
https://theindustryguides.com/insights/trt-hair-loss-cost-018-how-to-spot-low-price-hair-transplant-red-flags.html,/insights/trt-hair-loss-cost-018-how-to-spot-low-price-hair-transplant-red-flags.html,2026-06-19,insight,hormonesivhair.com,content/_live/published_urls.json
https://theindustryguides.com/insights/trt-hair-loss-cost-019-how-to-compare-prp-pricing-and-follow-up-requirements.html,/insights/trt-hair-loss-cost-019-how-to-compare-prp-pricing-and-follow-up-requirements.html,2026-06-19,insight,hormonesivhair.com,content/_live/published_urls.json
https://theindustryguides.com/insights/trt-hair-loss-cost-020-hair-loss-consult-cost.html,/insights/trt-hair-loss-cost-020-hair-loss-consult-cost.html,2026-06-19,insight,hormonesivhair.com,content/_live/published_urls.json
https://theindustryguides.com/insights/trt-hair-loss-cost-021-hair-transplant-financing-red-flags.html,/insights/trt-hair-loss-cost-021-hair-transplant-financing-red-flags.html,2026-06-19,insight,hormonesivhair.com,content/_live/published_urls.json
https://theindustryguides.com/insights/trt-hair-loss-cost-022-how-to-compare-hair-transplant-quotes-safely.html,/insights/trt-hair-loss-cost-022-how-to-compare-hair-transplant-quotes-safely.html,2026-06-19,insight,hormonesivhair.com,content/_live/published_urls.json
https://theindustryguides.com/insights/trt-hair-loss-cost-023-travel-hair-transplant-cost-vs-risk.html,/insights/trt-hair-loss-cost-023-travel-hair-transplant-cost-vs-risk.html,2026-06-19,insight,hormonesivhair.com,content/_live/published_urls.json
https://theindustryguides.com/insights/trt-hair-loss-cost-024-how-much-does-follow-up-care-cost.html,/insights/trt-hair-loss-cost-024-how-much-does-follow-up-care-cost.html,2026-06-19,insight,hormonesivhair.com,content/_live/published_urls.json
https://theindustryguides.com/insights/trt-hair-loss-cost-025-long-term-maintenance-costs.html,/insights/trt-hair-loss-cost-025-long-term-maintenance-costs.html,2026-06-19,insight,hormonesivhair.com,content/_live/published_urls.json
https://theindustryguides.com/insights/trt-hair-loss-provider-001-prp-vs-microneedling-for-hair-loss.html,/insights/trt-hair-loss-provider-001-prp-vs-microneedling-for-hair-loss.html,2026-06-19,insight,hormonesivhair.com,content/_live/published_urls.json
https://theindustryguides.com/insights/trt-hair-loss-provider-002-how-to-choose-the-right-clinician-for-hair-loss-treatment.html,/insights/trt-hair-loss-provider-002-how-to-choose-the-right-clinician-for-hair-loss-treatment.html,2026-06-19,insight,hormonesivhair.com,content/_live/published_urls.json
https://theindustryguides.com/insights/trt-hair-loss-provider-003-dermatologist-vs-hair-clinic-who-to-choose.html,/insights/trt-hair-loss-provider-003-dermatologist-vs-hair-clinic-who-to-choose.html,2026-06-19,insight,hormonesivhair.com,content/_live/published_urls.json
https://theindustryguides.com/insights/trt-hair-loss-provider-004-how-to-compare-hair-loss-specialists.html,/insights/trt-hair-loss-provider-004-how-to-compare-hair-loss-specialists.html,2026-06-19,insight,hormonesivhair.com,content/_live/published_urls.json
https://theindustryguides.com/insights/trt-hair-loss-provider-005-what-to-ask-before-booking-a-hair-transplant-consultation.html,/insights/trt-hair-loss-provider-005-what-to-ask-before-booking-a-hair-transplant-consultation.html,2026-06-19,insight,hormonesivhair.com,content/_live/published_urls.json
https://theindustryguides.com/insights/trt-hair-loss-provider-006-what-to-ask-before-booking-prp-hair-treatment.html,/insights/trt-hair-loss-provider-006-what-to-ask-before-booking-prp-hair-treatment.html,2026-06-19,insight,hormonesivhair.com,content/_live/published_urls.json
https://theindustryguides.com/insights/trt-hair-loss-provider-007-finasteride-minoxidil-prescriber-who-to-see.html,/insights/trt-hair-loss-provider-007-finasteride-minoxidil-prescriber-who-to-see.html,2026-06-19,insight,hormonesivhair.com,content/_live/published_urls.json
https://theindustryguides.com/insights/trt-hair-loss-provider-008-how-to-choose-a-hair-transplant-clinic.html,/insights/trt-hair-loss-provider-008-how-to-choose-a-hair-transplant-clinic.html,2026-06-19,insight,hormonesivhair.com,content/_live/published_urls.json
https://theindustryguides.com/insights/trt-hair-loss-provider-009-hair-loss-scam-signs.html,/insights/trt-hair-loss-provider-009-hair-loss-scam-signs.html,2026-06-19,insight,hormonesivhair.com,content/_live/published_urls.json
https://theindustryguides.com/insights/trt-hair-loss-provider-010-hair-loss-consult-what-to-ask.html,/insights/trt-hair-loss-provider-010-hair-loss-consult-what-to-ask.html,2026-06-19,insight,hormonesivhair.com,content/_live/published_urls.json
https://theindustryguides.com/insights/trt-hair-loss-provider-011-how-to-read-before-after-photos-safely.html,/insights/trt-hair-loss-provider-011-how-to-read-before-after-photos-safely.html,2026-06-19,insight,hormonesivhair.com,content/_live/published_urls.json
https://theindustryguides.com/insights/trt-hair-loss-provider-012-how-to-compare-2-3-clinics.html,/insights/trt-hair-loss-provider-012-how-to-compare-2-3-clinics.html,2026-06-19,insight,hormonesivhair.com,content/_live/published_urls.json
https://theindustryguides.com/insights/trt-hair-loss-provider-013-do-i-need-labs-for-hair-loss.html,/insights/trt-hair-loss-provider-013-do-i-need-labs-for-hair-loss.html,2026-06-19,insight,hormonesivhair.com,content/_live/published_urls.json
https://theindustryguides.com/insights/trt-hair-loss-provider-014-hair-loss-for-women-who-to-see.html,/insights/trt-hair-loss-provider-014-hair-loss-for-women-who-to-see.html,2026-06-19,insight,hormonesivhair.com,content/_live/published_urls.json
https://theindustryguides.com/insights/trt-hair-loss-provider-015-hair-loss-for-men-who-to-see.html,/insights/trt-hair-loss-provider-015-hair-loss-for-men-who-to-see.html,2026-06-19,insight,hormonesivhair.com,content/_live/published_urls.json
https://theindustryguides.com/insights/trt-hair-loss-provider-016-patchy-hair-loss-who-to-see.html,/insights/trt-hair-loss-provider-016-patchy-hair-loss-who-to-see.html,2026-06-19,insight,hormonesivhair.com,content/_live/published_urls.json
https://theindustryguides.com/insights/trt-hair-loss-provider-017-sudden-shedding-who-to-see.html,/insights/trt-hair-loss-provider-017-sudden-shedding-who-to-see.html,2026-06-19,insight,hormonesivhair.com,content/_live/published_urls.json
https://theindustryguides.com/insights/trt-hair-loss-provider-018-hairline-vs-crown-different-options.html,/insights/trt-hair-loss-provider-018-hairline-vs-crown-different-options.html,2026-06-19,insight,hormonesivhair.com,content/_live/published_urls.json
https://theindustryguides.com/insights/trt-hair-loss-provider-019-fue-vs-fut-what-to-ask.html,/insights/trt-hair-loss-provider-019-fue-vs-fut-what-to-ask.html,2026-06-19,insight,hormonesivhair.com,content/_live/published_urls.json
https://theindustryguides.com/insights/trt-hair-loss-provider-020-prp-vs-meds-what-to-ask.html,/insights/trt-hair-loss-provider-020-prp-vs-meds-what-to-ask.html,2026-06-19,insight,hormonesivhair.com,content/_live/published_urls.json
https://theindustryguides.com/insights/trt-hair-loss-provider-021-does-trt-affect-hair-loss.html,/insights/trt-hair-loss-provider-021-does-trt-affect-hair-loss.html,2026-06-19,insight,hormonesivhair.com,content/_live/published_urls.json
https://theindustryguides.com/insights/trt-hair-loss-provider-022-how-to-combine-trt-and-hair-care.html,/insights/trt-hair-loss-provider-022-how-to-combine-trt-and-hair-care.html,2026-06-19,insight,hormonesivhair.com,content/_live/published_urls.json
https://theindustryguides.com/insights/trt-hair-loss-provider-023-when-a-dermatologist-is-the-right-first-stop-for-hair-loss.html,/insights/trt-hair-loss-provider-023-when-a-dermatologist-is-the-right-first-stop-for-hair-loss.html,2026-06-19,insight,hormonesivhair.com,content/_live/published_urls.json
https://theindustryguides.com/insights/trt-hair-loss-provider-024-how-to-compare-hair-transplant-clinics.html,/insights/trt-hair-loss-provider-024-how-to-compare-hair-transplant-clinics.html,2026-06-19,insight,hormonesivhair.com,content/_live/published_urls.json
https://theindustryguides.com/insights/trt-hair-loss-provider-025-how-to-compare-prp-treatment-providers.html,/insights/trt-hair-loss-provider-025-how-to-compare-prp-treatment-providers.html,2026-06-19,insight,hormonesivhair.com,content/_live/published_urls.json
https://theindustryguides.com/insights/trt-hair-loss-provider-026-how-to-verify-a-hair-clinic-is-legit.html,/insights/trt-hair-loss-provider-026-how-to-verify-a-hair-clinic-is-legit.html,2026-06-19,insight,hormonesivhair.com,content/_live/published_urls.json
https://theindustryguides.com/insights/trt-labs-dosing-001-when-should-trt-labs-be-drawn-after-starting-treatment.html,/insights/trt-labs-dosing-001-when-should-trt-labs-be-drawn-after-starting-treatment.html,2026-06-19,insight,hormonesivhair.com,content/_live/published_urls.json
https://theindustryguides.com/insights/trt-labs-dosing-002-how-often-should-trt-labs-usually-be-repeated.html,/insights/trt-labs-dosing-002-how-often-should-trt-labs-usually-be-repeated.html,2026-06-19,insight,hormonesivhair.com,content/_live/published_urls.json
https://theindustryguides.com/insights/trt-labs-dosing-003-what-happens-if-my-trt-dose-feels-too-high.html,/insights/trt-labs-dosing-003-what-happens-if-my-trt-dose-feels-too-high.html,2026-06-19,insight,hormonesivhair.com,content/_live/published_urls.json
https://theindustryguides.com/insights/trt-labs-dosing-004-should-i-change-dose-before-my-next-lab-panel.html,/insights/trt-labs-dosing-004-should-i-change-dose-before-my-next-lab-panel.html,2026-06-19,insight,hormonesivhair.com,content/_live/published_urls.json
https://theindustryguides.com/insights/trt-medication-costs-001-what-is-usually-included-in-a-trt-monthly-price.html,/insights/trt-medication-costs-001-what-is-usually-included-in-a-trt-monthly-price.html,2026-06-19,insight,hormonesivhair.com,content/_live/published_urls.json
https://theindustryguides.com/insights/trt-medication-costs-002-do-trt-clinic-fees-usually-include-labs.html,/insights/trt-medication-costs-002-do-trt-clinic-fees-usually-include-labs.html,2026-06-19,insight,hormonesivhair.com,content/_live/published_urls.json
https://theindustryguides.com/insights/trt-medication-costs-003-how-much-do-supplies-add-to-trt-cost.html,/insights/trt-medication-costs-003-how-much-do-supplies-add-to-trt-cost.html,2026-06-19,insight,hormonesivhair.com,content/_live/published_urls.json
https://theindustryguides.com/insights/trt-medication-costs-004-what-happens-if-i-need-a-refill-early-on-trt.html,/insights/trt-medication-costs-004-what-happens-if-i-need-a-refill-early-on-trt.html,2026-06-19,insight,hormonesivhair.com,content/_live/published_urls.json
https://theindustryguides.com/insights/trt-peptide-clinic-selection-001-peptide-clinic-near-me.html,/insights/trt-peptide-clinic-selection-001-peptide-clinic-near-me.html,2026-06-19,insight,hormonesivhair.com,content/_live/published_urls.json
https://theindustryguides.com/insights/trt-peptide-clinic-selection-002-best-peptide-clinic-near-me.html,/insights/trt-peptide-clinic-selection-002-best-peptide-clinic-near-me.html,2026-06-19,insight,hormonesivhair.com,content/_live/published_urls.json
https://theindustryguides.com/insights/trt-peptide-clinic-selection-003-top-peptide-clinic-near-me.html,/insights/trt-peptide-clinic-selection-003-top-peptide-clinic-near-me.html,2026-06-19,insight,hormonesivhair.com,content/_live/published_urls.json
https://theindustryguides.com/insights/trt-peptide-clinic-selection-004-peptide-injections-near-me.html,/insights/trt-peptide-clinic-selection-004-peptide-injections-near-me.html,2026-06-19,insight,hormonesivhair.com,content/_live/published_urls.json
https://theindustryguides.com/insights/trt-peptide-clinic-selection-005-where-can-i-get-peptides-near-me.html,/insights/trt-peptide-clinic-selection-005-where-can-i-get-peptides-near-me.html,2026-06-19,insight,hormonesivhair.com,content/_live/published_urls.json
https://theindustryguides.com/insights/trt-peptide-clinic-selection-006-peptide-therapy-near-me.html,/insights/trt-peptide-clinic-selection-006-peptide-therapy-near-me.html,2026-06-19,insight,hormonesivhair.com,content/_live/published_urls.json
https://theindustryguides.com/insights/trt-peptide-clinic-selection-007-peptide-doctor-near-me.html,/insights/trt-peptide-clinic-selection-007-peptide-doctor-near-me.html,2026-06-19,insight,hormonesivhair.com,content/_live/published_urls.json
https://theindustryguides.com/insights/trt-peptide-clinic-selection-008-who-gives-peptide-injections-near-me.html,/insights/trt-peptide-clinic-selection-008-who-gives-peptide-injections-near-me.html,2026-06-19,insight,hormonesivhair.com,content/_live/published_urls.json
https://theindustryguides.com/insights/trt-peptide-clinic-selection-009-how-to-find-a-peptide-clinic-that-is-actually-legit.html,/insights/trt-peptide-clinic-selection-009-how-to-find-a-peptide-clinic-that-is-actually-legit.html,2026-06-19,insight,hormonesivhair.com,content/_live/published_urls.json
https://theindustryguides.com/insights/trt-peptide-clinic-selection-010-what-should-i-ask-a-peptide-clinic-before-i-sign-up.html,/insights/trt-peptide-clinic-selection-010-what-should-i-ask-a-peptide-clinic-before-i-sign-up.html,2026-06-19,insight,hormonesivhair.com,content/_live/published_urls.json
https://theindustryguides.com/insights/trt-peptide-cost-safety-001-how-much-do-peptide-injections-cost.html,/insights/trt-peptide-cost-safety-001-how-much-do-peptide-injections-cost.html,2026-06-19,insight,hormonesivhair.com,content/_live/published_urls.json
https://theindustryguides.com/insights/trt-peptide-cost-safety-002-how-much-do-peptides-cost-per-month.html,/insights/trt-peptide-cost-safety-002-how-much-do-peptides-cost-per-month.html,2026-06-19,insight,hormonesivhair.com,content/_live/published_urls.json
https://theindustryguides.com/insights/trt-peptide-cost-safety-003-are-peptides-expensive.html,/insights/trt-peptide-cost-safety-003-are-peptides-expensive.html,2026-06-19,insight,hormonesivhair.com,content/_live/published_urls.json
https://theindustryguides.com/insights/trt-peptide-cost-safety-004-do-peptide-clinics-charge-monthly.html,/insights/trt-peptide-cost-safety-004-do-peptide-clinics-charge-monthly.html,2026-06-19,insight,hormonesivhair.com,content/_live/published_urls.json
https://theindustryguides.com/insights/trt-peptide-cost-safety-005-how-much-is-peptide-therapy.html,/insights/trt-peptide-cost-safety-005-how-much-is-peptide-therapy.html,2026-06-19,insight,hormonesivhair.com,content/_live/published_urls.json
https://theindustryguides.com/insights/trt-peptide-cost-safety-006-are-peptides-covered-by-insurance.html,/insights/trt-peptide-cost-safety-006-are-peptides-covered-by-insurance.html,2026-06-19,insight,hormonesivhair.com,content/_live/published_urls.json
https://theindustryguides.com/insights/trt-peptide-cost-safety-007-are-peptides-safe.html,/insights/trt-peptide-cost-safety-007-are-peptides-safe.html,2026-06-19,insight,hormonesivhair.com,content/_live/published_urls.json
https://theindustryguides.com/insights/trt-peptide-cost-safety-008-are-peptide-clinics-legit.html,/insights/trt-peptide-cost-safety-008-are-peptide-clinics-legit.html,2026-06-19,insight,hormonesivhair.com,content/_live/published_urls.json
https://theindustryguides.com/insights/trt-peptide-cost-safety-009-is-peptide-therapy-safe.html,/insights/trt-peptide-cost-safety-009-is-peptide-therapy-safe.html,2026-06-19,insight,hormonesivhair.com,content/_live/published_urls.json
https://theindustryguides.com/insights/trt-peptide-cost-safety-010-are-peptides-legal.html,/insights/trt-peptide-cost-safety-010-are-peptides-legal.html,2026-06-19,insight,hormonesivhair.com,content/_live/published_urls.json
https://theindustryguides.com/insights/trt-peptide-cost-safety-011-can-peptides-be-dangerous.html,/insights/trt-peptide-cost-safety-011-can-peptides-be-dangerous.html,2026-06-19,insight,hormonesivhair.com,content/_live/published_urls.json
https://theindustryguides.com/insights/trt-peptide-cost-safety-012-what-are-the-risks-of-peptides.html,/insights/trt-peptide-cost-safety-012-what-are-the-risks-of-peptides.html,2026-06-19,insight,hormonesivhair.com,content/_live/published_urls.json
https://theindustryguides.com/insights/trt-peptide-red-flags-001-peptide-clinic-red-flags.html,/insights/trt-peptide-red-flags-001-peptide-clinic-red-flags.html,2026-06-19,insight,hormonesivhair.com,content/_live/published_urls.json
https://theindustryguides.com/insights/trt-peptide-red-flags-002-how-to-know-if-a-peptide-clinic-is-legit.html,/insights/trt-peptide-red-flags-002-how-to-know-if-a-peptide-clinic-is-legit.html,2026-06-19,insight,hormonesivhair.com,content/_live/published_urls.json
https://theindustryguides.com/insights/trt-peptide-red-flags-003-what-happens-when-you-start-peptides.html,/insights/trt-peptide-red-flags-003-what-happens-when-you-start-peptides.html,2026-06-19,insight,hormonesivhair.com,content/_live/published_urls.json
https://theindustryguides.com/insights/trt-peptide-red-flags-004-how-long-do-peptides-take-to-work.html,/insights/trt-peptide-red-flags-004-how-long-do-peptides-take-to-work.html,2026-06-19,insight,hormonesivhair.com,content/_live/published_urls.json
https://theindustryguides.com/insights/trt-peptide-red-flags-005-do-peptides-actually-work.html,/insights/trt-peptide-red-flags-005-do-peptides-actually-work.html,2026-06-19,insight,hormonesivhair.com,content/_live/published_urls.json
https://theindustryguides.com/insights/trt-peptide-red-flags-006-do-you-inject-peptides-yourself.html,/insights/trt-peptide-red-flags-006-do-you-inject-peptides-yourself.html,2026-06-19,insight,hormonesivhair.com,content/_live/published_urls.json
https://theindustryguides.com/insights/trt-peptide-red-flags-007-can-you-stop-peptides-anytime.html,/insights/trt-peptide-red-flags-007-can-you-stop-peptides-anytime.html,2026-06-19,insight,hormonesivhair.com,content/_live/published_urls.json
https://theindustryguides.com/insights/trt-peptide-types-uses-001-what-are-peptides.html,/insights/trt-peptide-types-uses-001-what-are-peptides.html,2026-06-19,insight,hormonesivhair.com,content/_live/published_urls.json
https://theindustryguides.com/insights/trt-peptide-types-uses-002-what-is-peptide-therapy.html,/insights/trt-peptide-types-uses-002-what-is-peptide-therapy.html,2026-06-19,insight,hormonesivhair.com,content/_live/published_urls.json
https://theindustryguides.com/insights/trt-peptide-types-uses-003-what-do-peptides-do.html,/insights/trt-peptide-types-uses-003-what-do-peptides-do.html,2026-06-19,insight,hormonesivhair.com,content/_live/published_urls.json
https://theindustryguides.com/insights/trt-peptide-types-uses-004-why-are-people-using-peptides.html,/insights/trt-peptide-types-uses-004-why-are-people-using-peptides.html,2026-06-19,insight,hormonesivhair.com,content/_live/published_urls.json
https://theindustryguides.com/insights/trt-peptide-types-uses-005-why-are-peptides-so-popular.html,/insights/trt-peptide-types-uses-005-why-are-peptides-so-popular.html,2026-06-19,insight,hormonesivhair.com,content/_live/published_urls.json
https://theindustryguides.com/insights/trt-peptide-types-uses-006-weight-loss-peptides-near-me.html,/insights/trt-peptide-types-uses-006-weight-loss-peptides-near-me.html,2026-06-19,insight,hormonesivhair.com,content/_live/published_urls.json
https://theindustryguides.com/insights/trt-peptide-types-uses-007-anti-aging-peptides-near-me.html,/insights/trt-peptide-types-uses-007-anti-aging-peptides-near-me.html,2026-06-19,insight,hormonesivhair.com,content/_live/published_urls.json
https://theindustryguides.com/insights/trt-peptide-types-uses-008-peptides-for-hair-loss.html,/insights/trt-peptide-types-uses-008-peptides-for-hair-loss.html,2026-06-19,insight,hormonesivhair.com,content/_live/published_urls.json
https://theindustryguides.com/insights/trt-peptide-types-uses-009-do-peptides-help-with-hair-loss.html,/insights/trt-peptide-types-uses-009-do-peptides-help-with-hair-loss.html,2026-06-19,insight,hormonesivhair.com,content/_live/published_urls.json
https://theindustryguides.com/insights/trt-peptide-types-uses-010-why-are-people-in-silicon-valley-using-peptides.html,/insights/trt-peptide-types-uses-010-why-are-people-in-silicon-valley-using-peptides.html,2026-06-19,insight,hormonesivhair.com,content/_live/published_urls.json
https://theindustryguides.com/insights/trt-peptide-types-uses-011-are-peptides-the-next-trt.html,/insights/trt-peptide-types-uses-011-are-peptides-the-next-trt.html,2026-06-19,insight,hormonesivhair.com,content/_live/published_urls.json
https://theindustryguides.com/insights/trt-peptide-types-uses-012-peptides-vs-trt.html,/insights/trt-peptide-types-uses-012-peptides-vs-trt.html,2026-06-19,insight,hormonesivhair.com,content/_live/published_urls.json
https://theindustryguides.com/insights/trt-peptide-types-uses-013-peptides-vs-iv-therapy.html,/insights/trt-peptide-types-uses-013-peptides-vs-iv-therapy.html,2026-06-19,insight,hormonesivhair.com,content/_live/published_urls.json
https://theindustryguides.com/insights/trt-peptide-types-uses-014-should-i-do-trt-or-peptides.html,/insights/trt-peptide-types-uses-014-should-i-do-trt-or-peptides.html,2026-06-19,insight,hormonesivhair.com,content/_live/published_urls.json
https://theindustryguides.com/insights/trt-q001-how-does-trt-legality-and-prescribing-rules-work.html,/insights/trt-q001-how-does-trt-legality-and-prescribing-rules-work.html,2026-06-19,insight,hormonesivhair.com,content/_live/published_urls.json
https://theindustryguides.com/insights/trt-q002-what-should-i-verify-about-trt-legality-and-prescribing-rules.html,/insights/trt-q002-what-should-i-verify-about-trt-legality-and-prescribing-rules.html,2026-06-19,insight,hormonesivhair.com,content/_live/published_urls.json
https://theindustryguides.com/insights/trt-q003-what-are-the-red-flags-with-trt-legality-and-prescribing-rules.html,/insights/trt-q003-what-are-the-red-flags-with-trt-legality-and-prescribing-rules.html,2026-06-19,insight,hormonesivhair.com,content/_live/published_urls.json
https://theindustryguides.com/insights/trt-q004-how-does-telehealth-trt-rules-work.html,/insights/trt-q004-how-does-telehealth-trt-rules-work.html,2026-06-19,insight,hormonesivhair.com,content/_live/published_urls.json
https://theindustryguides.com/insights/trt-q005-what-should-i-verify-about-telehealth-trt-rules.html,/insights/trt-q005-what-should-i-verify-about-telehealth-trt-rules.html,2026-06-19,insight,hormonesivhair.com,content/_live/published_urls.json
https://theindustryguides.com/insights/trt-q006-what-are-the-red-flags-with-telehealth-trt-rules.html,/insights/trt-q006-what-are-the-red-flags-with-telehealth-trt-rules.html,2026-06-19,insight,hormonesivhair.com,content/_live/published_urls.json
https://theindustryguides.com/insights/trt-q007-how-does-trt-fertility-planning-work.html,/insights/trt-q007-how-does-trt-fertility-planning-work.html,2026-06-19,insight,hormonesivhair.com,content/_live/published_urls.json
https://theindustryguides.com/insights/trt-q008-what-should-i-verify-about-trt-fertility-planning.html,/insights/trt-q008-what-should-i-verify-about-trt-fertility-planning.html,2026-06-19,insight,hormonesivhair.com,content/_live/published_urls.json
https://theindustryguides.com/insights/trt-q009-what-are-the-red-flags-with-trt-fertility-planning.html,/insights/trt-q009-what-are-the-red-flags-with-trt-fertility-planning.html,2026-06-19,insight,hormonesivhair.com,content/_live/published_urls.json
https://theindustryguides.com/insights/trt-q010-how-does-trt-laboratory-monitoring-work.html,/insights/trt-q010-how-does-trt-laboratory-monitoring-work.html,2026-06-19,insight,hormonesivhair.com,content/_live/published_urls.json
https://theindustryguides.com/insights/trt-q011-what-should-i-verify-about-trt-laboratory-monitoring.html,/insights/trt-q011-what-should-i-verify-about-trt-laboratory-monitoring.html,2026-06-19,insight,hormonesivhair.com,content/_live/published_urls.json
https://theindustryguides.com/insights/trt-q012-what-are-the-red-flags-with-trt-laboratory-monitoring.html,/insights/trt-q012-what-are-the-red-flags-with-trt-laboratory-monitoring.html,2026-06-19,insight,hormonesivhair.com,content/_live/published_urls.json
https://theindustryguides.com/insights/trt-q013-how-does-trt-contraindications-work.html,/insights/trt-q013-how-does-trt-contraindications-work.html,2026-06-19,insight,hormonesivhair.com,content/_live/published_urls.json
https://theindustryguides.com/insights/trt-q014-what-should-i-verify-about-trt-contraindications.html,/insights/trt-q014-what-should-i-verify-about-trt-contraindications.html,2026-06-19,insight,hormonesivhair.com,content/_live/published_urls.json
https://theindustryguides.com/insights/trt-q015-what-are-the-red-flags-with-trt-contraindications.html,/insights/trt-q015-what-are-the-red-flags-with-trt-contraindications.html,2026-06-19,insight,hormonesivhair.com,content/_live/published_urls.json
https://theindustryguides.com/insights/trt-q016-how-does-trt-side-effects-work.html,/insights/trt-q016-how-does-trt-side-effects-work.html,2026-06-19,insight,hormonesivhair.com,content/_live/published_urls.json
https://theindustryguides.com/insights/trt-q017-what-should-i-verify-about-trt-side-effects.html,/insights/trt-q017-what-should-i-verify-about-trt-side-effects.html,2026-06-19,insight,hormonesivhair.com,content/_live/published_urls.json
https://theindustryguides.com/insights/trt-q018-what-are-the-red-flags-with-trt-side-effects.html,/insights/trt-q018-what-are-the-red-flags-with-trt-side-effects.html,2026-06-19,insight,hormonesivhair.com,content/_live/published_urls.json
https://theindustryguides.com/insights/trt-q019-how-does-testosterone-and-hair-loss-work.html,/insights/trt-q019-how-does-testosterone-and-hair-loss-work.html,2026-06-19,insight,hormonesivhair.com,content/_live/published_urls.json
https://theindustryguides.com/insights/trt-q020-what-should-i-verify-about-testosterone-and-hair-loss.html,/insights/trt-q020-what-should-i-verify-about-testosterone-and-hair-loss.html,2026-06-19,insight,hormonesivhair.com,content/_live/published_urls.json
https://theindustryguides.com/insights/trt-q021-what-are-the-red-flags-with-testosterone-and-hair-loss.html,/insights/trt-q021-what-are-the-red-flags-with-testosterone-and-hair-loss.html,2026-06-19,insight,hormonesivhair.com,content/_live/published_urls.json
https://theindustryguides.com/insights/trt-q022-how-does-prp-and-microneedling-work.html,/insights/trt-q022-how-does-prp-and-microneedling-work.html,2026-06-19,insight,hormonesivhair.com,content/_live/published_urls.json
https://theindustryguides.com/insights/trt-q023-what-should-i-verify-about-prp-and-microneedling.html,/insights/trt-q023-what-should-i-verify-about-prp-and-microneedling.html,2026-06-19,insight,hormonesivhair.com,content/_live/published_urls.json
https://theindustryguides.com/insights/trt-q024-what-are-the-red-flags-with-prp-and-microneedling.html,/insights/trt-q024-what-are-the-red-flags-with-prp-and-microneedling.html,2026-06-19,insight,hormonesivhair.com,content/_live/published_urls.json
https://theindustryguides.com/insights/trt-q025-how-does-peptide-clinic-claims-work.html,/insights/trt-q025-how-does-peptide-clinic-claims-work.html,2026-06-19,insight,hormonesivhair.com,content/_live/published_urls.json
https://theindustryguides.com/insights/trt-q026-what-should-i-verify-about-peptide-clinic-claims.html,/insights/trt-q026-what-should-i-verify-about-peptide-clinic-claims.html,2026-06-19,insight,hormonesivhair.com,content/_live/published_urls.json
https://theindustryguides.com/insights/trt-q027-what-are-the-red-flags-with-peptide-clinic-claims.html,/insights/trt-q027-what-are-the-red-flags-with-peptide-clinic-claims.html,2026-06-19,insight,hormonesivhair.com,content/_live/published_urls.json
https://theindustryguides.com/insights/trt-q028-how-does-trt-provider-red-flags-work.html,/insights/trt-q028-how-does-trt-provider-red-flags-work.html,2026-06-19,insight,hormonesivhair.com,content/_live/published_urls.json
https://theindustryguides.com/insights/trt-q029-what-should-i-verify-about-trt-provider-red-flags.html,/insights/trt-q029-what-should-i-verify-about-trt-provider-red-flags.html,2026-06-19,insight,hormonesivhair.com,content/_live/published_urls.json
https://theindustryguides.com/insights/trt-q030-what-are-the-red-flags-with-trt-provider-red-flags.html,/insights/trt-q030-what-are-the-red-flags-with-trt-provider-red-flags.html,2026-06-19,insight,hormonesivhair.com,content/_live/published_urls.json
https://theindustryguides.com/insights/trt-safety-red-flags-001-trt-safety-what-to-watch-for.html,/insights/trt-safety-red-flags-001-trt-safety-what-to-watch-for.html,2026-06-19,insight,hormonesivhair.com,content/_live/published_urls.json
https://theindustryguides.com/insights/trt-safety-red-flags-002-trt-side-effects-what-s-common.html,/insights/trt-safety-red-flags-002-trt-side-effects-what-s-common.html,2026-06-19,insight,hormonesivhair.com,content/_live/published_urls.json
https://theindustryguides.com/insights/trt-safety-red-flags-003-trt-red-flags-from-providers.html,/insights/trt-safety-red-flags-003-trt-red-flags-from-providers.html,2026-06-19,insight,hormonesivhair.com,content/_live/published_urls.json
https://theindustryguides.com/insights/trt-safety-red-flags-004-trt-scam-signs.html,/insights/trt-safety-red-flags-004-trt-scam-signs.html,2026-06-19,insight,hormonesivhair.com,content/_live/published_urls.json
https://theindustryguides.com/insights/trt-safety-red-flags-005-trt-without-bloodwork-why-it-s-risky.html,/insights/trt-safety-red-flags-005-trt-without-bloodwork-why-it-s-risky.html,2026-06-19,insight,hormonesivhair.com,content/_live/published_urls.json
https://theindustryguides.com/insights/trt-safety-red-flags-006-how-often-should-labs-be-checked.html,/insights/trt-safety-red-flags-006-how-often-should-labs-be-checked.html,2026-06-19,insight,hormonesivhair.com,content/_live/published_urls.json
https://theindustryguides.com/insights/trt-safety-red-flags-007-what-monitoring-should-a-clinic-do.html,/insights/trt-safety-red-flags-007-what-monitoring-should-a-clinic-do.html,2026-06-19,insight,hormonesivhair.com,content/_live/published_urls.json
https://theindustryguides.com/insights/trt-safety-red-flags-008-trt-and-blood-pressure-what-to-ask.html,/insights/trt-safety-red-flags-008-trt-and-blood-pressure-what-to-ask.html,2026-06-19,insight,hormonesivhair.com,content/_live/published_urls.json
https://theindustryguides.com/insights/trt-safety-red-flags-009-trt-and-sleep-apnea-what-to-ask.html,/insights/trt-safety-red-flags-009-trt-and-sleep-apnea-what-to-ask.html,2026-06-19,insight,hormonesivhair.com,content/_live/published_urls.json
https://theindustryguides.com/insights/trt-safety-red-flags-010-trt-and-acne-hair-loss-what-to-ask.html,/insights/trt-safety-red-flags-010-trt-and-acne-hair-loss-what-to-ask.html,2026-06-19,insight,hormonesivhair.com,content/_live/published_urls.json
https://theindustryguides.com/insights/trt-safety-red-flags-011-trt-dosing-what-too-high-looks-like.html,/insights/trt-safety-red-flags-011-trt-dosing-what-too-high-looks-like.html,2026-06-19,insight,hormonesivhair.com,content/_live/published_urls.json
https://theindustryguides.com/insights/trt-safety-red-flags-012-trt-and-estrogen-what-to-ask.html,/insights/trt-safety-red-flags-012-trt-and-estrogen-what-to-ask.html,2026-06-19,insight,hormonesivhair.com,content/_live/published_urls.json
https://theindustryguides.com/insights/trt-safety-red-flags-013-trt-and-hematocrit-what-to-ask.html,/insights/trt-safety-red-flags-013-trt-and-hematocrit-what-to-ask.html,2026-06-19,insight,hormonesivhair.com,content/_live/published_urls.json
https://theindustryguides.com/insights/trt-safety-red-flags-014-trt-and-heart-risk-what-to-ask.html,/insights/trt-safety-red-flags-014-trt-and-heart-risk-what-to-ask.html,2026-06-19,insight,hormonesivhair.com,content/_live/published_urls.json
https://theindustryguides.com/insights/trt-safety-red-flags-015-how-to-compare-local-options-using-a-real-decision-checklist.html,/insights/trt-safety-red-flags-015-how-to-compare-local-options-using-a-real-decision-checklist.html,2026-06-19,insight,hormonesivhair.com,content/_live/published_urls.json
https://theindustryguides.com/insights/trt-safety-red-flags-016-how-to-switch-trt-providers-safely.html,/insights/trt-safety-red-flags-016-how-to-switch-trt-providers-safely.html,2026-06-19,insight,hormonesivhair.com,content/_live/published_urls.json
https://theindustryguides.com/insights/trt-safety-red-flags-017-online-trt-safety-checklist.html,/insights/trt-safety-red-flags-017-online-trt-safety-checklist.html,2026-06-19,insight,hormonesivhair.com,content/_live/published_urls.json
https://theindustryguides.com/insights/trt-safety-red-flags-018-compounded-meds-what-to-ask.html,/insights/trt-safety-red-flags-018-compounded-meds-what-to-ask.html,2026-06-19,insight,hormonesivhair.com,content/_live/published_urls.json
https://theindustryguides.com/insights/trt-safety-red-flags-019-guaranteed-results-red-flag.html,/insights/trt-safety-red-flags-019-guaranteed-results-red-flag.html,2026-06-19,insight,hormonesivhair.com,content/_live/published_urls.json
https://theindustryguides.com/insights/trt-safety-red-flags-020-clinic-won-t-discuss-risks-red-flag.html,/insights/trt-safety-red-flags-020-clinic-won-t-discuss-risks-red-flag.html,2026-06-19,insight,hormonesivhair.com,content/_live/published_urls.json
https://theindustryguides.com/insights/trt-safety-red-flags-021-clinic-pushes-add-ons-red-flag.html,/insights/trt-safety-red-flags-021-clinic-pushes-add-ons-red-flag.html,2026-06-19,insight,hormonesivhair.com,content/_live/published_urls.json
https://theindustryguides.com/insights/trt-safety-red-flags-022-trt-and-mood-changes-what-to-ask.html,/insights/trt-safety-red-flags-022-trt-and-mood-changes-what-to-ask.html,2026-06-19,insight,hormonesivhair.com,content/_live/published_urls.json
https://theindustryguides.com/insights/trt-safety-red-flags-023-trt-and-fertility-preservation-what-to-ask.html,/insights/trt-safety-red-flags-023-trt-and-fertility-preservation-what-to-ask.html,2026-06-19,insight,hormonesivhair.com,content/_live/published_urls.json
https://theindustryguides.com/insights/trt-safety-red-flags-024-trt-and-labs-frequency-minimum-standard.html,/insights/trt-safety-red-flags-024-trt-and-labs-frequency-minimum-standard.html,2026-06-19,insight,hormonesivhair.com,content/_live/published_urls.json
https://theindustryguides.com/insights/trt-safety-red-flags-025-trt-clinic-intake-red-flags.html,/insights/trt-safety-red-flags-025-trt-clinic-intake-red-flags.html,2026-06-19,insight,hormonesivhair.com,content/_live/published_urls.json
https://theindustryguides.com/insights/trt-side-effects-monitoring-001-what-side-effects-should-i-watch-for-on-trt.html,/insights/trt-side-effects-monitoring-001-what-side-effects-should-i-watch-for-on-trt.html,2026-06-19,insight,hormonesivhair.com,content/_live/published_urls.json
https://theindustryguides.com/insights/trt-side-effects-monitoring-002-how-high-hematocrit-is-too-high-on-trt.html,/insights/trt-side-effects-monitoring-002-how-high-hematocrit-is-too-high-on-trt.html,2026-06-19,insight,hormonesivhair.com,content/_live/published_urls.json
https://theindustryguides.com/insights/trt-side-effects-monitoring-003-when-should-estrogen-symptoms-be-taken-seriously-on-trt.html,/insights/trt-side-effects-monitoring-003-when-should-estrogen-symptoms-be-taken-seriously-on-trt.html,2026-06-19,insight,hormonesivhair.com,content/_live/published_urls.json
https://theindustryguides.com/insights/trt-side-effects-monitoring-004-does-trt-affect-blood-pressure-or-sleep.html,/insights/trt-side-effects-monitoring-004-does-trt-affect-blood-pressure-or-sleep.html,2026-06-19,insight,hormonesivhair.com,content/_live/published_urls.json
https://theindustryguides.com/insights/uscis-medical-001-what-is-the-uscis-medical-exam-who-performs-it-and-when-is-it-used.html,/insights/uscis-medical-001-what-is-the-uscis-medical-exam-who-performs-it-and-when-is-it-used.html,2026-06-19,insight,uscisexam.com,content/_live/published_urls.json
https://theindustryguides.com/insights/uscis-medical-002-uscis-medical-exam-questions-answered-in-plain-english.html,/insights/uscis-medical-002-uscis-medical-exam-questions-answered-in-plain-english.html,2026-06-19,insight,uscisexam.com,content/_live/published_urls.json
https://theindustryguides.com/insights/uscis-medical-008-how-long-is-the-medical-exam-valid.html,/insights/uscis-medical-008-how-long-is-the-medical-exam-valid.html,2026-06-19,insight,uscisexam.com,content/_live/published_urls.json
https://theindustryguides.com/insights/uscis-medical-009-how-much-does-the-exam-cost.html,/insights/uscis-medical-009-how-much-does-the-exam-cost.html,2026-06-19,insight,uscisexam.com,content/_live/published_urls.json
https://theindustryguides.com/insights/uscis-medical-010-walk-in-or-same-day-exam-what-s-realistic.html,/insights/uscis-medical-010-walk-in-or-same-day-exam-what-s-realistic.html,2026-06-19,insight,uscisexam.com,content/_live/published_urls.json
https://theindustryguides.com/insights/uscis-medical-011-how-to-avoid-delays-and-rfes.html,/insights/uscis-medical-011-how-to-avoid-delays-and-rfes.html,2026-06-19,insight,uscisexam.com,content/_live/published_urls.json
https://theindustryguides.com/insights/uscis-medical-014-what-if-i-m-missing-vaccine-records.html,/insights/uscis-medical-014-what-if-i-m-missing-vaccine-records.html,2026-06-19,insight,uscisexam.com,content/_live/published_urls.json
https://theindustryguides.com/insights/uscis-medical-015-what-if-i-need-tb-testing.html,/insights/uscis-medical-015-what-if-i-need-tb-testing.html,2026-06-19,insight,uscisexam.com,content/_live/published_urls.json
https://theindustryguides.com/insights/uscis-medical-016-how-to-get-the-sealed-envelope-safely.html,/insights/uscis-medical-016-how-to-get-the-sealed-envelope-safely.html,2026-06-19,insight,uscisexam.com,content/_live/published_urls.json
https://theindustryguides.com/insights/uscis-medical-017-what-to-do-if-the-doctor-makes-a-mistake.html,/insights/uscis-medical-017-what-to-do-if-the-doctor-makes-a-mistake.html,2026-06-19,insight,uscisexam.com,content/_live/published_urls.json
https://theindustryguides.com/insights/uscis-medical-019-how-to-verify-a-doctor-is-authorized.html,/insights/uscis-medical-019-how-to-verify-a-doctor-is-authorized.html,2026-06-19,insight,uscisexam.com,content/_live/published_urls.json
https://theindustryguides.com/insights/uscis-medical-020-walk-in-exam-what-to-call-and-ask.html,/insights/uscis-medical-020-walk-in-exam-what-to-call-and-ask.html,2026-06-19,insight,uscisexam.com,content/_live/published_urls.json
https://theindustryguides.com/insights/uscis-medical-021-same-day-envelope-is-it-realistic.html,/insights/uscis-medical-021-same-day-envelope-is-it-realistic.html,2026-06-19,insight,uscisexam.com,content/_live/published_urls.json
https://theindustryguides.com/insights/uscis-medical-023-what-to-do-if-you-need-vaccines.html,/insights/uscis-medical-023-what-to-do-if-you-need-vaccines.html,2026-06-19,insight,uscisexam.com,content/_live/published_urls.json
https://theindustryguides.com/insights/uscis-medical-024-what-to-do-if-you-have-no-records.html,/insights/uscis-medical-024-what-to-do-if-you-have-no-records.html,2026-06-19,insight,uscisexam.com,content/_live/published_urls.json
https://theindustryguides.com/insights/uscis-medical-025-what-to-do-if-you-are-pregnant.html,/insights/uscis-medical-025-what-to-do-if-you-are-pregnant.html,2026-06-19,insight,uscisexam.com,content/_live/published_urls.json
https://theindustryguides.com/insights/uscis-medical-026-what-to-do-if-you-have-tb-history.html,/insights/uscis-medical-026-what-to-do-if-you-have-tb-history.html,2026-06-19,insight,uscisexam.com,content/_live/published_urls.json
https://theindustryguides.com/insights/uscis-medical-027-how-to-prepare-your-documents-the-night-before.html,/insights/uscis-medical-027-how-to-prepare-your-documents-the-night-before.html,2026-06-19,insight,uscisexam.com,content/_live/published_urls.json
https://theindustryguides.com/insights/uscis-medical-028-how-to-compare-2-3-clinics-fast.html,/insights/uscis-medical-028-how-to-compare-2-3-clinics-fast.html,2026-06-19,insight,uscisexam.com,content/_live/published_urls.json
https://theindustryguides.com/insights/uscis-medical-029-how-to-avoid-rfes-from-clinic-mistakes.html,/insights/uscis-medical-029-how-to-avoid-rfes-from-clinic-mistakes.html,2026-06-19,insight,uscisexam.com,content/_live/published_urls.json
https://theindustryguides.com/insights/uscis-medical-030-how-to-handle-tight-deadlines.html,/insights/uscis-medical-030-how-to-handle-tight-deadlines.html,2026-06-19,insight,uscisexam.com,content/_live/published_urls.json
https://theindustryguides.com/insights/uscis-medical-031-how-to-get-corrections-quickly.html,/insights/uscis-medical-031-how-to-get-corrections-quickly.html,2026-06-19,insight,uscisexam.com,content/_live/published_urls.json
https://theindustryguides.com/insights/uscis-medical-033-walk-in-form-sealing-near-me.html,/insights/uscis-medical-033-walk-in-form-sealing-near-me.html,2026-06-19,insight,uscisexam.com,content/_live/published_urls.json
https://theindustryguides.com/insights/uscis-medical-034-same-week-form-sealing-near-me.html,/insights/uscis-medical-034-same-week-form-sealing-near-me.html,2026-06-19,insight,uscisexam.com,content/_live/published_urls.json
https://theindustryguides.com/insights/uscis-medical-035-trusted-form-sealing-near-me.html,/insights/uscis-medical-035-trusted-form-sealing-near-me.html,2026-06-19,insight,uscisexam.com,content/_live/published_urls.json
https://theindustryguides.com/insights/uscis-medical-036-highly-reviewed-form-sealing-near-me.html,/insights/uscis-medical-036-highly-reviewed-form-sealing-near-me.html,2026-06-19,insight,uscisexam.com,content/_live/published_urls.json
https://theindustryguides.com/insights/uscis-medical-037-fast-paperwork-form-sealing-near-me.html,/insights/uscis-medical-037-fast-paperwork-form-sealing-near-me.html,2026-06-19,insight,uscisexam.com,content/_live/published_urls.json
https://theindustryguides.com/insights/uscis-medical-038-best-uscis-medical-exam-near-me.html,/insights/uscis-medical-038-best-uscis-medical-exam-near-me.html,2026-06-19,insight,uscisexam.com,content/_live/published_urls.json
https://theindustryguides.com/insights/uscis-medical-039-top-rated-uscis-medical-exam-near-me.html,/insights/uscis-medical-039-top-rated-uscis-medical-exam-near-me.html,2026-06-19,insight,uscisexam.com,content/_live/published_urls.json
https://theindustryguides.com/insights/uscis-medical-040-affordable-uscis-medical-exam-near-me.html,/insights/uscis-medical-040-affordable-uscis-medical-exam-near-me.html,2026-06-19,insight,uscisexam.com,content/_live/published_urls.json
https://theindustryguides.com/insights/uscis-medical-041-near-me-uscis-medical-exam-near-me.html,/insights/uscis-medical-041-near-me-uscis-medical-exam-near-me.html,2026-06-19,insight,uscisexam.com,content/_live/published_urls.json
https://theindustryguides.com/insights/uscis-medical-042-civil-surgeon-uscis-medical-exam-near-me.html,/insights/uscis-medical-042-civil-surgeon-uscis-medical-exam-near-me.html,2026-06-19,insight,uscisexam.com,content/_live/published_urls.json
https://theindustryguides.com/insights/uscis-medical-043-walk-in-uscis-medical-exam-near-me.html,/insights/uscis-medical-043-walk-in-uscis-medical-exam-near-me.html,2026-06-19,insight,uscisexam.com,content/_live/published_urls.json
https://theindustryguides.com/insights/uscis-medical-044-5-step-uscis-civil-surgeon-selection-framework.html,/insights/uscis-medical-044-5-step-uscis-civil-surgeon-selection-framework.html,2026-06-19,insight,uscisexam.com,content/_live/published_urls.json
https://theindustryguides.com/insights/uscis-medical-045-near-me-translation-of-records-near-me.html,/insights/uscis-medical-045-near-me-translation-of-records-near-me.html,2026-06-19,insight,uscisexam.com,content/_live/published_urls.json
https://theindustryguides.com/insights/uscis-medical-046-civil-surgeon-translation-of-records-near-me.html,/insights/uscis-medical-046-civil-surgeon-translation-of-records-near-me.html,2026-06-19,insight,uscisexam.com,content/_live/published_urls.json
https://theindustryguides.com/insights/uscis-medical-047-walk-in-translation-of-records-near-me.html,/insights/uscis-medical-047-walk-in-translation-of-records-near-me.html,2026-06-19,insight,uscisexam.com,content/_live/published_urls.json
https://theindustryguides.com/insights/uscis-medical-048-same-week-translation-of-records-near-me.html,/insights/uscis-medical-048-same-week-translation-of-records-near-me.html,2026-06-19,insight,uscisexam.com,content/_live/published_urls.json
https://theindustryguides.com/insights/uscis-medical-049-trusted-translation-of-records-near-me.html,/insights/uscis-medical-049-trusted-translation-of-records-near-me.html,2026-06-19,insight,uscisexam.com,content/_live/published_urls.json
https://theindustryguides.com/insights/uscis-medical-050-highly-reviewed-translation-of-records-near-me.html,/insights/uscis-medical-050-highly-reviewed-translation-of-records-near-me.html,2026-06-19,insight,uscisexam.com,content/_live/published_urls.json
https://theindustryguides.com/insights/uscis-medical-051-fast-paperwork-translation-of-records-near-me.html,/insights/uscis-medical-051-fast-paperwork-translation-of-records-near-me.html,2026-06-19,insight,uscisexam.com,content/_live/published_urls.json
https://theindustryguides.com/insights/uscis-medical-052-best-tb-test-near-me.html,/insights/uscis-medical-052-best-tb-test-near-me.html,2026-06-19,insight,uscisexam.com,content/_live/published_urls.json
https://theindustryguides.com/insights/uscis-medical-053-top-rated-tb-test-near-me.html,/insights/uscis-medical-053-top-rated-tb-test-near-me.html,2026-06-19,insight,uscisexam.com,content/_live/published_urls.json
https://theindustryguides.com/insights/uscis-medical-054-affordable-tb-test-near-me.html,/insights/uscis-medical-054-affordable-tb-test-near-me.html,2026-06-19,insight,uscisexam.com,content/_live/published_urls.json
https://theindustryguides.com/insights/uscis-medical-055-near-me-tb-test-near-me.html,/insights/uscis-medical-055-near-me-tb-test-near-me.html,2026-06-19,insight,uscisexam.com,content/_live/published_urls.json
https://theindustryguides.com/insights/uscis-medical-056-civil-surgeon-tb-test-near-me.html,/insights/uscis-medical-056-civil-surgeon-tb-test-near-me.html,2026-06-19,insight,uscisexam.com,content/_live/published_urls.json
https://theindustryguides.com/insights/uscis-medical-057-walk-in-tb-test-near-me.html,/insights/uscis-medical-057-walk-in-tb-test-near-me.html,2026-06-19,insight,uscisexam.com,content/_live/published_urls.json
https://theindustryguides.com/insights/uscis-medical-058-same-week-tb-test-near-me.html,/insights/uscis-medical-058-same-week-tb-test-near-me.html,2026-06-19,insight,uscisexam.com,content/_live/published_urls.json
https://theindustryguides.com/insights/uscis-medical-059-trusted-tb-test-near-me.html,/insights/uscis-medical-059-trusted-tb-test-near-me.html,2026-06-19,insight,uscisexam.com,content/_live/published_urls.json
https://theindustryguides.com/insights/uscis-medical-060-highly-reviewed-tb-test-near-me.html,/insights/uscis-medical-060-highly-reviewed-tb-test-near-me.html,2026-06-19,insight,uscisexam.com,content/_live/published_urls.json
https://theindustryguides.com/insights/uscis-medical-061-fast-paperwork-tb-test-near-me.html,/insights/uscis-medical-061-fast-paperwork-tb-test-near-me.html,2026-06-19,insight,uscisexam.com,content/_live/published_urls.json
https://theindustryguides.com/insights/uscis-medical-062-best-form-sealing-near-me.html,/insights/uscis-medical-062-best-form-sealing-near-me.html,2026-06-19,insight,uscisexam.com,content/_live/published_urls.json
https://theindustryguides.com/insights/uscis-medical-063-top-rated-form-sealing-near-me.html,/insights/uscis-medical-063-top-rated-form-sealing-near-me.html,2026-06-19,insight,uscisexam.com,content/_live/published_urls.json
https://theindustryguides.com/insights/uscis-medical-064-affordable-form-sealing-near-me.html,/insights/uscis-medical-064-affordable-form-sealing-near-me.html,2026-06-19,insight,uscisexam.com,content/_live/published_urls.json
https://theindustryguides.com/insights/uscis-medical-065-near-me-form-sealing-near-me.html,/insights/uscis-medical-065-near-me-form-sealing-near-me.html,2026-06-19,insight,uscisexam.com,content/_live/published_urls.json
https://theindustryguides.com/insights/uscis-medical-066-civil-surgeon-form-sealing-near-me.html,/insights/uscis-medical-066-civil-surgeon-form-sealing-near-me.html,2026-06-19,insight,uscisexam.com,content/_live/published_urls.json
https://theindustryguides.com/insights/uscis-medical-after-exam-filing-001-what-do-i-do-with-the-sealed-medical-envelope-after-the-exam.html,/insights/uscis-medical-after-exam-filing-001-what-do-i-do-with-the-sealed-medical-envelope-after-the-exam.html,2026-06-19,insight,uscisexam.com,content/_live/published_urls.json
https://theindustryguides.com/insights/uscis-medical-after-exam-filing-002-can-i-mail-the-i-693-later-if-i-do-not-file-immediately.html,/insights/uscis-medical-after-exam-filing-002-can-i-mail-the-i-693-later-if-i-do-not-file-immediately.html,2026-06-19,insight,uscisexam.com,content/_live/published_urls.json
https://theindustryguides.com/insights/uscis-medical-after-exam-filing-003-what-if-i-get-an-rfe-after-my-immigration-medical-exam.html,/insights/uscis-medical-after-exam-filing-003-what-if-i-get-an-rfe-after-my-immigration-medical-exam.html,2026-06-19,insight,uscisexam.com,content/_live/published_urls.json
https://theindustryguides.com/insights/uscis-medical-after-exam-filing-004-should-i-open-the-sealed-uscis-medical-packet-to-check-it.html,/insights/uscis-medical-after-exam-filing-004-should-i-open-the-sealed-uscis-medical-packet-to-check-it.html,2026-06-19,insight,uscisexam.com,content/_live/published_urls.json
https://theindustryguides.com/insights/uscis-medical-civil-surgeon-near-me-001-how-to-verify-and-compare-civil-surgeons-before-booking.html,/insights/uscis-medical-civil-surgeon-near-me-001-how-to-verify-and-compare-civil-surgeons-before-booking.html,2026-06-19,insight,uscisexam.com,content/_live/published_urls.json
https://theindustryguides.com/insights/uscis-medical-civil-surgeon-near-me-002-how-to-start-the-uscis-medical-exam-process-the-right-way.html,/insights/uscis-medical-civil-surgeon-near-me-002-how-to-start-the-uscis-medical-exam-process-the-right-way.html,2026-06-19,insight,uscisexam.com,content/_live/published_urls.json
https://theindustryguides.com/insights/uscis-medical-civil-surgeon-near-me-003-how-to-compare-uscis-exam-pricing-without-creating-delays.html,/insights/uscis-medical-civil-surgeon-near-me-003-how-to-compare-uscis-exam-pricing-without-creating-delays.html,2026-06-19,insight,uscisexam.com,content/_live/published_urls.json
https://theindustryguides.com/insights/uscis-medical-civil-surgeon-near-me-004-walk-in-uscis-medical-exam-is-it-possible.html,/insights/uscis-medical-civil-surgeon-near-me-004-walk-in-uscis-medical-exam-is-it-possible.html,2026-06-19,insight,uscisexam.com,content/_live/published_urls.json
https://theindustryguides.com/insights/uscis-medical-civil-surgeon-near-me-005-same-day-i-693-exam-what-to-expect.html,/insights/uscis-medical-civil-surgeon-near-me-005-same-day-i-693-exam-what-to-expect.html,2026-06-19,insight,uscisexam.com,content/_live/published_urls.json
https://theindustryguides.com/insights/uscis-medical-civil-surgeon-near-me-006-how-to-check-urgent-civil-surgeon-availability-before-you-go.html,/insights/uscis-medical-civil-surgeon-near-me-006-how-to-check-urgent-civil-surgeon-availability-before-you-go.html,2026-06-19,insight,uscisexam.com,content/_live/published_urls.json
https://theindustryguides.com/insights/uscis-medical-civil-surgeon-near-me-007-how-to-compare-civil-surgeons-without-guessing.html,/insights/uscis-medical-civil-surgeon-near-me-007-how-to-compare-civil-surgeons-without-guessing.html,2026-06-19,insight,uscisexam.com,content/_live/published_urls.json
https://theindustryguides.com/insights/uscis-medical-civil-surgeon-near-me-008-what-top-rated-should-mean-when-choosing-a-civil-surgeon.html,/insights/uscis-medical-civil-surgeon-near-me-008-what-top-rated-should-mean-when-choosing-a-civil-surgeon.html,2026-06-19,insight,uscisexam.com,content/_live/published_urls.json
https://theindustryguides.com/insights/uscis-medical-civil-surgeon-near-me-009-how-to-verify-a-civil-surgeon-is-authorized.html,/insights/uscis-medical-civil-surgeon-near-me-009-how-to-verify-a-civil-surgeon-is-authorized.html,2026-06-19,insight,uscisexam.com,content/_live/published_urls.json
https://theindustryguides.com/insights/uscis-medical-civil-surgeon-near-me-010-red-flags-in-immigration-medical-clinics.html,/insights/uscis-medical-civil-surgeon-near-me-010-red-flags-in-immigration-medical-clinics.html,2026-06-19,insight,uscisexam.com,content/_live/published_urls.json
https://theindustryguides.com/insights/uscis-medical-civil-surgeon-near-me-011-how-to-compare-2-3-civil-surgeons.html,/insights/uscis-medical-civil-surgeon-near-me-011-how-to-compare-2-3-civil-surgeons.html,2026-06-19,insight,uscisexam.com,content/_live/published_urls.json
https://theindustryguides.com/insights/uscis-medical-civil-surgeon-near-me-012-what-documents-do-i-bring.html,/insights/uscis-medical-civil-surgeon-near-me-012-what-documents-do-i-bring.html,2026-06-19,insight,uscisexam.com,content/_live/published_urls.json
https://theindustryguides.com/insights/uscis-medical-civil-surgeon-near-me-013-what-vaccines-do-i-need.html,/insights/uscis-medical-civil-surgeon-near-me-013-what-vaccines-do-i-need.html,2026-06-19,insight,uscisexam.com,content/_live/published_urls.json
https://theindustryguides.com/insights/uscis-medical-civil-surgeon-near-me-014-can-i-use-old-vaccine-records.html,/insights/uscis-medical-civil-surgeon-near-me-014-can-i-use-old-vaccine-records.html,2026-06-19,insight,uscisexam.com,content/_live/published_urls.json
https://theindustryguides.com/insights/uscis-medical-civil-surgeon-near-me-015-how-long-does-the-appointment-take.html,/insights/uscis-medical-civil-surgeon-near-me-015-how-long-does-the-appointment-take.html,2026-06-19,insight,uscisexam.com,content/_live/published_urls.json
https://theindustryguides.com/insights/uscis-medical-civil-surgeon-near-me-016-how-fast-do-i-get-the-sealed-envelope.html,/insights/uscis-medical-civil-surgeon-near-me-016-how-fast-do-i-get-the-sealed-envelope.html,2026-06-19,insight,uscisexam.com,content/_live/published_urls.json
https://theindustryguides.com/insights/uscis-medical-civil-surgeon-near-me-017-can-they-mail-the-results.html,/insights/uscis-medical-civil-surgeon-near-me-017-can-they-mail-the-results.html,2026-06-19,insight,uscisexam.com,content/_live/published_urls.json
https://theindustryguides.com/insights/uscis-medical-civil-surgeon-near-me-018-what-if-i-need-lab-tests.html,/insights/uscis-medical-civil-surgeon-near-me-018-what-if-i-need-lab-tests.html,2026-06-19,insight,uscisexam.com,content/_live/published_urls.json
https://theindustryguides.com/insights/uscis-medical-civil-surgeon-near-me-019-what-if-i-m-missing-vaccines.html,/insights/uscis-medical-civil-surgeon-near-me-019-what-if-i-m-missing-vaccines.html,2026-06-19,insight,uscisexam.com,content/_live/published_urls.json
https://theindustryguides.com/insights/uscis-medical-civil-surgeon-near-me-020-what-if-i-m-pregnant.html,/insights/uscis-medical-civil-surgeon-near-me-020-what-if-i-m-pregnant.html,2026-06-19,insight,uscisexam.com,content/_live/published_urls.json
https://theindustryguides.com/insights/uscis-medical-civil-surgeon-near-me-021-what-if-i-have-tb-history.html,/insights/uscis-medical-civil-surgeon-near-me-021-what-if-i-have-tb-history.html,2026-06-19,insight,uscisexam.com,content/_live/published_urls.json
https://theindustryguides.com/insights/uscis-medical-civil-surgeon-near-me-022-what-if-i-have-no-records.html,/insights/uscis-medical-civil-surgeon-near-me-022-what-if-i-have-no-records.html,2026-06-19,insight,uscisexam.com,content/_live/published_urls.json
https://theindustryguides.com/insights/uscis-medical-civil-surgeon-near-me-023-what-if-i-need-a-translator.html,/insights/uscis-medical-civil-surgeon-near-me-023-what-if-i-need-a-translator.html,2026-06-19,insight,uscisexam.com,content/_live/published_urls.json
https://theindustryguides.com/insights/uscis-medical-civil-surgeon-near-me-024-how-to-avoid-delays.html,/insights/uscis-medical-civil-surgeon-near-me-024-how-to-avoid-delays.html,2026-06-19,insight,uscisexam.com,content/_live/published_urls.json
https://theindustryguides.com/insights/uscis-medical-civil-surgeon-near-me-025-how-to-avoid-redoing-the-exam.html,/insights/uscis-medical-civil-surgeon-near-me-025-how-to-avoid-redoing-the-exam.html,2026-06-19,insight,uscisexam.com,content/_live/published_urls.json
https://theindustryguides.com/insights/uscis-medical-civil-surgeon-near-me-026-questions-to-ask-before-scheduling-a-uscis-immigration-physical-exam.html,/insights/uscis-medical-civil-surgeon-near-me-026-questions-to-ask-before-scheduling-a-uscis-immigration-physical-exam.html,2026-06-19,insight,uscisexam.com,content/_live/published_urls.json
https://theindustryguides.com/insights/uscis-medical-civil-surgeon-near-me-027-same-day-uscis-medical-exam-appointments-atlanta-georgia.html,/insights/uscis-medical-civil-surgeon-near-me-027-same-day-uscis-medical-exam-appointments-atlanta-georgia.html,2026-06-19,insight,uscisexam.com,content/_live/published_urls.json
https://theindustryguides.com/insights/uscis-medical-correction-mistakes-001-what-if-the-civil-surgeon-made-a-mistake-on-my-i-693.html,/insights/uscis-medical-correction-mistakes-001-what-if-the-civil-surgeon-made-a-mistake-on-my-i-693.html,2026-06-19,insight,uscisexam.com,content/_live/published_urls.json
https://theindustryguides.com/insights/uscis-medical-correction-mistakes-002-can-a-sealed-envelope-be-corrected-after-i-leave-the-office.html,/insights/uscis-medical-correction-mistakes-002-can-a-sealed-envelope-be-corrected-after-i-leave-the-office.html,2026-06-19,insight,uscisexam.com,content/_live/published_urls.json
https://theindustryguides.com/insights/uscis-medical-correction-mistakes-003-what-if-my-name-or-a-date-is-wrong-on-the-medical-form.html,/insights/uscis-medical-correction-mistakes-003-what-if-my-name-or-a-date-is-wrong-on-the-medical-form.html,2026-06-19,insight,uscisexam.com,content/_live/published_urls.json
https://theindustryguides.com/insights/uscis-medical-correction-mistakes-004-who-fixes-a-missing-signature-on-the-uscis-medical-exam.html,/insights/uscis-medical-correction-mistakes-004-who-fixes-a-missing-signature-on-the-uscis-medical-exam.html,2026-06-19,insight,uscisexam.com,content/_live/published_urls.json
https://theindustryguides.com/insights/uscis-medical-correction-mistakes-005-i-693-correction-rfe-denial-and-refile-decision-tree.html,/insights/uscis-medical-correction-mistakes-005-i-693-correction-rfe-denial-and-refile-decision-tree.html,2026-06-19,insight,uscisexam.com,content/_live/published_urls.json
https://theindustryguides.com/insights/uscis-medical-correction-mistakes-006-wrong-date.html,/insights/uscis-medical-correction-mistakes-006-wrong-date.html,2026-06-19,insight,uscisexam.com,content/_live/published_urls.json
https://theindustryguides.com/insights/uscis-medical-cost-001-how-much-does-the-uscis-medical-exam-cost.html,/insights/uscis-medical-cost-001-how-much-does-the-uscis-medical-exam-cost.html,2026-06-19,insight,uscisexam.com,content/_live/published_urls.json
https://theindustryguides.com/insights/uscis-medical-cost-002-what-s-included-in-the-price.html,/insights/uscis-medical-cost-002-what-s-included-in-the-price.html,2026-06-19,insight,uscisexam.com,content/_live/published_urls.json
https://theindustryguides.com/insights/uscis-medical-cost-003-are-labs-included-or-extra.html,/insights/uscis-medical-cost-003-are-labs-included-or-extra.html,2026-06-19,insight,uscisexam.com,content/_live/published_urls.json
https://theindustryguides.com/insights/uscis-medical-cost-004-are-vaccines-included-or-extra.html,/insights/uscis-medical-cost-004-are-vaccines-included-or-extra.html,2026-06-19,insight,uscisexam.com,content/_live/published_urls.json
https://theindustryguides.com/insights/uscis-medical-cost-005-why-prices-vary-by-clinic.html,/insights/uscis-medical-cost-005-why-prices-vary-by-clinic.html,2026-06-19,insight,uscisexam.com,content/_live/published_urls.json
https://theindustryguides.com/insights/uscis-medical-cost-006-how-to-get-a-written-quote.html,/insights/uscis-medical-cost-006-how-to-get-a-written-quote.html,2026-06-19,insight,uscisexam.com,content/_live/published_urls.json
https://theindustryguides.com/insights/uscis-medical-cost-007-how-to-compare-pricing-without-walking-into-the-wrong-fit.html,/insights/uscis-medical-cost-007-how-to-compare-pricing-without-walking-into-the-wrong-fit.html,2026-06-19,insight,uscisexam.com,content/_live/published_urls.json
https://theindustryguides.com/insights/uscis-medical-cost-008-payment-plans-do-they-exist.html,/insights/uscis-medical-cost-008-payment-plans-do-they-exist.html,2026-06-19,insight,uscisexam.com,content/_live/published_urls.json
https://theindustryguides.com/insights/uscis-medical-cost-009-can-insurance-cover-any-part.html,/insights/uscis-medical-cost-009-can-insurance-cover-any-part.html,2026-06-19,insight,uscisexam.com,content/_live/published_urls.json
https://theindustryguides.com/insights/uscis-medical-cost-010-can-my-child-s-exam-be-cheaper.html,/insights/uscis-medical-cost-010-can-my-child-s-exam-be-cheaper.html,2026-06-19,insight,uscisexam.com,content/_live/published_urls.json
https://theindustryguides.com/insights/uscis-medical-cost-011-how-to-compare-2-3-quotes.html,/insights/uscis-medical-cost-011-how-to-compare-2-3-quotes.html,2026-06-19,insight,uscisexam.com,content/_live/published_urls.json
https://theindustryguides.com/insights/uscis-medical-cost-012-what-fees-are-non-refundable.html,/insights/uscis-medical-cost-012-what-fees-are-non-refundable.html,2026-06-19,insight,uscisexam.com,content/_live/published_urls.json
https://theindustryguides.com/insights/uscis-medical-cost-013-how-to-avoid-paying-twice.html,/insights/uscis-medical-cost-013-how-to-avoid-paying-twice.html,2026-06-19,insight,uscisexam.com,content/_live/published_urls.json
https://theindustryguides.com/insights/uscis-medical-cost-014-how-much-do-missing-vaccines-cost.html,/insights/uscis-medical-cost-014-how-much-do-missing-vaccines-cost.html,2026-06-19,insight,uscisexam.com,content/_live/published_urls.json
https://theindustryguides.com/insights/uscis-medical-cost-015-how-much-does-tb-testing-cost.html,/insights/uscis-medical-cost-015-how-much-does-tb-testing-cost.html,2026-06-19,insight,uscisexam.com,content/_live/published_urls.json
https://theindustryguides.com/insights/uscis-medical-cost-016-how-much-do-blood-tests-cost.html,/insights/uscis-medical-cost-016-how-much-do-blood-tests-cost.html,2026-06-19,insight,uscisexam.com,content/_live/published_urls.json
https://theindustryguides.com/insights/uscis-medical-cost-018-how-to-compare-prices-fairly.html,/insights/uscis-medical-cost-018-how-to-compare-prices-fairly.html,2026-06-19,insight,uscisexam.com,content/_live/published_urls.json
https://theindustryguides.com/insights/uscis-medical-cost-019-are-vaccines-billed-separately.html,/insights/uscis-medical-cost-019-are-vaccines-billed-separately.html,2026-06-19,insight,uscisexam.com,content/_live/published_urls.json
https://theindustryguides.com/insights/uscis-medical-cost-020-are-labs-billed-separately.html,/insights/uscis-medical-cost-020-are-labs-billed-separately.html,2026-06-19,insight,uscisexam.com,content/_live/published_urls.json
https://theindustryguides.com/insights/uscis-medical-cost-021-can-i-bring-my-own-vaccine-records-to-reduce-cost.html,/insights/uscis-medical-cost-021-can-i-bring-my-own-vaccine-records-to-reduce-cost.html,2026-06-19,insight,uscisexam.com,content/_live/published_urls.json
https://theindustryguides.com/insights/uscis-medical-cost-022-can-insurance-cover-any-labs.html,/insights/uscis-medical-cost-022-can-insurance-cover-any-labs.html,2026-06-19,insight,uscisexam.com,content/_live/published_urls.json
https://theindustryguides.com/insights/uscis-medical-cost-023-refund-policy-what-to-ask.html,/insights/uscis-medical-cost-023-refund-policy-what-to-ask.html,2026-06-19,insight,uscisexam.com,content/_live/published_urls.json
https://theindustryguides.com/insights/uscis-medical-cost-024-extra-visit-fees-what-to-ask.html,/insights/uscis-medical-cost-024-extra-visit-fees-what-to-ask.html,2026-06-19,insight,uscisexam.com,content/_live/published_urls.json
https://theindustryguides.com/insights/uscis-medical-cost-025-how-to-avoid-surprise-charges.html,/insights/uscis-medical-cost-025-how-to-avoid-surprise-charges.html,2026-06-19,insight,uscisexam.com,content/_live/published_urls.json
https://theindustryguides.com/insights/uscis-medical-cost-026-how-much-does-a-civil-surgeon-charge-in-houston-texas-for-green-card.html,/insights/uscis-medical-cost-026-how-much-does-a-civil-surgeon-charge-in-houston-texas-for-green-card.html,2026-06-19,insight,uscisexam.com,content/_live/published_urls.json
https://theindustryguides.com/insights/uscis-medical-delays-rfe-001-rfe-for-medical-exam-what-does-it-mean.html,/insights/uscis-medical-delays-rfe-001-rfe-for-medical-exam-what-does-it-mean.html,2026-06-19,insight,uscisexam.com,content/_live/published_urls.json
https://theindustryguides.com/insights/uscis-medical-delays-rfe-002-medical-exam-expired-what-now.html,/insights/uscis-medical-delays-rfe-002-medical-exam-expired-what-now.html,2026-06-19,insight,uscisexam.com,content/_live/published_urls.json
https://theindustryguides.com/insights/uscis-medical-delays-rfe-003-doctor-forgot-to-sign-what-now.html,/insights/uscis-medical-delays-rfe-003-doctor-forgot-to-sign-what-now.html,2026-06-19,insight,uscisexam.com,content/_live/published_urls.json
https://theindustryguides.com/insights/uscis-medical-delays-rfe-004-wrong-form-version-what-now.html,/insights/uscis-medical-delays-rfe-004-wrong-form-version-what-now.html,2026-06-19,insight,uscisexam.com,content/_live/published_urls.json
https://theindustryguides.com/insights/uscis-medical-delays-rfe-005-wrong-vaccine-record-what-now.html,/insights/uscis-medical-delays-rfe-005-wrong-vaccine-record-what-now.html,2026-06-19,insight,uscisexam.com,content/_live/published_urls.json
https://theindustryguides.com/insights/uscis-medical-delays-rfe-006-missing-test-results-what-now.html,/insights/uscis-medical-delays-rfe-006-missing-test-results-what-now.html,2026-06-19,insight,uscisexam.com,content/_live/published_urls.json
https://theindustryguides.com/insights/uscis-medical-delays-rfe-007-clinic-lost-my-paperwork-what-now.html,/insights/uscis-medical-delays-rfe-007-clinic-lost-my-paperwork-what-now.html,2026-06-19,insight,uscisexam.com,content/_live/published_urls.json
https://theindustryguides.com/insights/uscis-medical-delays-rfe-008-envelope-opened-what-now.html,/insights/uscis-medical-delays-rfe-008-envelope-opened-what-now.html,2026-06-19,insight,uscisexam.com,content/_live/published_urls.json
https://theindustryguides.com/insights/uscis-medical-delays-rfe-009-how-to-get-a-replacement-envelope.html,/insights/uscis-medical-delays-rfe-009-how-to-get-a-replacement-envelope.html,2026-06-19,insight,uscisexam.com,content/_live/published_urls.json
https://theindustryguides.com/insights/uscis-medical-delays-rfe-010-how-to-request-corrections-fast.html,/insights/uscis-medical-delays-rfe-010-how-to-request-corrections-fast.html,2026-06-19,insight,uscisexam.com,content/_live/published_urls.json
https://theindustryguides.com/insights/uscis-medical-delays-rfe-011-how-to-avoid-a-second-exam.html,/insights/uscis-medical-delays-rfe-011-how-to-avoid-a-second-exam.html,2026-06-19,insight,uscisexam.com,content/_live/published_urls.json
https://theindustryguides.com/insights/uscis-medical-delays-rfe-012-how-long-corrections-take.html,/insights/uscis-medical-delays-rfe-012-how-long-corrections-take.html,2026-06-19,insight,uscisexam.com,content/_live/published_urls.json
https://theindustryguides.com/insights/uscis-medical-delays-rfe-013-how-to-handle-deadlines.html,/insights/uscis-medical-delays-rfe-013-how-to-handle-deadlines.html,2026-06-19,insight,uscisexam.com,content/_live/published_urls.json
https://theindustryguides.com/insights/uscis-medical-delays-rfe-014-what-to-do-if-clinic-won-t-respond.html,/insights/uscis-medical-delays-rfe-014-what-to-do-if-clinic-won-t-respond.html,2026-06-19,insight,uscisexam.com,content/_live/published_urls.json
https://theindustryguides.com/insights/uscis-medical-delays-rfe-015-what-to-do-if-clinic-closes.html,/insights/uscis-medical-delays-rfe-015-what-to-do-if-clinic-closes.html,2026-06-19,insight,uscisexam.com,content/_live/published_urls.json
https://theindustryguides.com/insights/uscis-medical-delays-rfe-016-how-to-document-everything.html,/insights/uscis-medical-delays-rfe-016-how-to-document-everything.html,2026-06-19,insight,uscisexam.com,content/_live/published_urls.json
https://theindustryguides.com/insights/uscis-medical-delays-rfe-017-how-to-choose-a-clinic-to-avoid-rfes.html,/insights/uscis-medical-delays-rfe-017-how-to-choose-a-clinic-to-avoid-rfes.html,2026-06-19,insight,uscisexam.com,content/_live/published_urls.json
https://theindustryguides.com/insights/uscis-medical-delays-rfe-018-common-mistakes-that-cause-rfes.html,/insights/uscis-medical-delays-rfe-018-common-mistakes-that-cause-rfes.html,2026-06-19,insight,uscisexam.com,content/_live/published_urls.json
https://theindustryguides.com/insights/uscis-medical-delays-rfe-019-how-to-prevent-delays.html,/insights/uscis-medical-delays-rfe-019-how-to-prevent-delays.html,2026-06-19,insight,uscisexam.com,content/_live/published_urls.json
https://theindustryguides.com/insights/uscis-medical-delays-rfe-020-what-to-do-before-you-submit.html,/insights/uscis-medical-delays-rfe-020-what-to-do-before-you-submit.html,2026-06-19,insight,uscisexam.com,content/_live/published_urls.json
https://theindustryguides.com/insights/uscis-medical-delays-rfe-021-what-if-the-doctor-wrote-the-wrong-date.html,/insights/uscis-medical-delays-rfe-021-what-if-the-doctor-wrote-the-wrong-date.html,2026-06-19,insight,uscisexam.com,content/_live/published_urls.json
https://theindustryguides.com/insights/uscis-medical-delays-rfe-022-what-if-the-doctor-used-the-wrong-test.html,/insights/uscis-medical-delays-rfe-022-what-if-the-doctor-used-the-wrong-test.html,2026-06-19,insight,uscisexam.com,content/_live/published_urls.json
https://theindustryguides.com/insights/uscis-medical-delays-rfe-023-how-to-re-seal-documents.html,/insights/uscis-medical-delays-rfe-023-how-to-re-seal-documents.html,2026-06-19,insight,uscisexam.com,content/_live/published_urls.json
https://theindustryguides.com/insights/uscis-medical-delays-rfe-024-how-to-request-a-refund.html,/insights/uscis-medical-delays-rfe-024-how-to-request-a-refund.html,2026-06-19,insight,uscisexam.com,content/_live/published_urls.json
https://theindustryguides.com/insights/uscis-medical-delays-rfe-025-how-to-escalate-a-complaint.html,/insights/uscis-medical-delays-rfe-025-how-to-escalate-a-complaint.html,2026-06-19,insight,uscisexam.com,content/_live/published_urls.json
https://theindustryguides.com/insights/uscis-medical-exam-day-documents-001-what-should-i-bring-to-the-immigration-medical-exam.html,/insights/uscis-medical-exam-day-documents-001-what-should-i-bring-to-the-immigration-medical-exam.html,2026-06-19,insight,uscisexam.com,content/_live/published_urls.json
https://theindustryguides.com/insights/uscis-medical-exam-day-documents-002-do-i-need-passport-photos-for-the-i-693-exam.html,/insights/uscis-medical-exam-day-documents-002-do-i-need-passport-photos-for-the-i-693-exam.html,2026-06-19,insight,uscisexam.com,content/_live/published_urls.json
https://theindustryguides.com/insights/uscis-medical-exam-day-documents-003-can-i-bring-copies-instead-of-vaccine-originals.html,/insights/uscis-medical-exam-day-documents-003-can-i-bring-copies-instead-of-vaccine-originals.html,2026-06-19,insight,uscisexam.com,content/_live/published_urls.json
https://theindustryguides.com/insights/uscis-medical-exam-day-documents-004-what-usually-happens-during-the-uscis-medical-appointment.html,/insights/uscis-medical-exam-day-documents-004-what-usually-happens-during-the-uscis-medical-appointment.html,2026-06-19,insight,uscisexam.com,content/_live/published_urls.json
https://theindustryguides.com/insights/uscis-medical-process-documents-001-i-693-explained-in-plain-english.html,/insights/uscis-medical-process-documents-001-i-693-explained-in-plain-english.html,2026-06-19,insight,uscisexam.com,content/_live/published_urls.json
https://theindustryguides.com/insights/uscis-medical-process-documents-002-what-to-bring-to-the-uscis-medical-exam.html,/insights/uscis-medical-process-documents-002-what-to-bring-to-the-uscis-medical-exam.html,2026-06-19,insight,uscisexam.com,content/_live/published_urls.json
https://theindustryguides.com/insights/uscis-medical-process-documents-003-how-the-exam-works-step-by-step.html,/insights/uscis-medical-process-documents-003-how-the-exam-works-step-by-step.html,2026-06-19,insight,uscisexam.com,content/_live/published_urls.json
https://theindustryguides.com/insights/uscis-medical-process-documents-004-how-vaccines-and-records-work.html,/insights/uscis-medical-process-documents-004-how-vaccines-and-records-work.html,2026-06-19,insight,uscisexam.com,content/_live/published_urls.json
https://theindustryguides.com/insights/uscis-medical-process-documents-005-how-tb-testing-works.html,/insights/uscis-medical-process-documents-005-how-tb-testing-works.html,2026-06-19,insight,uscisexam.com,content/_live/published_urls.json
https://theindustryguides.com/insights/uscis-medical-process-documents-006-how-labs-work.html,/insights/uscis-medical-process-documents-006-how-labs-work.html,2026-06-19,insight,uscisexam.com,content/_live/published_urls.json
https://theindustryguides.com/insights/uscis-medical-process-documents-007-what-gets-sealed-and-why.html,/insights/uscis-medical-process-documents-007-what-gets-sealed-and-why.html,2026-06-19,insight,uscisexam.com,content/_live/published_urls.json
https://theindustryguides.com/insights/uscis-medical-process-documents-008-can-i-open-the-sealed-envelope.html,/insights/uscis-medical-process-documents-008-can-i-open-the-sealed-envelope.html,2026-06-19,insight,uscisexam.com,content/_live/published_urls.json
https://theindustryguides.com/insights/uscis-medical-process-documents-009-what-if-the-doctor-makes-a-mistake.html,/insights/uscis-medical-process-documents-009-what-if-the-doctor-makes-a-mistake.html,2026-06-19,insight,uscisexam.com,content/_live/published_urls.json
https://theindustryguides.com/insights/uscis-medical-process-documents-010-what-if-my-name-is-spelled-wrong.html,/insights/uscis-medical-process-documents-010-what-if-my-name-is-spelled-wrong.html,2026-06-19,insight,uscisexam.com,content/_live/published_urls.json
https://theindustryguides.com/insights/uscis-medical-process-documents-011-how-to-request-a-correction.html,/insights/uscis-medical-process-documents-011-how-to-request-a-correction.html,2026-06-19,insight,uscisexam.com,content/_live/published_urls.json
https://theindustryguides.com/insights/uscis-medical-process-documents-012-how-long-is-the-medical-valid.html,/insights/uscis-medical-process-documents-012-how-long-is-the-medical-valid.html,2026-06-19,insight,uscisexam.com,content/_live/published_urls.json
https://theindustryguides.com/insights/uscis-medical-process-documents-013-can-i-do-it-before-filing.html,/insights/uscis-medical-process-documents-013-can-i-do-it-before-filing.html,2026-06-19,insight,uscisexam.com,content/_live/published_urls.json
https://theindustryguides.com/insights/uscis-medical-process-documents-014-can-i-do-it-after-filing.html,/insights/uscis-medical-process-documents-014-can-i-do-it-after-filing.html,2026-06-19,insight,uscisexam.com,content/_live/published_urls.json
https://theindustryguides.com/insights/uscis-medical-process-documents-015-what-if-i-moved-states.html,/insights/uscis-medical-process-documents-015-what-if-i-moved-states.html,2026-06-19,insight,uscisexam.com,content/_live/published_urls.json
https://theindustryguides.com/insights/uscis-medical-process-documents-016-what-if-i-changed-doctors.html,/insights/uscis-medical-process-documents-016-what-if-i-changed-doctors.html,2026-06-19,insight,uscisexam.com,content/_live/published_urls.json
https://theindustryguides.com/insights/uscis-medical-process-documents-017-what-if-i-have-a-chronic-condition.html,/insights/uscis-medical-process-documents-017-what-if-i-have-a-chronic-condition.html,2026-06-19,insight,uscisexam.com,content/_live/published_urls.json
https://theindustryguides.com/insights/uscis-medical-process-documents-018-what-if-i-need-a-waiver.html,/insights/uscis-medical-process-documents-018-what-if-i-need-a-waiver.html,2026-06-19,insight,uscisexam.com,content/_live/published_urls.json
https://theindustryguides.com/insights/uscis-medical-process-documents-019-what-if-i-m-missing-vaccine-proof.html,/insights/uscis-medical-process-documents-019-what-if-i-m-missing-vaccine-proof.html,2026-06-19,insight,uscisexam.com,content/_live/published_urls.json
https://theindustryguides.com/insights/uscis-medical-process-documents-020-what-if-i-had-vaccines-overseas.html,/insights/uscis-medical-process-documents-020-what-if-i-had-vaccines-overseas.html,2026-06-19,insight,uscisexam.com,content/_live/published_urls.json
https://theindustryguides.com/insights/uscis-medical-process-documents-021-what-if-i-m-afraid-of-needles.html,/insights/uscis-medical-process-documents-021-what-if-i-m-afraid-of-needles.html,2026-06-19,insight,uscisexam.com,content/_live/published_urls.json
https://theindustryguides.com/insights/uscis-medical-process-documents-022-kids-uscis-medical-exam-what-changes.html,/insights/uscis-medical-process-documents-022-kids-uscis-medical-exam-what-changes.html,2026-06-19,insight,uscisexam.com,content/_live/published_urls.json
https://theindustryguides.com/insights/uscis-medical-process-documents-023-pregnancy-and-vaccines-what-changes.html,/insights/uscis-medical-process-documents-023-pregnancy-and-vaccines-what-changes.html,2026-06-19,insight,uscisexam.com,content/_live/published_urls.json
https://theindustryguides.com/insights/uscis-medical-process-documents-024-how-to-prepare-in-24-hours.html,/insights/uscis-medical-process-documents-024-how-to-prepare-in-24-hours.html,2026-06-19,insight,uscisexam.com,content/_live/published_urls.json
https://theindustryguides.com/insights/uscis-medical-process-documents-025-how-to-prepare-in-a-week.html,/insights/uscis-medical-process-documents-025-how-to-prepare-in-a-week.html,2026-06-19,insight,uscisexam.com,content/_live/published_urls.json
https://theindustryguides.com/insights/uscis-medical-process-documents-026-how-to-avoid-extra-visits.html,/insights/uscis-medical-process-documents-026-how-to-avoid-extra-visits.html,2026-06-19,insight,uscisexam.com,content/_live/published_urls.json
https://theindustryguides.com/insights/uscis-medical-q001-how-does-i-693-validity-and-expiration-work.html,/insights/uscis-medical-q001-how-does-i-693-validity-and-expiration-work.html,2026-06-19,insight,uscisexam.com,content/_live/published_urls.json
https://theindustryguides.com/insights/uscis-medical-q002-what-should-i-verify-about-i-693-validity-and-expiration.html,/insights/uscis-medical-q002-what-should-i-verify-about-i-693-validity-and-expiration.html,2026-06-19,insight,uscisexam.com,content/_live/published_urls.json
https://theindustryguides.com/insights/uscis-medical-q003-what-mistakes-cause-problems-with-i-693-validity-and-expiration.html,/insights/uscis-medical-q003-what-mistakes-cause-problems-with-i-693-validity-and-expiration.html,2026-06-19,insight,uscisexam.com,content/_live/published_urls.json
https://theindustryguides.com/insights/uscis-medical-q004-when-should-i-get-professional-help-with-i-693-validity-and-expiration.html,/insights/uscis-medical-q004-when-should-i-get-professional-help-with-i-693-validity-and-expiration.html,2026-06-19,insight,uscisexam.com,content/_live/published_urls.json
https://theindustryguides.com/insights/uscis-medical-q005-how-does-choosing-a-civil-surgeon-work.html,/insights/uscis-medical-q005-how-does-choosing-a-civil-surgeon-work.html,2026-06-19,insight,uscisexam.com,content/_live/published_urls.json
https://theindustryguides.com/insights/uscis-medical-q006-what-should-i-verify-about-choosing-a-civil-surgeon.html,/insights/uscis-medical-q006-what-should-i-verify-about-choosing-a-civil-surgeon.html,2026-06-19,insight,uscisexam.com,content/_live/published_urls.json
https://theindustryguides.com/insights/uscis-medical-q007-what-mistakes-cause-problems-with-choosing-a-civil-surgeon.html,/insights/uscis-medical-q007-what-mistakes-cause-problems-with-choosing-a-civil-surgeon.html,2026-06-19,insight,uscisexam.com,content/_live/published_urls.json
https://theindustryguides.com/insights/uscis-medical-q008-when-should-i-get-professional-help-with-choosing-a-civil-surgeon.html,/insights/uscis-medical-q008-when-should-i-get-professional-help-with-choosing-a-civil-surgeon.html,2026-06-19,insight,uscisexam.com,content/_live/published_urls.json
https://theindustryguides.com/insights/uscis-medical-q009-how-does-documents-to-bring-to-the-exam-work.html,/insights/uscis-medical-q009-how-does-documents-to-bring-to-the-exam-work.html,2026-06-19,insight,uscisexam.com,content/_live/published_urls.json
https://theindustryguides.com/insights/uscis-medical-q010-what-should-i-verify-about-documents-to-bring-to-the-exam.html,/insights/uscis-medical-q010-what-should-i-verify-about-documents-to-bring-to-the-exam.html,2026-06-19,insight,uscisexam.com,content/_live/published_urls.json
https://theindustryguides.com/insights/uscis-medical-q011-what-mistakes-cause-problems-with-documents-to-bring-to-the-exam.html,/insights/uscis-medical-q011-what-mistakes-cause-problems-with-documents-to-bring-to-the-exam.html,2026-06-19,insight,uscisexam.com,content/_live/published_urls.json
https://theindustryguides.com/insights/uscis-medical-q012-when-should-i-get-professional-help-with-documents-to-bring-to-the-exam.html,/insights/uscis-medical-q012-when-should-i-get-professional-help-with-documents-to-bring-to-the-exam.html,2026-06-19,insight,uscisexam.com,content/_live/published_urls.json
https://theindustryguides.com/insights/uscis-medical-q013-how-does-uscis-vaccination-requirements-work.html,/insights/uscis-medical-q013-how-does-uscis-vaccination-requirements-work.html,2026-06-19,insight,uscisexam.com,content/_live/published_urls.json
https://theindustryguides.com/insights/uscis-medical-q014-what-should-i-verify-about-uscis-vaccination-requirements.html,/insights/uscis-medical-q014-what-should-i-verify-about-uscis-vaccination-requirements.html,2026-06-19,insight,uscisexam.com,content/_live/published_urls.json
https://theindustryguides.com/insights/uscis-medical-q015-what-mistakes-cause-problems-with-uscis-vaccination-requirements.html,/insights/uscis-medical-q015-what-mistakes-cause-problems-with-uscis-vaccination-requirements.html,2026-06-19,insight,uscisexam.com,content/_live/published_urls.json
https://theindustryguides.com/insights/uscis-medical-q016-when-should-i-get-professional-help-with-uscis-vaccination-requirements.html,/insights/uscis-medical-q016-when-should-i-get-professional-help-with-uscis-vaccination-requirements.html,2026-06-19,insight,uscisexam.com,content/_live/published_urls.json
https://theindustryguides.com/insights/uscis-medical-q017-how-does-correcting-i-693-mistakes-work.html,/insights/uscis-medical-q017-how-does-correcting-i-693-mistakes-work.html,2026-06-19,insight,uscisexam.com,content/_live/published_urls.json
https://theindustryguides.com/insights/uscis-medical-q018-what-should-i-verify-about-correcting-i-693-mistakes.html,/insights/uscis-medical-q018-what-should-i-verify-about-correcting-i-693-mistakes.html,2026-06-19,insight,uscisexam.com,content/_live/published_urls.json
https://theindustryguides.com/insights/uscis-medical-q019-what-mistakes-cause-problems-with-correcting-i-693-mistakes.html,/insights/uscis-medical-q019-what-mistakes-cause-problems-with-correcting-i-693-mistakes.html,2026-06-19,insight,uscisexam.com,content/_live/published_urls.json
https://theindustryguides.com/insights/uscis-medical-q020-when-should-i-get-professional-help-with-correcting-i-693-mistakes.html,/insights/uscis-medical-q020-when-should-i-get-professional-help-with-correcting-i-693-mistakes.html,2026-06-19,insight,uscisexam.com,content/_live/published_urls.json
https://theindustryguides.com/insights/uscis-medical-q021-how-does-rejection-denial-and-rfe-notices-work.html,/insights/uscis-medical-q021-how-does-rejection-denial-and-rfe-notices-work.html,2026-06-19,insight,uscisexam.com,content/_live/published_urls.json
https://theindustryguides.com/insights/uscis-medical-q022-what-should-i-verify-about-rejection-denial-and-rfe-notices.html,/insights/uscis-medical-q022-what-should-i-verify-about-rejection-denial-and-rfe-notices.html,2026-06-19,insight,uscisexam.com,content/_live/published_urls.json
https://theindustryguides.com/insights/uscis-medical-q023-what-mistakes-cause-problems-with-rejection-denial-and-rfe-notices.html,/insights/uscis-medical-q023-what-mistakes-cause-problems-with-rejection-denial-and-rfe-notices.html,2026-06-19,insight,uscisexam.com,content/_live/published_urls.json
https://theindustryguides.com/insights/uscis-medical-q024-when-should-i-get-professional-help-with-rejection-denial-and-rfe-notices.html,/insights/uscis-medical-q024-when-should-i-get-professional-help-with-rejection-denial-and-rfe-notices.html,2026-06-19,insight,uscisexam.com,content/_live/published_urls.json
https://theindustryguides.com/insights/uscis-medical-q025-how-does-sealed-envelope-handling-work.html,/insights/uscis-medical-q025-how-does-sealed-envelope-handling-work.html,2026-06-19,insight,uscisexam.com,content/_live/published_urls.json
https://theindustryguides.com/insights/uscis-medical-q026-what-should-i-verify-about-sealed-envelope-handling.html,/insights/uscis-medical-q026-what-should-i-verify-about-sealed-envelope-handling.html,2026-06-19,insight,uscisexam.com,content/_live/published_urls.json
https://theindustryguides.com/insights/uscis-medical-q027-what-mistakes-cause-problems-with-sealed-envelope-handling.html,/insights/uscis-medical-q027-what-mistakes-cause-problems-with-sealed-envelope-handling.html,2026-06-19,insight,uscisexam.com,content/_live/published_urls.json
https://theindustryguides.com/insights/uscis-medical-q028-when-should-i-get-professional-help-with-sealed-envelope-handling.html,/insights/uscis-medical-q028-when-should-i-get-professional-help-with-sealed-envelope-handling.html,2026-06-19,insight,uscisexam.com,content/_live/published_urls.json
https://theindustryguides.com/insights/uscis-medical-q029-how-does-pregnancy-and-age-exceptions-work.html,/insights/uscis-medical-q029-how-does-pregnancy-and-age-exceptions-work.html,2026-06-19,insight,uscisexam.com,content/_live/published_urls.json
https://theindustryguides.com/insights/uscis-medical-q030-what-should-i-verify-about-pregnancy-and-age-exceptions.html,/insights/uscis-medical-q030-what-should-i-verify-about-pregnancy-and-age-exceptions.html,2026-06-19,insight,uscisexam.com,content/_live/published_urls.json
https://theindustryguides.com/insights/uscis-medical-q031-what-mistakes-cause-problems-with-pregnancy-and-age-exceptions.html,/insights/uscis-medical-q031-what-mistakes-cause-problems-with-pregnancy-and-age-exceptions.html,2026-06-19,insight,uscisexam.com,content/_live/published_urls.json
https://theindustryguides.com/insights/uscis-medical-q032-when-should-i-get-professional-help-with-pregnancy-and-age-exceptions.html,/insights/uscis-medical-q032-when-should-i-get-professional-help-with-pregnancy-and-age-exceptions.html,2026-06-19,insight,uscisexam.com,content/_live/published_urls.json
https://theindustryguides.com/insights/uscis-medical-q033-how-does-exam-cost-and-fees-work.html,/insights/uscis-medical-q033-how-does-exam-cost-and-fees-work.html,2026-06-19,insight,uscisexam.com,content/_live/published_urls.json
https://theindustryguides.com/insights/uscis-medical-q034-what-should-i-verify-about-exam-cost-and-fees.html,/insights/uscis-medical-q034-what-should-i-verify-about-exam-cost-and-fees.html,2026-06-19,insight,uscisexam.com,content/_live/published_urls.json
https://theindustryguides.com/insights/uscis-medical-q035-what-mistakes-cause-problems-with-exam-cost-and-fees.html,/insights/uscis-medical-q035-what-mistakes-cause-problems-with-exam-cost-and-fees.html,2026-06-19,insight,uscisexam.com,content/_live/published_urls.json
https://theindustryguides.com/insights/uscis-medical-q036-when-should-i-get-professional-help-with-exam-cost-and-fees.html,/insights/uscis-medical-q036-when-should-i-get-professional-help-with-exam-cost-and-fees.html,2026-06-19,insight,uscisexam.com,content/_live/published_urls.json
https://theindustryguides.com/insights/uscis-medical-q037-how-does-filing-after-the-medical-exam-work.html,/insights/uscis-medical-q037-how-does-filing-after-the-medical-exam-work.html,2026-06-19,insight,uscisexam.com,content/_live/published_urls.json
https://theindustryguides.com/insights/uscis-medical-q038-what-should-i-verify-about-filing-after-the-medical-exam.html,/insights/uscis-medical-q038-what-should-i-verify-about-filing-after-the-medical-exam.html,2026-06-19,insight,uscisexam.com,content/_live/published_urls.json
https://theindustryguides.com/insights/uscis-medical-q039-what-mistakes-cause-problems-with-filing-after-the-medical-exam.html,/insights/uscis-medical-q039-what-mistakes-cause-problems-with-filing-after-the-medical-exam.html,2026-06-19,insight,uscisexam.com,content/_live/published_urls.json
https://theindustryguides.com/insights/uscis-medical-q040-when-should-i-get-professional-help-with-filing-after-the-medical-exam.html,/insights/uscis-medical-q040-when-should-i-get-professional-help-with-filing-after-the-medical-exam.html,2026-06-19,insight,uscisexam.com,content/_live/published_urls.json
https://theindustryguides.com/insights/uscis-medical-timeline-validity-001-how-long-is-the-i-693-valid-after-the-exam.html,/insights/uscis-medical-timeline-validity-001-how-long-is-the-i-693-valid-after-the-exam.html,2026-06-19,insight,uscisexam.com,content/_live/published_urls.json
https://theindustryguides.com/insights/uscis-medical-timeline-validity-002-do-i-need-a-new-medical-exam-if-my-case-is-delayed.html,/insights/uscis-medical-timeline-validity-002-do-i-need-a-new-medical-exam-if-my-case-is-delayed.html,2026-06-19,insight,uscisexam.com,content/_live/published_urls.json
https://theindustryguides.com/insights/uscis-medical-timeline-validity-003-when-should-i-schedule-the-uscis-medical-exam-in-the-process.html,/insights/uscis-medical-timeline-validity-003-when-should-i-schedule-the-uscis-medical-exam-in-the-process.html,2026-06-19,insight,uscisexam.com,content/_live/published_urls.json
https://theindustryguides.com/insights/uscis-medical-timeline-validity-004-what-happens-if-the-sealed-envelope-is-too-old-to-file.html,/insights/uscis-medical-timeline-validity-004-what-happens-if-the-sealed-envelope-is-too-old-to-file.html,2026-06-19,insight,uscisexam.com,content/_live/published_urls.json
https://theindustryguides.com/insights/uscis-medical-timeline-validity-005-current-i-693-validity-rule-after-the-2025-uscis-update.html,/insights/uscis-medical-timeline-validity-005-current-i-693-validity-rule-after-the-2025-uscis-update.html,2026-06-19,insight,uscisexam.com,content/_live/published_urls.json
https://theindustryguides.com/insights/uscis-medical-timeline-validity-006-pre-and-post-november-2023-rules.html,/insights/uscis-medical-timeline-validity-006-pre-and-post-november-2023-rules.html,2026-06-19,insight,uscisexam.com,content/_live/published_urls.json
https://theindustryguides.com/insights/uscis-medical-vaccines-labs-001-what-vaccines-are-usually-checked-at-the-uscis-medical-exam.html,/insights/uscis-medical-vaccines-labs-001-what-vaccines-are-usually-checked-at-the-uscis-medical-exam.html,2026-06-19,insight,uscisexam.com,content/_live/published_urls.json
https://theindustryguides.com/insights/uscis-medical-vaccines-labs-002-what-if-i-do-not-have-my-vaccine-records-for-the-civil-surgeon.html,/insights/uscis-medical-vaccines-labs-002-what-if-i-do-not-have-my-vaccine-records-for-the-civil-surgeon.html,2026-06-19,insight,uscisexam.com,content/_live/published_urls.json
https://theindustryguides.com/insights/uscis-medical-vaccines-labs-003-do-civil-surgeons-usually-do-tb-testing-on-site.html,/insights/uscis-medical-vaccines-labs-003-do-civil-surgeons-usually-do-tb-testing-on-site.html,2026-06-19,insight,uscisexam.com,content/_live/published_urls.json
https://theindustryguides.com/insights/uscis-medical-vaccines-labs-004-what-bloodwork-is-usually-part-of-the-immigration-medical-exam.html,/insights/uscis-medical-vaccines-labs-004-what-bloodwork-is-usually-part-of-the-immigration-medical-exam.html,2026-06-19,insight,uscisexam.com,content/_live/published_urls.json
https://theindustryguides.com/invisalign-vs-braces-vs-clear-aligners/,/invisalign-vs-braces-vs-clear-aligners/,2026-06-23,page,theindustryguides.com,content/_live/published_urls.json
https://theindustryguides.com/medium-articles/dentistry/are-dental-implants-really-worth-it/,/medium-articles/dentistry/are-dental-implants-really-worth-it/,2026-06-26,medium-article,dentistryguides.com,content/_live/published_urls.json
https://theindustryguides.com/medium-articles/dentistry/clear-aligners-right-wrong-problems/,/medium-articles/dentistry/clear-aligners-right-wrong-problems/,2026-06-26,medium-article,theindustryguides.com,content/_live/published_urls.json
https://theindustryguides.com/medium-articles/dentistry/clear-aligners/,/medium-articles/dentistry/clear-aligners/,2026-06-26,medium-article,dentistryguides.com,content/_live/published_urls.json
https://theindustryguides.com/medium-articles/dentistry/cosmetic-dentistry/,/medium-articles/dentistry/cosmetic-dentistry/,2026-06-26,medium-article,dentistryguides.com,content/_live/published_urls.json
https://theindustryguides.com/medium-articles/dentistry/dental-implants/,/medium-articles/dentistry/dental-implants/,2026-06-26,medium-article,dentistryguides.com,content/_live/published_urls.json
https://theindustryguides.com/medium-articles/neuro/adult-adhd-evaluation-process/,/medium-articles/neuro/adult-adhd-evaluation-process/,2026-06-26,medium-article,neuroevalguides.com,content/_live/published_urls.json
https://theindustryguides.com/medium-articles/pi/brain-injury/,/medium-articles/pi/brain-injury/,2026-06-26,medium-article,theaccidentguides.com,content/_live/published_urls.json
https://theindustryguides.com/medium-articles/pi/burn-injury/,/medium-articles/pi/burn-injury/,2026-06-26,medium-article,theaccidentguides.com,content/_live/published_urls.json
https://theindustryguides.com/medium-articles/pi/personal-injury-claims-timeline/,/medium-articles/pi/personal-injury-claims-timeline/,2026-06-26,medium-article,theaccidentguides.com,content/_live/published_urls.json
https://theindustryguides.com/medium-articles/trt/are-peptides-safe/,/medium-articles/trt/are-peptides-safe/,2026-06-26,medium-article,hormonesivhair.com,content/_live/published_urls.json
https://theindustryguides.com/medium-articles/trt/copper-peptides-hair/,/medium-articles/trt/copper-peptides-hair/,2026-06-26,medium-article,hormonesivhair.com,content/_live/published_urls.json
https://theindustryguides.com/medium-articles/trt/dht-hair-loss-explained/,/medium-articles/trt/dht-hair-loss-explained/,2026-06-26,medium-article,hormonesivhair.com,content/_live/published_urls.json
https://theindustryguides.com/medium-articles/uscis/costs-and-timeframes/,/medium-articles/uscis/costs-and-timeframes/,2026-06-26,medium-article,uscisexam.com,content/_live/published_urls.json
https://theindustryguides.com/medium-articles/uscis/document-checklist/,/medium-articles/uscis/document-checklist/,2026-06-26,medium-article,uscisexam.com,content/_live/published_urls.json
https://theindustryguides.com/medium/,/medium/,2026-06-19,archive,theindustryguides.com,content/_live/published_urls.json
https://theindustryguides.com/methodology.html,/methodology.html,2026-06-19,page,theindustryguides.com,content/_live/published_urls.json
https://theindustryguides.com/neuro/,/neuro/,2026-06-25,page,theindustryguides.com,content/_live/published_urls.json
https://theindustryguides.com/neuro/adhd-testing/,/neuro/adhd-testing/,2026-06-25,page,theindustryguides.com,content/_live/published_urls.json
https://theindustryguides.com/neuro/adhd-therapy-selection/,/neuro/adhd-therapy-selection/,2026-06-19,page,theindustryguides.com,content/_live/published_urls.json
https://theindustryguides.com/neuro/adult-vs-child/,/neuro/adult-vs-child/,2026-06-23,page,theindustryguides.com,content/_live/published_urls.json
https://theindustryguides.com/neuro/autism-evaluation/,/neuro/autism-evaluation/,2026-06-25,page,theindustryguides.com,content/_live/published_urls.json
https://theindustryguides.com/neuro/autism-therapy-selection/,/neuro/autism-therapy-selection/,2026-06-19,page,theindustryguides.com,content/_live/published_urls.json
https://theindustryguides.com/neuro/best-top-near-me/,/neuro/best-top-near-me/,2026-06-23,page,theindustryguides.com,content/_live/published_urls.json
https://theindustryguides.com/neuro/community-questions/common-neurological-disorders-explained/,/neuro/community-questions/common-neurological-disorders-explained/,2026-06-26,page,theindustryguides.com,content/_live/published_urls.json
https://theindustryguides.com/neuro/community-questions/common-tests-ordered-by-neurologist/,/neuro/community-questions/common-tests-ordered-by-neurologist/,2026-06-26,page,theindustryguides.com,content/_live/published_urls.json
https://theindustryguides.com/neuro/community-questions/components-of-a-neurological-exam/,/neuro/community-questions/components-of-a-neurological-exam/,2026-06-26,page,theindustryguides.com,content/_live/published_urls.json
https://theindustryguides.com/neuro/community-questions/cranial-nerve-exam-steps/,/neuro/community-questions/cranial-nerve-exam-steps/,2026-06-26,page,theindustryguides.com,content/_live/published_urls.json
https://theindustryguides.com/neuro/community-questions/how-does-neurofeedback-work/,/neuro/community-questions/how-does-neurofeedback-work/,2026-06-26,page,theindustryguides.com,content/_live/published_urls.json
https://theindustryguides.com/neuro/community-questions/how-to-get-a-neurology-referral/,/neuro/community-questions/how-to-get-a-neurology-referral/,2026-06-26,page,theindustryguides.com,content/_live/published_urls.json
https://theindustryguides.com/neuro/community-questions/list-of-neurological-conditions/,/neuro/community-questions/list-of-neurological-conditions/,2026-06-26,page,theindustryguides.com,content/_live/published_urls.json
https://theindustryguides.com/neuro/community-questions/looking-for-encouragement-in-process-of-evaluation-for-4-year-old-hi-i-ve-never-posted-bef/,/neuro/community-questions/looking-for-encouragement-in-process-of-evaluation-for-4-year-old-hi-i-ve-never-posted-bef/,2026-06-26,page,theindustryguides.com,content/_live/published_urls.json
https://theindustryguides.com/neuro/community-questions/neuro-evaluation-process/,/neuro/community-questions/neuro-evaluation-process/,2026-06-26,page,theindustryguides.com,content/_live/published_urls.json
https://theindustryguides.com/neuro/community-questions/neuro-physical-exam-elements/,/neuro/community-questions/neuro-physical-exam-elements/,2026-06-26,page,theindustryguides.com,content/_live/published_urls.json
https://theindustryguides.com/neuro/community-questions/neurofeedback-for-adhd/,/neuro/community-questions/neurofeedback-for-adhd/,2026-06-26,page,theindustryguides.com,content/_live/published_urls.json
https://theindustryguides.com/neuro/community-questions/neurofeedback-for-anxiety/,/neuro/community-questions/neurofeedback-for-anxiety/,2026-06-26,page,theindustryguides.com,content/_live/published_urls.json
https://theindustryguides.com/neuro/community-questions/neurofeedback-for-depression/,/neuro/community-questions/neurofeedback-for-depression/,2026-06-26,page,theindustryguides.com,content/_live/published_urls.json
https://theindustryguides.com/neuro/community-questions/neurological-diagnostic-tests-overview/,/neuro/community-questions/neurological-diagnostic-tests-overview/,2026-06-26,page,theindustryguides.com,content/_live/published_urls.json
https://theindustryguides.com/neuro/community-questions/neurological-evaluation-guide/,/neuro/community-questions/neurological-evaluation-guide/,2026-06-26,page,theindustryguides.com,content/_live/published_urls.json
https://theindustryguides.com/neuro/community-questions/neurological-exam-what-does-it-include/,/neuro/community-questions/neurological-exam-what-does-it-include/,2026-06-26,page,theindustryguides.com,content/_live/published_urls.json
https://theindustryguides.com/neuro/community-questions/neurologist-evaluation-what-to-expect/,/neuro/community-questions/neurologist-evaluation-what-to-expect/,2026-06-26,page,theindustryguides.com,content/_live/published_urls.json
https://theindustryguides.com/neuro/community-questions/neurology-referral-process-explained/,/neuro/community-questions/neurology-referral-process-explained/,2026-06-26,page,theindustryguides.com,content/_live/published_urls.json
https://theindustryguides.com/neuro/community-questions/primary-care-referral-to-neurologist-steps/,/neuro/community-questions/primary-care-referral-to-neurologist-steps/,2026-06-26,page,theindustryguides.com,content/_live/published_urls.json
https://theindustryguides.com/neuro/community-questions/should-i-get-a-second-opinion-from-a-neurologist/,/neuro/community-questions/should-i-get-a-second-opinion-from-a-neurologist/,2026-06-26,page,theindustryguides.com,content/_live/published_urls.json
https://theindustryguides.com/neuro/community-questions/the-rest-is-mostly-babbling-one-thing-the-neuropsychologist-noticed-during-the-evaluation-/,/neuro/community-questions/the-rest-is-mostly-babbling-one-thing-the-neuropsychologist-noticed-during-the-evaluation-/,2026-06-26,page,theindustryguides.com,content/_live/published_urls.json
https://theindustryguides.com/neuro/community-questions/today-during-an-iep-evaluation-planning-meeting-at-a-school-in-oregon-he-started-screaming/,/neuro/community-questions/today-during-an-iep-evaluation-planning-meeting-at-a-school-in-oregon-he-started-screaming/,2026-06-26,page,theindustryguides.com,content/_live/published_urls.json
https://theindustryguides.com/neuro/community-questions/types-of-headache-disorders-neurology/,/neuro/community-questions/types-of-headache-disorders-neurology/,2026-06-26,page,theindustryguides.com,content/_live/published_urls.json
https://theindustryguides.com/neuro/community-questions/waitlist-for-assessment-1-what-should-i-know/,/neuro/community-questions/waitlist-for-assessment-1-what-should-i-know/,2026-06-26,page,theindustryguides.com,content/_live/published_urls.json
https://theindustryguides.com/neuro/community-questions/we-actually-only-uncovered-the-asd-in-a-recent-neuropsych-evaluation-because-he-is-highly-/,/neuro/community-questions/we-actually-only-uncovered-the-asd-in-a-recent-neuropsych-evaluation-because-he-is-highly-/,2026-06-26,page,theindustryguides.com,content/_live/published_urls.json
https://theindustryguides.com/neuro/community-questions/what-is-an-emg-test-neurology/,/neuro/community-questions/what-is-an-emg-test-neurology/,2026-06-26,page,theindustryguides.com,content/_live/published_urls.json
https://theindustryguides.com/neuro/community-questions/what-is-neurofeedback/,/neuro/community-questions/what-is-neurofeedback/,2026-06-26,page,theindustryguides.com,content/_live/published_urls.json
https://theindustryguides.com/neuro/community-questions/when-to-see-a-neurologist-symptoms/,/neuro/community-questions/when-to-see-a-neurologist-symptoms/,2026-06-26,page,theindustryguides.com,content/_live/published_urls.json
https://theindustryguides.com/neuro/cost-timeline/,/neuro/cost-timeline/,2026-06-25,page,theindustryguides.com,content/_live/published_urls.json
https://theindustryguides.com/neuro/insurance-school-docs/,/neuro/insurance-school-docs/,2026-06-19,page,theindustryguides.com,content/_live/published_urls.json
https://theindustryguides.com/neuro/report-results/,/neuro/report-results/,2026-06-19,page,theindustryguides.com,content/_live/published_urls.json
https://theindustryguides.com/neuro/situations/,/neuro/situations/,2026-06-19,page,theindustryguides.com,content/_live/published_urls.json
https://theindustryguides.com/neuro/states/alabama/neuropsychologist-finder/,/neuro/states/alabama/neuropsychologist-finder/,2026-06-26,page,theindustryguides.com,content/_live/published_urls.json
https://theindustryguides.com/neuro/states/alaska/neuropsychologist-finder/,/neuro/states/alaska/neuropsychologist-finder/,2026-06-26,page,theindustryguides.com,content/_live/published_urls.json
https://theindustryguides.com/neuro/states/arizona/neuropsychologist-finder/,/neuro/states/arizona/neuropsychologist-finder/,2026-06-26,page,theindustryguides.com,content/_live/published_urls.json
https://theindustryguides.com/neuro/states/arkansas/neuropsychologist-finder/,/neuro/states/arkansas/neuropsychologist-finder/,2026-06-26,page,theindustryguides.com,content/_live/published_urls.json
https://theindustryguides.com/neuro/states/california/neuropsychologist-finder/,/neuro/states/california/neuropsychologist-finder/,2026-06-26,page,theindustryguides.com,content/_live/published_urls.json
https://theindustryguides.com/neuro/states/colorado/neuropsychologist-finder/,/neuro/states/colorado/neuropsychologist-finder/,2026-06-26,page,theindustryguides.com,content/_live/published_urls.json
https://theindustryguides.com/neuro/states/connecticut/neuropsychologist-finder/,/neuro/states/connecticut/neuropsychologist-finder/,2026-06-26,page,theindustryguides.com,content/_live/published_urls.json
https://theindustryguides.com/neuro/states/delaware/neuropsychologist-finder/,/neuro/states/delaware/neuropsychologist-finder/,2026-06-26,page,theindustryguides.com,content/_live/published_urls.json
https://theindustryguides.com/neuro/states/florida/neuropsychologist-finder/,/neuro/states/florida/neuropsychologist-finder/,2026-06-26,page,theindustryguides.com,content/_live/published_urls.json
https://theindustryguides.com/neuro/states/georgia/neuropsychologist-finder/,/neuro/states/georgia/neuropsychologist-finder/,2026-06-26,page,theindustryguides.com,content/_live/published_urls.json
https://theindustryguides.com/neuro/states/hawaii/neuropsychologist-finder/,/neuro/states/hawaii/neuropsychologist-finder/,2026-06-26,page,theindustryguides.com,content/_live/published_urls.json
https://theindustryguides.com/neuro/states/idaho/neuropsychologist-finder/,/neuro/states/idaho/neuropsychologist-finder/,2026-06-26,page,theindustryguides.com,content/_live/published_urls.json
https://theindustryguides.com/neuro/states/illinois/neuropsychologist-finder/,/neuro/states/illinois/neuropsychologist-finder/,2026-06-26,page,theindustryguides.com,content/_live/published_urls.json
https://theindustryguides.com/neuro/states/indiana/neuropsychologist-finder/,/neuro/states/indiana/neuropsychologist-finder/,2026-06-26,page,theindustryguides.com,content/_live/published_urls.json
https://theindustryguides.com/neuro/states/iowa/neuropsychologist-finder/,/neuro/states/iowa/neuropsychologist-finder/,2026-06-26,page,theindustryguides.com,content/_live/published_urls.json
https://theindustryguides.com/neuro/states/kansas/neuropsychologist-finder/,/neuro/states/kansas/neuropsychologist-finder/,2026-06-26,page,theindustryguides.com,content/_live/published_urls.json
https://theindustryguides.com/neuro/states/kentucky/neuropsychologist-finder/,/neuro/states/kentucky/neuropsychologist-finder/,2026-06-26,page,theindustryguides.com,content/_live/published_urls.json
https://theindustryguides.com/neuro/states/louisiana/neuropsychologist-finder/,/neuro/states/louisiana/neuropsychologist-finder/,2026-06-26,page,theindustryguides.com,content/_live/published_urls.json
https://theindustryguides.com/neuro/states/maine/neuropsychologist-finder/,/neuro/states/maine/neuropsychologist-finder/,2026-06-26,page,theindustryguides.com,content/_live/published_urls.json
https://theindustryguides.com/neuro/states/maryland/neuropsychologist-finder/,/neuro/states/maryland/neuropsychologist-finder/,2026-06-26,page,theindustryguides.com,content/_live/published_urls.json
https://theindustryguides.com/neuro/states/massachusetts/neuropsychologist-finder/,/neuro/states/massachusetts/neuropsychologist-finder/,2026-06-26,page,theindustryguides.com,content/_live/published_urls.json
https://theindustryguides.com/neuro/states/michigan/neuropsychologist-finder/,/neuro/states/michigan/neuropsychologist-finder/,2026-06-26,page,theindustryguides.com,content/_live/published_urls.json
https://theindustryguides.com/neuro/states/minnesota/neuropsychologist-finder/,/neuro/states/minnesota/neuropsychologist-finder/,2026-06-26,page,theindustryguides.com,content/_live/published_urls.json
https://theindustryguides.com/neuro/states/mississippi/neuropsychologist-finder/,/neuro/states/mississippi/neuropsychologist-finder/,2026-06-26,page,theindustryguides.com,content/_live/published_urls.json
https://theindustryguides.com/neuro/states/missouri/neuropsychologist-finder/,/neuro/states/missouri/neuropsychologist-finder/,2026-06-26,page,theindustryguides.com,content/_live/published_urls.json
https://theindustryguides.com/neuro/states/montana/neuropsychologist-finder/,/neuro/states/montana/neuropsychologist-finder/,2026-06-26,page,theindustryguides.com,content/_live/published_urls.json
https://theindustryguides.com/neuro/states/nebraska/neuropsychologist-finder/,/neuro/states/nebraska/neuropsychologist-finder/,2026-06-26,page,theindustryguides.com,content/_live/published_urls.json
https://theindustryguides.com/neuro/states/nevada/neuropsychologist-finder/,/neuro/states/nevada/neuropsychologist-finder/,2026-06-26,page,theindustryguides.com,content/_live/published_urls.json
https://theindustryguides.com/neuro/states/new-hampshire/neuropsychologist-finder/,/neuro/states/new-hampshire/neuropsychologist-finder/,2026-06-26,page,theindustryguides.com,content/_live/published_urls.json
https://theindustryguides.com/neuro/states/new-jersey/neuropsychologist-finder/,/neuro/states/new-jersey/neuropsychologist-finder/,2026-06-26,page,theindustryguides.com,content/_live/published_urls.json
https://theindustryguides.com/neuro/states/new-mexico/neuropsychologist-finder/,/neuro/states/new-mexico/neuropsychologist-finder/,2026-06-26,page,theindustryguides.com,content/_live/published_urls.json
https://theindustryguides.com/neuro/states/new-york/neuropsychologist-finder/,/neuro/states/new-york/neuropsychologist-finder/,2026-06-26,page,theindustryguides.com,content/_live/published_urls.json
https://theindustryguides.com/neuro/states/north-carolina/neuropsychologist-finder/,/neuro/states/north-carolina/neuropsychologist-finder/,2026-06-26,page,theindustryguides.com,content/_live/published_urls.json
https://theindustryguides.com/neuro/states/north-dakota/neuropsychologist-finder/,/neuro/states/north-dakota/neuropsychologist-finder/,2026-06-26,page,theindustryguides.com,content/_live/published_urls.json
https://theindustryguides.com/neuro/states/ohio/neuropsychologist-finder/,/neuro/states/ohio/neuropsychologist-finder/,2026-06-26,page,theindustryguides.com,content/_live/published_urls.json
https://theindustryguides.com/neuro/states/oklahoma/neuropsychologist-finder/,/neuro/states/oklahoma/neuropsychologist-finder/,2026-06-26,page,theindustryguides.com,content/_live/published_urls.json
https://theindustryguides.com/neuro/states/oregon/neuropsychologist-finder/,/neuro/states/oregon/neuropsychologist-finder/,2026-06-26,page,theindustryguides.com,content/_live/published_urls.json
https://theindustryguides.com/neuro/states/pennsylvania/neuropsychologist-finder/,/neuro/states/pennsylvania/neuropsychologist-finder/,2026-06-26,page,theindustryguides.com,content/_live/published_urls.json
https://theindustryguides.com/neuro/states/rhode-island/neuropsychologist-finder/,/neuro/states/rhode-island/neuropsychologist-finder/,2026-06-26,page,theindustryguides.com,content/_live/published_urls.json
https://theindustryguides.com/neuro/states/south-carolina/neuropsychologist-finder/,/neuro/states/south-carolina/neuropsychologist-finder/,2026-06-26,page,theindustryguides.com,content/_live/published_urls.json
https://theindustryguides.com/neuro/states/south-dakota/neuropsychologist-finder/,/neuro/states/south-dakota/neuropsychologist-finder/,2026-06-26,page,theindustryguides.com,content/_live/published_urls.json
https://theindustryguides.com/neuro/states/tennessee/neuropsychologist-finder/,/neuro/states/tennessee/neuropsychologist-finder/,2026-06-26,page,theindustryguides.com,content/_live/published_urls.json
https://theindustryguides.com/neuro/states/texas/neuropsychologist-finder/,/neuro/states/texas/neuropsychologist-finder/,2026-06-26,page,theindustryguides.com,content/_live/published_urls.json
https://theindustryguides.com/neuro/states/utah/neuropsychologist-finder/,/neuro/states/utah/neuropsychologist-finder/,2026-06-26,page,theindustryguides.com,content/_live/published_urls.json
https://theindustryguides.com/neuro/states/vermont/neuropsychologist-finder/,/neuro/states/vermont/neuropsychologist-finder/,2026-06-26,page,theindustryguides.com,content/_live/published_urls.json
https://theindustryguides.com/neuro/states/virginia/neuropsychologist-finder/,/neuro/states/virginia/neuropsychologist-finder/,2026-06-26,page,theindustryguides.com,content/_live/published_urls.json
https://theindustryguides.com/neuro/states/washington/neuropsychologist-finder/,/neuro/states/washington/neuropsychologist-finder/,2026-06-26,page,theindustryguides.com,content/_live/published_urls.json
https://theindustryguides.com/neuro/states/west-virginia/neuropsychologist-finder/,/neuro/states/west-virginia/neuropsychologist-finder/,2026-06-26,page,theindustryguides.com,content/_live/published_urls.json
https://theindustryguides.com/neuro/states/wisconsin/neuropsychologist-finder/,/neuro/states/wisconsin/neuropsychologist-finder/,2026-06-26,page,theindustryguides.com,content/_live/published_urls.json
https://theindustryguides.com/neuro/states/wyoming/neuropsychologist-finder/,/neuro/states/wyoming/neuropsychologist-finder/,2026-06-26,page,theindustryguides.com,content/_live/published_urls.json
https://theindustryguides.com/neuro/therapy-after-evaluation/,/neuro/therapy-after-evaluation/,2026-06-23,page,theindustryguides.com,content/_live/published_urls.json
https://theindustryguides.com/neuro/therapy-red-flags-and-fit/,/neuro/therapy-red-flags-and-fit/,2026-06-25,page,theindustryguides.com,content/_live/published_urls.json
https://theindustryguides.com/neuro/trust-questions/,/neuro/trust-questions/,2026-06-26,page,theindustryguides.com,content/_live/published_urls.json
https://theindustryguides.com/neuropsych-eval-vs-iq-test-vs-psych-eval/,/neuropsych-eval-vs-iq-test-vs-psych-eval/,2026-06-23,page,theindustryguides.com,content/_live/published_urls.json
https://theindustryguides.com/personal-injury-vs-workers-comp/,/personal-injury-vs-workers-comp/,2026-06-24,page,theindustryguides.com,content/_live/published_urls.json
https://theindustryguides.com/personal-injury/,/personal-injury/,2026-06-25,page,theindustryguides.com,content/_live/published_urls.json
https://theindustryguides.com/personal-injury/best-top-near-me/,/personal-injury/best-top-near-me/,2026-06-24,page,theindustryguides.com,content/_live/published_urls.json
https://theindustryguides.com/personal-injury/community-questions/25mg-eod-enclomiphene-through-a-private-clinic-i-was-originally-told-to-take-6-what-should/,/personal-injury/community-questions/25mg-eod-enclomiphene-through-a-private-clinic-i-was-originally-told-to-take-6-what-should/,2026-06-26,page,theindustryguides.com,content/_live/published_urls.json
https://theindustryguides.com/personal-injury/community-questions/5-years-most-recent-protocol-with-a-new-provider-is-about-112-mg-per-week-pinned-daily-sub/,/personal-injury/community-questions/5-years-most-recent-protocol-with-a-new-provider-is-about-112-mg-per-week-pinned-daily-sub/,2026-06-26,page,theindustryguides.com,content/_live/published_urls.json
https://theindustryguides.com/personal-injury/community-questions/5000-or-best-offer-32-submitted-by-32-username-removed-link-32-comments-what-should-i-know/,/personal-injury/community-questions/5000-or-best-offer-32-submitted-by-32-username-removed-link-32-comments-what-should-i-know/,2026-06-26,page,theindustryguides.com,content/_live/published_urls.json
https://theindustryguides.com/personal-injury/community-questions/aba-center-based-vs-at-home-has-anyone-made-the-decision-to-pursue-aba-exclusively-in-a-ce/,/personal-injury/community-questions/aba-center-based-vs-at-home-has-anyone-made-the-decision-to-pursue-aba-exclusively-in-a-ce/,2026-06-26,page,theindustryguides.com,content/_live/published_urls.json
https://theindustryguides.com/personal-injury/community-questions/aba-to-help-with-expressive-speech-successful-stories-i-know-i-know-i-have-way-too-many-qu/,/personal-injury/community-questions/aba-to-help-with-expressive-speech-successful-stories-i-know-i-know-i-have-way-too-many-qu/,2026-06-26,page,theindustryguides.com,content/_live/published_urls.json
https://theindustryguides.com/personal-injury/community-questions/also-i-have-long-hair-that-i-ve-been-growing-out-for-years-and-worry-that-i-ll-lose-it-but/,/personal-injury/community-questions/also-i-have-long-hair-that-i-ve-been-growing-out-for-years-and-worry-that-i-ll-lose-it-but/,2026-06-26,page,theindustryguides.com,content/_live/published_urls.json
https://theindustryguides.com/personal-injury/community-questions/also-should-i-continue-pinning-hcg-or-wait-until-my-meds-arrive-what-should-i-know/,/personal-injury/community-questions/also-should-i-continue-pinning-hcg-or-wait-until-my-meds-arrive-what-should-i-know/,2026-06-26,page,theindustryguides.com,content/_live/published_urls.json
https://theindustryguides.com/personal-injury/community-questions/any-advice-recommendations-what-should-i-know/,/personal-injury/community-questions/any-advice-recommendations-what-should-i-know/,2026-06-26,page,theindustryguides.com,content/_live/published_urls.json
https://theindustryguides.com/personal-injury/community-questions/anyway-my-doctor-never-mentioned-anything-what-should-i-know/,/personal-injury/community-questions/anyway-my-doctor-never-mentioned-anything-what-should-i-know/,2026-06-26,page,theindustryguides.com,content/_live/published_urls.json
https://theindustryguides.com/personal-injury/community-questions/as-best-i-can-tell-there-is-no-windfall-clause-or-wording-in-the-comp-plan-that-states-the/,/personal-injury/community-questions/as-best-i-can-tell-there-is-no-windfall-clause-or-wording-in-the-comp-plan-that-states-the/,2026-06-26,page,theindustryguides.com,content/_live/published_urls.json
https://theindustryguides.com/personal-injury/community-questions/best-travel-insurance-for-2026-fifa-world-cup-i-27m-am-travelling-with-to-the-us-for-the-2/,/personal-injury/community-questions/best-travel-insurance-for-2026-fifa-world-cup-i-27m-am-travelling-with-to-the-us-for-the-2/,2026-06-26,page,theindustryguides.com,content/_live/published_urls.json
https://theindustryguides.com/personal-injury/community-questions/can-i-just-ask-for-15-instead-or-do-i-need-to-do-extra-work-to-get-that-much-more/,/personal-injury/community-questions/can-i-just-ask-for-15-instead-or-do-i-need-to-do-extra-work-to-get-that-much-more/,2026-06-26,page,theindustryguides.com,content/_live/published_urls.json
https://theindustryguides.com/personal-injury/community-questions/car-insurance-past-issue-causing-price-increase-what-should-i-know/,/personal-injury/community-questions/car-insurance-past-issue-causing-price-increase-what-should-i-know/,2026-06-26,page,theindustryguides.com,content/_live/published_urls.json
https://theindustryguides.com/personal-injury/community-questions/case-was-submitted-for-quality-review-based-on-an-approval-recommendation-hi-guys-on-16-ap/,/personal-injury/community-questions/case-was-submitted-for-quality-review-based-on-an-approval-recommendation-hi-guys-on-16-ap/,2026-06-26,page,theindustryguides.com,content/_live/published_urls.json
https://theindustryguides.com/personal-injury/community-questions/clomid-hcg-or-enclomiphene-looking-for-some-advice-on-what-s-best-to-use-to-get-my-balls-u/,/personal-injury/community-questions/clomid-hcg-or-enclomiphene-looking-for-some-advice-on-what-s-best-to-use-to-get-my-balls-u/,2026-06-26,page,theindustryguides.com,content/_live/published_urls.json
https://theindustryguides.com/personal-injury/community-questions/constant-eating-out-eating-late-and-wearing-polyesters-to-the-gym-not-sure-how-much-of-it-/,/personal-injury/community-questions/constant-eating-out-eating-late-and-wearing-polyesters-to-the-gym-not-sure-how-much-of-it-/,2026-06-26,page,theindustryguides.com,content/_live/published_urls.json
https://theindustryguides.com/personal-injury/community-questions/did-anyone-else-experience-this-and-should-i-be-worried-or-is-this-a-sign-the-case-is-movi/,/personal-injury/community-questions/did-anyone-else-experience-this-and-should-i-be-worried-or-is-this-a-sign-the-case-is-movi/,2026-06-26,page,theindustryguides.com,content/_live/published_urls.json
https://theindustryguides.com/personal-injury/community-questions/did-anyone-had-similar-experience-with-their-citizenship-process-and-how-should-i-prepare-/,/personal-injury/community-questions/did-anyone-had-similar-experience-with-their-citizenship-process-and-how-should-i-prepare-/,2026-06-26,page,theindustryguides.com,content/_live/published_urls.json
https://theindustryguides.com/personal-injury/community-questions/do-i-need-to-call-the-sheriffs-office-for-an-escort/,/personal-injury/community-questions/do-i-need-to-call-the-sheriffs-office-for-an-escort/,2026-06-26,page,theindustryguides.com,content/_live/published_urls.json
https://theindustryguides.com/personal-injury/community-questions/do-i-need-to-give-it-to-her/,/personal-injury/community-questions/do-i-need-to-give-it-to-her/,2026-06-26,page,theindustryguides.com,content/_live/published_urls.json
https://theindustryguides.com/personal-injury/community-questions/does-anyone-have-any-recommendations/,/personal-injury/community-questions/does-anyone-have-any-recommendations/,2026-06-26,page,theindustryguides.com,content/_live/published_urls.json
https://theindustryguides.com/personal-injury/community-questions/during-that-time-i-ve-experimented-with-different-dosages-and-frequencies-to-see-what-work/,/personal-injury/community-questions/during-that-time-i-ve-experimented-with-different-dosages-and-frequencies-to-see-what-work/,2026-06-26,page,theindustryguides.com,content/_live/published_urls.json
https://theindustryguides.com/personal-injury/community-questions/every-submission-of-documentation-they-would-email-me-saying-we-need-more-information-from/,/personal-injury/community-questions/every-submission-of-documentation-they-would-email-me-saying-we-need-more-information-from/,2026-06-26,page,theindustryguides.com,content/_live/published_urls.json
https://theindustryguides.com/personal-injury/community-questions/families-across-this-country-buy-these-policies-to-protect-themselves-from-devastating-rep/,/personal-injury/community-questions/families-across-this-country-buy-these-policies-to-protect-themselves-from-devastating-rep/,2026-06-26,page,theindustryguides.com,content/_live/published_urls.json
https://theindustryguides.com/personal-injury/community-questions/feel-free-to-drop-your-questions-below-and-i-ll-do-my-best-to-respond-thoughtfully-and-acc/,/personal-injury/community-questions/feel-free-to-drop-your-questions-below-and-i-ll-do-my-best-to-respond-thoughtfully-and-acc/,2026-06-26,page,theindustryguides.com,content/_live/published_urls.json
https://theindustryguides.com/personal-injury/community-questions/finally-i-believe-i-ll-be-getting-on-soon-have-appointment-monday-what-should-i-know/,/personal-injury/community-questions/finally-i-believe-i-ll-be-getting-on-soon-have-appointment-monday-what-should-i-know/,2026-06-26,page,theindustryguides.com,content/_live/published_urls.json
https://theindustryguides.com/personal-injury/community-questions/gp-pricing-is-climbing-whey-costs-are-skyrocketing-and-glp-1-drugs-like-retatrutide-ozempi/,/personal-injury/community-questions/gp-pricing-is-climbing-whey-costs-are-skyrocketing-and-glp-1-drugs-like-retatrutide-ozempi/,2026-06-26,page,theindustryguides.com,content/_live/published_urls.json
https://theindustryguides.com/personal-injury/community-questions/he-s-super-curious-and-will-ask-a-lot-of-questions-sometimes-but-i-m-nervous-about-how-muc/,/personal-injury/community-questions/he-s-super-curious-and-will-ask-a-lot-of-questions-sometimes-but-i-m-nervous-about-how-muc/,2026-06-26,page,theindustryguides.com,content/_live/published_urls.json
https://theindustryguides.com/personal-injury/community-questions/he-wanted-to-talk-about-the-relationship-his-regrets-how-much-he-was-struggling-and-someti/,/personal-injury/community-questions/he-wanted-to-talk-about-the-relationship-his-regrets-how-much-he-was-struggling-and-someti/,2026-06-26,page,theindustryguides.com,content/_live/published_urls.json
https://theindustryguides.com/personal-injury/community-questions/he-will-not-visit-a-doctor-or-therapist-what-should-i-know/,/personal-injury/community-questions/he-will-not-visit-a-doctor-or-therapist-what-should-i-know/,2026-06-26,page,theindustryguides.com,content/_live/published_urls.json
https://theindustryguides.com/personal-injury/community-questions/how-much-are-the-ai-software-companies-charging-you/,/personal-injury/community-questions/how-much-are-the-ai-software-companies-charging-you/,2026-06-26,page,theindustryguides.com,content/_live/published_urls.json
https://theindustryguides.com/personal-injury/community-questions/how-should-i-approach-this/,/personal-injury/community-questions/how-should-i-approach-this/,2026-06-26,page,theindustryguides.com,content/_live/published_urls.json
https://theindustryguides.com/personal-injury/community-questions/i-am-also-wondering-if-putting-a-request-to-relocate-on-a-motion-to-change-a-final-decree-/,/personal-injury/community-questions/i-am-also-wondering-if-putting-a-request-to-relocate-on-a-motion-to-change-a-final-decree-/,2026-06-26,page,theindustryguides.com,content/_live/published_urls.json
https://theindustryguides.com/personal-injury/community-questions/i-am-an-owner-of-a-business-regarding-scheduled-appointments-for-animals-to-be-bathed-what/,/personal-injury/community-questions/i-am-an-owner-of-a-business-regarding-scheduled-appointments-for-animals-to-be-bathed-what/,2026-06-26,page,theindustryguides.com,content/_live/published_urls.json
https://theindustryguides.com/personal-injury/community-questions/i-do-not-know-how-to-interpret-the-other-hormone-levels-but-i-have-an-appointment-friday-t/,/personal-injury/community-questions/i-do-not-know-how-to-interpret-the-other-hormone-levels-but-i-have-an-appointment-friday-t/,2026-06-26,page,theindustryguides.com,content/_live/published_urls.json
https://theindustryguides.com/personal-injury/community-questions/i-do-telehealth-appointments-what-should-i-know/,/personal-injury/community-questions/i-do-telehealth-appointments-what-should-i-know/,2026-06-26,page,theindustryguides.com,content/_live/published_urls.json
https://theindustryguides.com/personal-injury/community-questions/i-had-posted-this-in-a-different-sub-and-they-recommended-i-post-it-here-as-well-what-shou/,/personal-injury/community-questions/i-had-posted-this-in-a-different-sub-and-they-recommended-i-post-it-here-as-well-what-shou/,2026-06-26,page,theindustryguides.com,content/_live/published_urls.json
https://theindustryguides.com/personal-injury/community-questions/i-have-an-appointment-with-an-endocrinologist-but-i-am-feeling-like-an-idiot-and-guilty-as/,/personal-injury/community-questions/i-have-an-appointment-with-an-endocrinologist-but-i-am-feeling-like-an-idiot-and-guilty-as/,2026-06-26,page,theindustryguides.com,content/_live/published_urls.json
https://theindustryguides.com/personal-injury/community-questions/i-know-my-credit-will-take-a-serious-hit-while-i-repay-my-original-loan-but-should-i-be-pr/,/personal-injury/community-questions/i-know-my-credit-will-take-a-serious-hit-while-i-repay-my-original-loan-but-should-i-be-pr/,2026-06-26,page,theindustryguides.com,content/_live/published_urls.json
https://theindustryguides.com/personal-injury/community-questions/i-ll-still-be-able-to-use-the-test-obviously-should-i-refill-any-syringes-of-hcg-or-does-i/,/personal-injury/community-questions/i-ll-still-be-able-to-use-the-test-obviously-should-i-refill-any-syringes-of-hcg-or-does-i/,2026-06-26,page,theindustryguides.com,content/_live/published_urls.json
https://theindustryguides.com/personal-injury/community-questions/i-m-a-medical-doctor-so-i-m-used-to-educate-myself-on-these-topics-since-unfortunately-the/,/personal-injury/community-questions/i-m-a-medical-doctor-so-i-m-used-to-educate-myself-on-these-topics-since-unfortunately-the/,2026-06-26,page,theindustryguides.com,content/_live/published_urls.json
https://theindustryguides.com/personal-injury/community-questions/i-m-doing-my-best-to-raise-both-children-to-be-healthy-adults-and-fear-my-younger-will-sta/,/personal-injury/community-questions/i-m-doing-my-best-to-raise-both-children-to-be-healthy-adults-and-fear-my-younger-will-sta/,2026-06-26,page,theindustryguides.com,content/_live/published_urls.json
https://theindustryguides.com/personal-injury/community-questions/i-m-going-to-have-a-consultation-with-a-special-ed-lawyer-tomorrow-what-should-i-know/,/personal-injury/community-questions/i-m-going-to-have-a-consultation-with-a-special-ed-lawyer-tomorrow-what-should-i-know/,2026-06-26,page,theindustryguides.com,content/_live/published_urls.json
https://theindustryguides.com/personal-injury/community-questions/i-m-switching-insurance-companies-after-this-date-to-a-new-plan-am-i-still-able-to-schedul/,/personal-injury/community-questions/i-m-switching-insurance-companies-after-this-date-to-a-new-plan-am-i-still-able-to-schedul/,2026-06-26,page,theindustryguides.com,content/_live/published_urls.json
https://theindustryguides.com/personal-injury/community-questions/i-recently-became-his-provider-through-ihss-and-i-did-ask-for-protective-supervision-becau/,/personal-injury/community-questions/i-recently-became-his-provider-through-ihss-and-i-did-ask-for-protective-supervision-becau/,2026-06-26,page,theindustryguides.com,content/_live/published_urls.json
https://theindustryguides.com/personal-injury/community-questions/i-recently-started-using-zerodeduct-and-i-m-still-trying-to-see-if-it-s-actually-worth-it-/,/personal-injury/community-questions/i-recently-started-using-zerodeduct-and-i-m-still-trying-to-see-if-it-s-actually-worth-it-/,2026-06-26,page,theindustryguides.com,content/_live/published_urls.json
https://theindustryguides.com/personal-injury/community-questions/i-suffered-for-a-while-longer-until-i-finally-went-to-a-local-men-s-clinic-i-understand-no/,/personal-injury/community-questions/i-suffered-for-a-while-longer-until-i-finally-went-to-a-local-men-s-clinic-i-understand-no/,2026-06-26,page,theindustryguides.com,content/_live/published_urls.json
https://theindustryguides.com/personal-injury/community-questions/i-think-they-should-get-a-lawyer-but-the-family-disagrees-and-thinks-a-lawyer-would-be-use/,/personal-injury/community-questions/i-think-they-should-get-a-lawyer-but-the-family-disagrees-and-thinks-a-lawyer-would-be-use/,2026-06-26,page,theindustryguides.com,content/_live/published_urls.json
https://theindustryguides.com/personal-injury/community-questions/i-ve-got-my-urologist-appointment-in-a-couple-days-but-i-m-curious-about-incorporating-hcg/,/personal-injury/community-questions/i-ve-got-my-urologist-appointment-in-a-couple-days-but-i-m-curious-about-incorporating-hcg/,2026-06-26,page,theindustryguides.com,content/_live/published_urls.json
https://theindustryguides.com/personal-injury/community-questions/i-was-in-contact-with-two-lawyers-who-both-said-there-s-no-real-legislation-for-this-as-it/,/personal-injury/community-questions/i-was-in-contact-with-two-lawyers-who-both-said-there-s-no-real-legislation-for-this-as-it/,2026-06-26,page,theindustryguides.com,content/_live/published_urls.json
https://theindustryguides.com/personal-injury/community-questions/i-went-to-the-doctor-two-times-but-they-seemed-reluctant-and-said-its-probably-only-herpes/,/personal-injury/community-questions/i-went-to-the-doctor-two-times-but-they-seemed-reluctant-and-said-its-probably-only-herpes/,2026-06-26,page,theindustryguides.com,content/_live/published_urls.json
https://theindustryguides.com/personal-injury/community-questions/if-it-can-help-even-one-family-it-will-be-worth-it-what-should-i-know/,/personal-injury/community-questions/if-it-can-help-even-one-family-it-will-be-worth-it-what-should-i-know/,2026-06-26,page,theindustryguides.com,content/_live/published_urls.json
https://theindustryguides.com/personal-injury/community-questions/if-my-hct-is-still-high-next-blood-test-should-i-just-start-routinely-donating-blood-what-/,/personal-injury/community-questions/if-my-hct-is-still-high-next-blood-test-should-i-just-start-routinely-donating-blood-what-/,2026-06-26,page,theindustryguides.com,content/_live/published_urls.json
https://theindustryguides.com/personal-injury/community-questions/if-so-what-dose-should-i-run-just-to-be-on-the-safe-side-what-should-i-know/,/personal-injury/community-questions/if-so-what-dose-should-i-run-just-to-be-on-the-safe-side-what-should-i-know/,2026-06-26,page,theindustryguides.com,content/_live/published_urls.json
https://theindustryguides.com/personal-injury/community-questions/is-getting-a-lawyer-for-underage-drinking-in-az-actually-worth-it/,/personal-injury/community-questions/is-getting-a-lawyer-for-underage-drinking-in-az-actually-worth-it/,2026-06-26,page,theindustryguides.com,content/_live/published_urls.json
https://theindustryguides.com/personal-injury/community-questions/it-s-been-127-days-pending-should-i-wait-or-go-for-premium-processing-now-what-should-i-kn/,/personal-injury/community-questions/it-s-been-127-days-pending-should-i-wait-or-go-for-premium-processing-now-what-should-i-kn/,2026-06-26,page,theindustryguides.com,content/_live/published_urls.json
https://theindustryguides.com/personal-injury/community-questions/k1-visa-denied-today-help-my-brother-s-k-1-visa-was-refused-under-221-g-and-we-re-trying-t/,/personal-injury/community-questions/k1-visa-denied-today-help-my-brother-s-k-1-visa-was-refused-under-221-g-and-we-re-trying-t/,2026-06-26,page,theindustryguides.com,content/_live/published_urls.json
https://theindustryguides.com/personal-injury/community-questions/location-california-mobile-home-in-my-name-family-agreed-to-split-costs-4-ways-now-refusin/,/personal-injury/community-questions/location-california-mobile-home-in-my-name-family-agreed-to-split-costs-4-ways-now-refusin/,2026-06-26,page,theindustryguides.com,content/_live/published_urls.json
https://theindustryguides.com/personal-injury/community-questions/marriage-based-case-i-130-approved-i-485-interview-completed-i-485-case-was-administrative/,/personal-injury/community-questions/marriage-based-case-i-130-approved-i-485-interview-completed-i-485-case-was-administrative/,2026-06-26,page,theindustryguides.com,content/_live/published_urls.json
https://theindustryguides.com/personal-injury/community-questions/my-best-estimation-is-that-she-s-around-3-years-cognitively-behind-what-should-i-know/,/personal-injury/community-questions/my-best-estimation-is-that-she-s-around-3-years-cognitively-behind-what-should-i-know/,2026-06-26,page,theindustryguides.com,content/_live/published_urls.json
https://theindustryguides.com/personal-injury/community-questions/my-boss-said-to-call-my-insurance-for-advice-and-to-get-a-lawyer-what-should-i-know/,/personal-injury/community-questions/my-boss-said-to-call-my-insurance-for-advice-and-to-get-a-lawyer-what-should-i-know/,2026-06-26,page,theindustryguides.com,content/_live/published_urls.json
https://theindustryguides.com/personal-injury/community-questions/my-brother-is-facing-3-negligent-homicide-charges-because-the-state-says-he-crossed-the-ce/,/personal-injury/community-questions/my-brother-is-facing-3-negligent-homicide-charges-because-the-state-says-he-crossed-the-ce/,2026-06-26,page,theindustryguides.com,content/_live/published_urls.json
https://theindustryguides.com/personal-injury/community-questions/my-doctor-did-what-he-did-and-used-something-ceramic-what-should-i-know/,/personal-injury/community-questions/my-doctor-did-what-he-did-and-used-something-ceramic-what-should-i-know/,2026-06-26,page,theindustryguides.com,content/_live/published_urls.json
https://theindustryguides.com/personal-injury/community-questions/my-doctor-is-gonna-be-mad-just-got-my-labs-back-what-should-i-know/,/personal-injury/community-questions/my-doctor-is-gonna-be-mad-just-got-my-labs-back-what-should-i-know/,2026-06-26,page,theindustryguides.com,content/_live/published_urls.json
https://theindustryguides.com/personal-injury/community-questions/my-question-is-would-it-be-worth-it-to-hire-someone-to-fight-for-more-money-who-will-obvio/,/personal-injury/community-questions/my-question-is-would-it-be-worth-it-to-hire-someone-to-fight-for-more-money-who-will-obvio/,2026-06-26,page,theindustryguides.com,content/_live/published_urls.json
https://theindustryguides.com/personal-injury/community-questions/ny-damage-case-is-to-small-for-lawyers-to-big-to-do-it-on-my-own-what-should-i-know/,/personal-injury/community-questions/ny-damage-case-is-to-small-for-lawyers-to-big-to-do-it-on-my-own-what-should-i-know/,2026-06-26,page,theindustryguides.com,content/_live/published_urls.json
https://theindustryguides.com/personal-injury/community-questions/officer-was-short-only-asked-the-basic-questions-and-didn-t-ask-proof-of-endeavor-like-our/,/personal-injury/community-questions/officer-was-short-only-asked-the-basic-questions-and-didn-t-ask-proof-of-endeavor-like-our/,2026-06-26,page,theindustryguides.com,content/_live/published_urls.json
https://theindustryguides.com/personal-injury/community-questions/online-clinic-recommendations-i-know-this-has-been-asked-before-in-the-past-but-want-to-as/,/personal-injury/community-questions/online-clinic-recommendations-i-know-this-has-been-asked-before-in-the-past-but-want-to-as/,2026-06-26,page,theindustryguides.com,content/_live/published_urls.json
https://theindustryguides.com/personal-injury/community-questions/or-should-i-call-back-immediately-what-should-i-know/,/personal-injury/community-questions/or-should-i-call-back-immediately-what-should-i-know/,2026-06-26,page,theindustryguides.com,content/_live/published_urls.json
https://theindustryguides.com/personal-injury/community-questions/put-yourself-in-my-shoes-for-a-second-not-just-as-a-lawyer-what-should-i-know/,/personal-injury/community-questions/put-yourself-in-my-shoes-for-a-second-not-just-as-a-lawyer-what-should-i-know/,2026-06-26,page,theindustryguides.com,content/_live/published_urls.json
https://theindustryguides.com/personal-injury/community-questions/recently-my-building-sent-out-an-email-saying-that-it-wasn-t-a-valid-insurance-provider-an/,/personal-injury/community-questions/recently-my-building-sent-out-an-email-saying-that-it-wasn-t-a-valid-insurance-provider-an/,2026-06-26,page,theindustryguides.com,content/_live/published_urls.json
https://theindustryguides.com/personal-injury/community-questions/screen-time-how-much-screen-time-does-your-child-have-what-should-i-know/,/personal-injury/community-questions/screen-time-how-much-screen-time-does-your-child-have-what-should-i-know/,2026-06-26,page,theindustryguides.com,content/_live/published_urls.json
https://theindustryguides.com/personal-injury/community-questions/second-question-should-i-get-amalgam-or-white-fillings-what-should-i-know/,/personal-injury/community-questions/second-question-should-i-get-amalgam-or-white-fillings-what-should-i-know/,2026-06-26,page,theindustryguides.com,content/_live/published_urls.json
https://theindustryguides.com/personal-injury/community-questions/she-is-hyperactive-and-hyperlexic-and-can-read-like-an-adult-but-i-am-not-sure-how-much-sh/,/personal-injury/community-questions/she-is-hyperactive-and-hyperlexic-and-can-read-like-an-adult-but-i-am-not-sure-how-much-sh/,2026-06-26,page,theindustryguides.com,content/_live/published_urls.json
https://theindustryguides.com/personal-injury/community-questions/should-i-be-hopeful-for-an-interview-soon/,/personal-injury/community-questions/should-i-be-hopeful-for-an-interview-soon/,2026-06-26,page,theindustryguides.com,content/_live/published_urls.json
https://theindustryguides.com/personal-injury/community-questions/should-i-be-worried-temporary-crown-fell-out-32-submitted-by-32-username-removed-link-32-c/,/personal-injury/community-questions/should-i-be-worried-temporary-crown-fell-out-32-submitted-by-32-username-removed-link-32-c/,2026-06-26,page,theindustryguides.com,content/_live/published_urls.json
https://theindustryguides.com/personal-injury/community-questions/should-i-get-4-premolars-extracted-for-braces/,/personal-injury/community-questions/should-i-get-4-premolars-extracted-for-braces/,2026-06-26,page,theindustryguides.com,content/_live/published_urls.json
https://theindustryguides.com/personal-injury/community-questions/should-i-go-through-my-own-insurance-with-a-1-500-deductible/,/personal-injury/community-questions/should-i-go-through-my-own-insurance-with-a-1-500-deductible/,2026-06-26,page,theindustryguides.com,content/_live/published_urls.json
https://theindustryguides.com/personal-injury/community-questions/should-i-increase-to-40mg-eod-or-even-go-to-ed-injections/,/personal-injury/community-questions/should-i-increase-to-40mg-eod-or-even-go-to-ed-injections/,2026-06-26,page,theindustryguides.com,content/_live/published_urls.json
https://theindustryguides.com/personal-injury/community-questions/should-i-submit-the-irs-letter-to-nj-unemployment/,/personal-injury/community-questions/should-i-submit-the-irs-letter-to-nj-unemployment/,2026-06-26,page,theindustryguides.com,content/_live/published_urls.json
https://theindustryguides.com/personal-injury/community-questions/should-i-try-increasing-my-calories-to-2500-a-day/,/personal-injury/community-questions/should-i-try-increasing-my-calories-to-2500-a-day/,2026-06-26,page,theindustryguides.com,content/_live/published_urls.json
https://theindustryguides.com/personal-injury/community-questions/sleep-help-we-have-an-appointment-coming-up-with-developmental-peds-but-in-the-meantime-i-/,/personal-injury/community-questions/sleep-help-we-have-an-appointment-coming-up-with-developmental-peds-but-in-the-meantime-i-/,2026-06-26,page,theindustryguides.com,content/_live/published_urls.json
https://theindustryguides.com/personal-injury/community-questions/small-pink-bump-on-roof-of-mouth-near-throat-should-i-be-worried-what-should-i-know/,/personal-injury/community-questions/small-pink-bump-on-roof-of-mouth-near-throat-should-i-be-worried-what-should-i-know/,2026-06-26,page,theindustryguides.com,content/_live/published_urls.json
https://theindustryguides.com/personal-injury/community-questions/they-didnt-and-do-i-need-to-worry-about-dcf-or-a-follow-up-investigation-what-should-i-kno/,/personal-injury/community-questions/they-didnt-and-do-i-need-to-worry-about-dcf-or-a-follow-up-investigation-what-should-i-kno/,2026-06-26,page,theindustryguides.com,content/_live/published_urls.json
https://theindustryguides.com/personal-injury/community-questions/we-re-based-in-sw-london-any-recommendations-what-should-i-know/,/personal-injury/community-questions/we-re-based-in-sw-london-any-recommendations-what-should-i-know/,2026-06-26,page,theindustryguides.com,content/_live/published_urls.json
https://theindustryguides.com/personal-injury/community-questions/we-ve-tried-a-mix-of-speech-therapy-ot-and-sensory-support-strategies-and-sometimes-i-stil/,/personal-injury/community-questions/we-ve-tried-a-mix-of-speech-therapy-ot-and-sensory-support-strategies-and-sometimes-i-stil/,2026-06-26,page,theindustryguides.com,content/_live/published_urls.json
https://theindustryguides.com/personal-injury/community-questions/what-recommendations-can-you-give/,/personal-injury/community-questions/what-recommendations-can-you-give/,2026-06-26,page,theindustryguides.com,content/_live/published_urls.json
https://theindustryguides.com/personal-injury/community-questions/what-should-i-be-doing/,/personal-injury/community-questions/what-should-i-be-doing/,2026-06-26,page,theindustryguides.com,content/_live/published_urls.json
https://theindustryguides.com/personal-injury/community-questions/what-should-i-do-32-submitted-by-32-username-removed-link-32-comments/,/personal-injury/community-questions/what-should-i-do-32-submitted-by-32-username-removed-link-32-comments/,2026-06-26,page,theindustryguides.com,content/_live/published_urls.json
https://theindustryguides.com/personal-injury/community-questions/what-should-i-do-random-500-dollar-charge-32-submitted-by-32-username-removed-link-32-comm/,/personal-injury/community-questions/what-should-i-do-random-500-dollar-charge-32-submitted-by-32-username-removed-link-32-comm/,2026-06-26,page,theindustryguides.com,content/_live/published_urls.json
https://theindustryguides.com/personal-injury/community-questions/when-you-need-to-talk-to-a-teacher-a-senco-or-a-doctor-you-generate-a-report/,/personal-injury/community-questions/when-you-need-to-talk-to-a-teacher-a-senco-or-a-doctor-you-generate-a-report/,2026-06-26,page,theindustryguides.com,content/_live/published_urls.json
https://theindustryguides.com/personal-injury/community-questions/where-should-i-get-it-from-what-should-i-know/,/personal-injury/community-questions/where-should-i-get-it-from-what-should-i-know/,2026-06-26,page,theindustryguides.com,content/_live/published_urls.json
https://theindustryguides.com/personal-injury/community-questions/which-source-is-king-what-should-i-know/,/personal-injury/community-questions/which-source-is-king-what-should-i-know/,2026-06-26,page,theindustryguides.com,content/_live/published_urls.json
https://theindustryguides.com/personal-injury/community-questions/would-i-need-a-lawyer-to-help-me-obtain-it/,/personal-injury/community-questions/would-i-need-a-lawyer-to-help-me-obtain-it/,2026-06-26,page,theindustryguides.com,content/_live/published_urls.json
https://theindustryguides.com/personal-injury/community-questions/would-i-need-to-hire-a-lawyer/,/personal-injury/community-questions/would-i-need-to-hire-a-lawyer/,2026-06-26,page,theindustryguides.com,content/_live/published_urls.json
https://theindustryguides.com/personal-injury/community-questions/x200b-i-am-trying-to-schedule-a-consultation-with-a-cpa-tax-professional-but-i-haven-t-bee/,/personal-injury/community-questions/x200b-i-am-trying-to-schedule-a-consultation-with-a-cpa-tax-professional-but-i-haven-t-bee/,2026-06-26,page,theindustryguides.com,content/_live/published_urls.json
https://theindustryguides.com/personal-injury/cost-fees/,/personal-injury/cost-fees/,2026-06-23,page,theindustryguides.com,content/_live/published_urls.json
https://theindustryguides.com/personal-injury/evidence-documents/,/personal-injury/evidence-documents/,2026-06-25,page,theindustryguides.com,content/_live/published_urls.json
https://theindustryguides.com/personal-injury/insurance-fault/,/personal-injury/insurance-fault/,2026-06-23,page,theindustryguides.com,content/_live/published_urls.json
https://theindustryguides.com/personal-injury/medical-treatment/,/personal-injury/medical-treatment/,2026-06-25,page,theindustryguides.com,content/_live/published_urls.json
https://theindustryguides.com/personal-injury/process-timeline/,/personal-injury/process-timeline/,2026-06-25,page,theindustryguides.com,content/_live/published_urls.json
https://theindustryguides.com/personal-injury/questions-to-ask/,/personal-injury/questions-to-ask/,2026-06-25,page,theindustryguides.com,content/_live/published_urls.json
https://theindustryguides.com/personal-injury/settlement-offers/,/personal-injury/settlement-offers/,2026-06-25,page,theindustryguides.com,content/_live/published_urls.json
https://theindustryguides.com/personal-injury/situations/,/personal-injury/situations/,2026-06-25,page,theindustryguides.com,content/_live/published_urls.json
https://theindustryguides.com/personal-injury/states/alabama/comparative-negligence/,/personal-injury/states/alabama/comparative-negligence/,2026-06-26,page,theindustryguides.com,content/_live/published_urls.json
https://theindustryguides.com/personal-injury/states/alabama/statute-of-limitations/,/personal-injury/states/alabama/statute-of-limitations/,2026-06-26,page,theindustryguides.com,content/_live/published_urls.json
https://theindustryguides.com/personal-injury/states/alaska/comparative-negligence/,/personal-injury/states/alaska/comparative-negligence/,2026-06-26,page,theindustryguides.com,content/_live/published_urls.json
https://theindustryguides.com/personal-injury/states/alaska/statute-of-limitations/,/personal-injury/states/alaska/statute-of-limitations/,2026-06-26,page,theindustryguides.com,content/_live/published_urls.json
https://theindustryguides.com/personal-injury/states/arizona/comparative-negligence/,/personal-injury/states/arizona/comparative-negligence/,2026-06-26,page,theindustryguides.com,content/_live/published_urls.json
https://theindustryguides.com/personal-injury/states/arizona/statute-of-limitations/,/personal-injury/states/arizona/statute-of-limitations/,2026-06-26,page,theindustryguides.com,content/_live/published_urls.json
https://theindustryguides.com/personal-injury/states/arkansas/comparative-negligence/,/personal-injury/states/arkansas/comparative-negligence/,2026-06-26,page,theindustryguides.com,content/_live/published_urls.json
https://theindustryguides.com/personal-injury/states/arkansas/statute-of-limitations/,/personal-injury/states/arkansas/statute-of-limitations/,2026-06-26,page,theindustryguides.com,content/_live/published_urls.json
https://theindustryguides.com/personal-injury/states/california/comparative-negligence/,/personal-injury/states/california/comparative-negligence/,2026-06-26,page,theindustryguides.com,content/_live/published_urls.json
https://theindustryguides.com/personal-injury/states/california/statute-of-limitations/,/personal-injury/states/california/statute-of-limitations/,2026-06-26,page,theindustryguides.com,content/_live/published_urls.json
https://theindustryguides.com/personal-injury/states/colorado/comparative-negligence/,/personal-injury/states/colorado/comparative-negligence/,2026-06-26,page,theindustryguides.com,content/_live/published_urls.json
https://theindustryguides.com/personal-injury/states/colorado/statute-of-limitations/,/personal-injury/states/colorado/statute-of-limitations/,2026-06-26,page,theindustryguides.com,content/_live/published_urls.json
https://theindustryguides.com/personal-injury/states/connecticut/comparative-negligence/,/personal-injury/states/connecticut/comparative-negligence/,2026-06-26,page,theindustryguides.com,content/_live/published_urls.json
https://theindustryguides.com/personal-injury/states/connecticut/statute-of-limitations/,/personal-injury/states/connecticut/statute-of-limitations/,2026-06-26,page,theindustryguides.com,content/_live/published_urls.json
https://theindustryguides.com/personal-injury/states/delaware/comparative-negligence/,/personal-injury/states/delaware/comparative-negligence/,2026-06-26,page,theindustryguides.com,content/_live/published_urls.json
https://theindustryguides.com/personal-injury/states/delaware/statute-of-limitations/,/personal-injury/states/delaware/statute-of-limitations/,2026-06-26,page,theindustryguides.com,content/_live/published_urls.json
https://theindustryguides.com/personal-injury/states/florida/comparative-negligence/,/personal-injury/states/florida/comparative-negligence/,2026-06-26,page,theindustryguides.com,content/_live/published_urls.json
https://theindustryguides.com/personal-injury/states/florida/statute-of-limitations/,/personal-injury/states/florida/statute-of-limitations/,2026-06-26,page,theindustryguides.com,content/_live/published_urls.json
https://theindustryguides.com/personal-injury/states/georgia/comparative-negligence/,/personal-injury/states/georgia/comparative-negligence/,2026-06-26,page,theindustryguides.com,content/_live/published_urls.json
https://theindustryguides.com/personal-injury/states/georgia/statute-of-limitations/,/personal-injury/states/georgia/statute-of-limitations/,2026-06-26,page,theindustryguides.com,content/_live/published_urls.json
https://theindustryguides.com/personal-injury/states/hawaii/comparative-negligence/,/personal-injury/states/hawaii/comparative-negligence/,2026-06-26,page,theindustryguides.com,content/_live/published_urls.json
https://theindustryguides.com/personal-injury/states/hawaii/statute-of-limitations/,/personal-injury/states/hawaii/statute-of-limitations/,2026-06-26,page,theindustryguides.com,content/_live/published_urls.json
https://theindustryguides.com/personal-injury/states/idaho/comparative-negligence/,/personal-injury/states/idaho/comparative-negligence/,2026-06-26,page,theindustryguides.com,content/_live/published_urls.json
https://theindustryguides.com/personal-injury/states/idaho/statute-of-limitations/,/personal-injury/states/idaho/statute-of-limitations/,2026-06-26,page,theindustryguides.com,content/_live/published_urls.json
https://theindustryguides.com/personal-injury/states/illinois/comparative-negligence/,/personal-injury/states/illinois/comparative-negligence/,2026-06-26,page,theindustryguides.com,content/_live/published_urls.json
https://theindustryguides.com/personal-injury/states/illinois/statute-of-limitations/,/personal-injury/states/illinois/statute-of-limitations/,2026-06-26,page,theindustryguides.com,content/_live/published_urls.json
https://theindustryguides.com/personal-injury/states/indiana/comparative-negligence/,/personal-injury/states/indiana/comparative-negligence/,2026-06-26,page,theindustryguides.com,content/_live/published_urls.json
https://theindustryguides.com/personal-injury/states/indiana/statute-of-limitations/,/personal-injury/states/indiana/statute-of-limitations/,2026-06-26,page,theindustryguides.com,content/_live/published_urls.json
https://theindustryguides.com/personal-injury/states/iowa/comparative-negligence/,/personal-injury/states/iowa/comparative-negligence/,2026-06-26,page,theindustryguides.com,content/_live/published_urls.json
https://theindustryguides.com/personal-injury/states/iowa/statute-of-limitations/,/personal-injury/states/iowa/statute-of-limitations/,2026-06-26,page,theindustryguides.com,content/_live/published_urls.json
https://theindustryguides.com/personal-injury/states/kansas/comparative-negligence/,/personal-injury/states/kansas/comparative-negligence/,2026-06-26,page,theindustryguides.com,content/_live/published_urls.json
https://theindustryguides.com/personal-injury/states/kansas/statute-of-limitations/,/personal-injury/states/kansas/statute-of-limitations/,2026-06-26,page,theindustryguides.com,content/_live/published_urls.json
https://theindustryguides.com/personal-injury/states/kentucky/comparative-negligence/,/personal-injury/states/kentucky/comparative-negligence/,2026-06-26,page,theindustryguides.com,content/_live/published_urls.json
https://theindustryguides.com/personal-injury/states/kentucky/statute-of-limitations/,/personal-injury/states/kentucky/statute-of-limitations/,2026-06-26,page,theindustryguides.com,content/_live/published_urls.json
https://theindustryguides.com/personal-injury/states/louisiana/comparative-negligence/,/personal-injury/states/louisiana/comparative-negligence/,2026-06-26,page,theindustryguides.com,content/_live/published_urls.json
https://theindustryguides.com/personal-injury/states/louisiana/statute-of-limitations/,/personal-injury/states/louisiana/statute-of-limitations/,2026-06-26,page,theindustryguides.com,content/_live/published_urls.json
https://theindustryguides.com/personal-injury/states/maine/comparative-negligence/,/personal-injury/states/maine/comparative-negligence/,2026-06-26,page,theindustryguides.com,content/_live/published_urls.json
https://theindustryguides.com/personal-injury/states/maine/statute-of-limitations/,/personal-injury/states/maine/statute-of-limitations/,2026-06-26,page,theindustryguides.com,content/_live/published_urls.json
https://theindustryguides.com/personal-injury/states/maryland/comparative-negligence/,/personal-injury/states/maryland/comparative-negligence/,2026-06-26,page,theindustryguides.com,content/_live/published_urls.json
https://theindustryguides.com/personal-injury/states/maryland/statute-of-limitations/,/personal-injury/states/maryland/statute-of-limitations/,2026-06-26,page,theindustryguides.com,content/_live/published_urls.json
https://theindustryguides.com/personal-injury/states/massachusetts/comparative-negligence/,/personal-injury/states/massachusetts/comparative-negligence/,2026-06-26,page,theindustryguides.com,content/_live/published_urls.json
https://theindustryguides.com/personal-injury/states/massachusetts/statute-of-limitations/,/personal-injury/states/massachusetts/statute-of-limitations/,2026-06-26,page,theindustryguides.com,content/_live/published_urls.json
https://theindustryguides.com/personal-injury/states/michigan/comparative-negligence/,/personal-injury/states/michigan/comparative-negligence/,2026-06-26,page,theindustryguides.com,content/_live/published_urls.json
https://theindustryguides.com/personal-injury/states/michigan/statute-of-limitations/,/personal-injury/states/michigan/statute-of-limitations/,2026-06-26,page,theindustryguides.com,content/_live/published_urls.json
https://theindustryguides.com/personal-injury/states/minnesota/comparative-negligence/,/personal-injury/states/minnesota/comparative-negligence/,2026-06-26,page,theindustryguides.com,content/_live/published_urls.json
https://theindustryguides.com/personal-injury/states/minnesota/statute-of-limitations/,/personal-injury/states/minnesota/statute-of-limitations/,2026-06-26,page,theindustryguides.com,content/_live/published_urls.json
https://theindustryguides.com/personal-injury/states/mississippi/comparative-negligence/,/personal-injury/states/mississippi/comparative-negligence/,2026-06-26,page,theindustryguides.com,content/_live/published_urls.json
https://theindustryguides.com/personal-injury/states/mississippi/statute-of-limitations/,/personal-injury/states/mississippi/statute-of-limitations/,2026-06-26,page,theindustryguides.com,content/_live/published_urls.json
https://theindustryguides.com/personal-injury/states/missouri/comparative-negligence/,/personal-injury/states/missouri/comparative-negligence/,2026-06-26,page,theindustryguides.com,content/_live/published_urls.json
https://theindustryguides.com/personal-injury/states/missouri/statute-of-limitations/,/personal-injury/states/missouri/statute-of-limitations/,2026-06-26,page,theindustryguides.com,content/_live/published_urls.json
https://theindustryguides.com/personal-injury/states/montana/comparative-negligence/,/personal-injury/states/montana/comparative-negligence/,2026-06-26,page,theindustryguides.com,content/_live/published_urls.json
https://theindustryguides.com/personal-injury/states/montana/statute-of-limitations/,/personal-injury/states/montana/statute-of-limitations/,2026-06-26,page,theindustryguides.com,content/_live/published_urls.json
https://theindustryguides.com/personal-injury/states/nebraska/comparative-negligence/,/personal-injury/states/nebraska/comparative-negligence/,2026-06-26,page,theindustryguides.com,content/_live/published_urls.json
https://theindustryguides.com/personal-injury/states/nebraska/statute-of-limitations/,/personal-injury/states/nebraska/statute-of-limitations/,2026-06-26,page,theindustryguides.com,content/_live/published_urls.json
https://theindustryguides.com/personal-injury/states/nevada/comparative-negligence/,/personal-injury/states/nevada/comparative-negligence/,2026-06-26,page,theindustryguides.com,content/_live/published_urls.json
https://theindustryguides.com/personal-injury/states/nevada/statute-of-limitations/,/personal-injury/states/nevada/statute-of-limitations/,2026-06-26,page,theindustryguides.com,content/_live/published_urls.json
https://theindustryguides.com/personal-injury/states/new-hampshire/comparative-negligence/,/personal-injury/states/new-hampshire/comparative-negligence/,2026-06-26,page,theindustryguides.com,content/_live/published_urls.json
https://theindustryguides.com/personal-injury/states/new-hampshire/statute-of-limitations/,/personal-injury/states/new-hampshire/statute-of-limitations/,2026-06-26,page,theindustryguides.com,content/_live/published_urls.json
https://theindustryguides.com/personal-injury/states/new-jersey/comparative-negligence/,/personal-injury/states/new-jersey/comparative-negligence/,2026-06-26,page,theindustryguides.com,content/_live/published_urls.json
https://theindustryguides.com/personal-injury/states/new-jersey/statute-of-limitations/,/personal-injury/states/new-jersey/statute-of-limitations/,2026-06-26,page,theindustryguides.com,content/_live/published_urls.json
https://theindustryguides.com/personal-injury/states/new-mexico/comparative-negligence/,/personal-injury/states/new-mexico/comparative-negligence/,2026-06-26,page,theindustryguides.com,content/_live/published_urls.json
https://theindustryguides.com/personal-injury/states/new-mexico/statute-of-limitations/,/personal-injury/states/new-mexico/statute-of-limitations/,2026-06-26,page,theindustryguides.com,content/_live/published_urls.json
https://theindustryguides.com/personal-injury/states/new-york/comparative-negligence/,/personal-injury/states/new-york/comparative-negligence/,2026-06-26,page,theindustryguides.com,content/_live/published_urls.json
https://theindustryguides.com/personal-injury/states/new-york/statute-of-limitations/,/personal-injury/states/new-york/statute-of-limitations/,2026-06-26,page,theindustryguides.com,content/_live/published_urls.json
https://theindustryguides.com/personal-injury/states/north-carolina/comparative-negligence/,/personal-injury/states/north-carolina/comparative-negligence/,2026-06-26,page,theindustryguides.com,content/_live/published_urls.json
https://theindustryguides.com/personal-injury/states/north-carolina/statute-of-limitations/,/personal-injury/states/north-carolina/statute-of-limitations/,2026-06-26,page,theindustryguides.com,content/_live/published_urls.json
https://theindustryguides.com/personal-injury/states/north-dakota/comparative-negligence/,/personal-injury/states/north-dakota/comparative-negligence/,2026-06-26,page,theindustryguides.com,content/_live/published_urls.json
https://theindustryguides.com/personal-injury/states/north-dakota/statute-of-limitations/,/personal-injury/states/north-dakota/statute-of-limitations/,2026-06-26,page,theindustryguides.com,content/_live/published_urls.json
https://theindustryguides.com/personal-injury/states/ohio/comparative-negligence/,/personal-injury/states/ohio/comparative-negligence/,2026-06-26,page,theindustryguides.com,content/_live/published_urls.json
https://theindustryguides.com/personal-injury/states/ohio/statute-of-limitations/,/personal-injury/states/ohio/statute-of-limitations/,2026-06-26,page,theindustryguides.com,content/_live/published_urls.json
https://theindustryguides.com/personal-injury/states/oklahoma/comparative-negligence/,/personal-injury/states/oklahoma/comparative-negligence/,2026-06-26,page,theindustryguides.com,content/_live/published_urls.json
https://theindustryguides.com/personal-injury/states/oklahoma/statute-of-limitations/,/personal-injury/states/oklahoma/statute-of-limitations/,2026-06-26,page,theindustryguides.com,content/_live/published_urls.json
https://theindustryguides.com/personal-injury/states/oregon/comparative-negligence/,/personal-injury/states/oregon/comparative-negligence/,2026-06-26,page,theindustryguides.com,content/_live/published_urls.json
https://theindustryguides.com/personal-injury/states/oregon/statute-of-limitations/,/personal-injury/states/oregon/statute-of-limitations/,2026-06-26,page,theindustryguides.com,content/_live/published_urls.json
https://theindustryguides.com/personal-injury/states/pennsylvania/comparative-negligence/,/personal-injury/states/pennsylvania/comparative-negligence/,2026-06-26,page,theindustryguides.com,content/_live/published_urls.json
https://theindustryguides.com/personal-injury/states/pennsylvania/statute-of-limitations/,/personal-injury/states/pennsylvania/statute-of-limitations/,2026-06-26,page,theindustryguides.com,content/_live/published_urls.json
https://theindustryguides.com/personal-injury/states/rhode-island/comparative-negligence/,/personal-injury/states/rhode-island/comparative-negligence/,2026-06-26,page,theindustryguides.com,content/_live/published_urls.json
https://theindustryguides.com/personal-injury/states/rhode-island/statute-of-limitations/,/personal-injury/states/rhode-island/statute-of-limitations/,2026-06-26,page,theindustryguides.com,content/_live/published_urls.json
https://theindustryguides.com/personal-injury/states/south-carolina/comparative-negligence/,/personal-injury/states/south-carolina/comparative-negligence/,2026-06-26,page,theindustryguides.com,content/_live/published_urls.json
https://theindustryguides.com/personal-injury/states/south-carolina/statute-of-limitations/,/personal-injury/states/south-carolina/statute-of-limitations/,2026-06-26,page,theindustryguides.com,content/_live/published_urls.json
https://theindustryguides.com/personal-injury/states/south-dakota/comparative-negligence/,/personal-injury/states/south-dakota/comparative-negligence/,2026-06-26,page,theindustryguides.com,content/_live/published_urls.json
https://theindustryguides.com/personal-injury/states/south-dakota/statute-of-limitations/,/personal-injury/states/south-dakota/statute-of-limitations/,2026-06-26,page,theindustryguides.com,content/_live/published_urls.json
https://theindustryguides.com/personal-injury/states/tennessee/comparative-negligence/,/personal-injury/states/tennessee/comparative-negligence/,2026-06-26,page,theindustryguides.com,content/_live/published_urls.json
https://theindustryguides.com/personal-injury/states/tennessee/statute-of-limitations/,/personal-injury/states/tennessee/statute-of-limitations/,2026-06-26,page,theindustryguides.com,content/_live/published_urls.json
https://theindustryguides.com/personal-injury/states/texas/comparative-negligence/,/personal-injury/states/texas/comparative-negligence/,2026-06-26,page,theindustryguides.com,content/_live/published_urls.json
https://theindustryguides.com/personal-injury/states/texas/statute-of-limitations/,/personal-injury/states/texas/statute-of-limitations/,2026-06-26,page,theindustryguides.com,content/_live/published_urls.json
https://theindustryguides.com/personal-injury/states/utah/comparative-negligence/,/personal-injury/states/utah/comparative-negligence/,2026-06-26,page,theindustryguides.com,content/_live/published_urls.json
https://theindustryguides.com/personal-injury/states/utah/statute-of-limitations/,/personal-injury/states/utah/statute-of-limitations/,2026-06-26,page,theindustryguides.com,content/_live/published_urls.json
https://theindustryguides.com/personal-injury/states/vermont/comparative-negligence/,/personal-injury/states/vermont/comparative-negligence/,2026-06-26,page,theindustryguides.com,content/_live/published_urls.json
https://theindustryguides.com/personal-injury/states/vermont/statute-of-limitations/,/personal-injury/states/vermont/statute-of-limitations/,2026-06-26,page,theindustryguides.com,content/_live/published_urls.json
https://theindustryguides.com/personal-injury/states/virginia/comparative-negligence/,/personal-injury/states/virginia/comparative-negligence/,2026-06-26,page,theindustryguides.com,content/_live/published_urls.json
https://theindustryguides.com/personal-injury/states/virginia/statute-of-limitations/,/personal-injury/states/virginia/statute-of-limitations/,2026-06-26,page,theindustryguides.com,content/_live/published_urls.json
https://theindustryguides.com/personal-injury/states/washington/comparative-negligence/,/personal-injury/states/washington/comparative-negligence/,2026-06-26,page,theindustryguides.com,content/_live/published_urls.json
https://theindustryguides.com/personal-injury/states/washington/statute-of-limitations/,/personal-injury/states/washington/statute-of-limitations/,2026-06-26,page,theindustryguides.com,content/_live/published_urls.json
https://theindustryguides.com/personal-injury/states/west-virginia/comparative-negligence/,/personal-injury/states/west-virginia/comparative-negligence/,2026-06-26,page,theindustryguides.com,content/_live/published_urls.json
https://theindustryguides.com/personal-injury/states/west-virginia/statute-of-limitations/,/personal-injury/states/west-virginia/statute-of-limitations/,2026-06-26,page,theindustryguides.com,content/_live/published_urls.json
https://theindustryguides.com/personal-injury/states/wisconsin/comparative-negligence/,/personal-injury/states/wisconsin/comparative-negligence/,2026-06-26,page,theindustryguides.com,content/_live/published_urls.json
https://theindustryguides.com/personal-injury/states/wisconsin/statute-of-limitations/,/personal-injury/states/wisconsin/statute-of-limitations/,2026-06-26,page,theindustryguides.com,content/_live/published_urls.json
https://theindustryguides.com/personal-injury/states/wyoming/comparative-negligence/,/personal-injury/states/wyoming/comparative-negligence/,2026-06-26,page,theindustryguides.com,content/_live/published_urls.json
https://theindustryguides.com/personal-injury/states/wyoming/statute-of-limitations/,/personal-injury/states/wyoming/statute-of-limitations/,2026-06-26,page,theindustryguides.com,content/_live/published_urls.json
https://theindustryguides.com/personal-injury/switching-lawyers/,/personal-injury/switching-lawyers/,2026-06-24,page,theindustryguides.com,content/_live/published_urls.json
https://theindustryguides.com/personal-injury/trust-red-flags/,/personal-injury/trust-red-flags/,2026-06-25,page,theindustryguides.com,content/_live/published_urls.json
https://theindustryguides.com/privacy.html,/privacy.html,2026-03-19,page,theindustryguides.com,content/_live/published_urls.json
https://theindustryguides.com/prp-vs-microneedling-for-hair-loss/,/prp-vs-microneedling-for-hair-loss/,2026-06-26,page,theindustryguides.com,content/_live/published_urls.json
https://theindustryguides.com/school-iep-evaluation-vs-private-neuropsych-evaluation/,/school-iep-evaluation-vs-private-neuropsych-evaluation/,2026-06-23,page,theindustryguides.com,content/_live/published_urls.json
https://theindustryguides.com/settlement-demand-vs-lawsuit-filing/,/settlement-demand-vs-lawsuit-filing/,2026-06-25,page,theindustryguides.com,content/_live/published_urls.json
https://theindustryguides.com/ssdi-eval-vs-school-iep-eval-vs-forensic-eval/,/ssdi-eval-vs-school-iep-eval-vs-forensic-eval/,2026-06-23,page,theindustryguides.com,content/_live/published_urls.json
https://theindustryguides.com/telehealth-trt-vs-in-person-trt/,/telehealth-trt-vs-in-person-trt/,2026-06-26,page,theindustryguides.com,content/_live/published_urls.json
https://theindustryguides.com/tools/,/tools/,2026-03-19,page,theindustryguides.com,content/_live/published_urls.json
https://theindustryguides.com/trt-vs-clomiphene-vs-enclomiphene/,/trt-vs-clomiphene-vs-enclomiphene/,2026-06-24,page,theindustryguides.com,content/_live/published_urls.json
https://theindustryguides.com/trt-vs-hair-loss-treatment/,/trt-vs-hair-loss-treatment/,2026-06-26,page,theindustryguides.com,content/_live/published_urls.json
https://theindustryguides.com/trt-vs-peptide-therapy/,/trt-vs-peptide-therapy/,2026-06-26,page,theindustryguides.com,content/_live/published_urls.json
https://theindustryguides.com/trt/,/trt/,2026-06-26,page,theindustryguides.com,content/_live/published_urls.json
https://theindustryguides.com/trt/best-top-near-me/,/trt/best-top-near-me/,2026-06-26,page,theindustryguides.com,content/_live/published_urls.json
https://theindustryguides.com/trt/clinic-selection/,/trt/clinic-selection/,2026-06-26,page,theindustryguides.com,content/_live/published_urls.json
https://theindustryguides.com/trt/community-questions/2ml-and-throw-away-the-rest-now-the-site-i-m-ordering-the-testosterone-at-will-only-send-m/,/trt/community-questions/2ml-and-throw-away-the-rest-now-the-site-i-m-ordering-the-testosterone-at-will-only-send-m/,2026-06-26,page,theindustryguides.com,content/_live/published_urls.json
https://theindustryguides.com/trt/community-questions/5-days-for-a-total-of-150mg-i-m-making-appointment-with-an-endocrinologist-this-week-so-he/,/trt/community-questions/5-days-for-a-total-of-150mg-i-m-making-appointment-with-an-endocrinologist-this-week-so-he/,2026-06-26,page,theindustryguides.com,content/_live/published_urls.json
https://theindustryguides.com/trt/community-questions/any-ideas-on-what-i-can-do-to-boost-his-motivation-and-get-his-t-levels-up-without-spendin/,/trt/community-questions/any-ideas-on-what-i-can-do-to-boost-his-motivation-and-get-his-t-levels-up-without-spendin/,2026-06-26,page,theindustryguides.com,content/_live/published_urls.json
https://theindustryguides.com/trt/community-questions/best-testosterone-clinic-in-los-angeles-ca/,/trt/community-questions/best-testosterone-clinic-in-los-angeles-ca/,2026-06-26,page,theindustryguides.com,content/_live/published_urls.json
https://theindustryguides.com/trt/community-questions/best-testosterone-clinic-in-miami-fl/,/trt/community-questions/best-testosterone-clinic-in-miami-fl/,2026-06-26,page,theindustryguides.com,content/_live/published_urls.json
https://theindustryguides.com/trt/community-questions/best-trt-clinic-in-atlanta-ga/,/trt/community-questions/best-trt-clinic-in-atlanta-ga/,2026-06-26,page,theindustryguides.com,content/_live/published_urls.json
https://theindustryguides.com/trt/community-questions/can-i-still-have-kids-if-i-start-trt/,/trt/community-questions/can-i-still-have-kids-if-i-start-trt/,2026-06-26,page,theindustryguides.com,content/_live/published_urls.json
https://theindustryguides.com/trt/community-questions/can-low-testosterone-cause-sudden-anxiety-and-panic-attacks/,/trt/community-questions/can-low-testosterone-cause-sudden-anxiety-and-panic-attacks/,2026-06-26,page,theindustryguides.com,content/_live/published_urls.json
https://theindustryguides.com/trt/community-questions/checklist-of-symptoms-for-hypogonadism-vs-chronic-fatigue-syndrome/,/trt/community-questions/checklist-of-symptoms-for-hypogonadism-vs-chronic-fatigue-syndrome/,2026-06-26,page,theindustryguides.com,content/_live/published_urls.json
https://theindustryguides.com/trt/community-questions/do-copper-peptides-actually-regrow-hair/,/trt/community-questions/do-copper-peptides-actually-regrow-hair/,2026-06-26,page,theindustryguides.com,content/_live/published_urls.json
https://theindustryguides.com/trt/community-questions/does-hair-botox-treatment-actually-stop-hair-loss/,/trt/community-questions/does-hair-botox-treatment-actually-stop-hair-loss/,2026-06-26,page,theindustryguides.com,content/_live/published_urls.json
https://theindustryguides.com/trt/community-questions/does-testosterone-replacement-therapy-cause-hair-loss/,/trt/community-questions/does-testosterone-replacement-therapy-cause-hair-loss/,2026-06-26,page,theindustryguides.com,content/_live/published_urls.json
https://theindustryguides.com/trt/community-questions/estradiol-on-trt-why-it-matters-and-when-to-treat-high-estrogen/,/trt/community-questions/estradiol-on-trt-why-it-matters-and-when-to-treat-high-estrogen/,2026-06-26,page,theindustryguides.com,content/_live/published_urls.json
https://theindustryguides.com/trt/community-questions/explain-the-relationship-between-shbg-and-free-testosterone/,/trt/community-questions/explain-the-relationship-between-shbg-and-free-testosterone/,2026-06-26,page,theindustryguides.com,content/_live/published_urls.json
https://theindustryguides.com/trt/community-questions/flawed-study-testosterone-treatment-and-coronary-artery-plaque-volume-in-older-men-with-lo/,/trt/community-questions/flawed-study-testosterone-treatment-and-coronary-artery-plaque-volume-in-older-men-with-lo/,2026-06-26,page,theindustryguides.com,content/_live/published_urls.json
https://theindustryguides.com/trt/community-questions/hcg-protocol-on-trt-to-preserve-fertility-complete-guide/,/trt/community-questions/hcg-protocol-on-trt-to-preserve-fertility-complete-guide/,2026-06-26,page,theindustryguides.com,content/_live/published_urls.json
https://theindustryguides.com/trt/community-questions/how-long-until-trt-works/,/trt/community-questions/how-long-until-trt-works/,2026-06-26,page,theindustryguides.com,content/_live/published_urls.json
https://theindustryguides.com/trt/community-questions/how-much-does-trt-cost-per-month/,/trt/community-questions/how-much-does-trt-cost-per-month/,2026-06-26,page,theindustryguides.com,content/_live/published_urls.json
https://theindustryguides.com/trt/community-questions/how-to-choose-a-trt-clinic/,/trt/community-questions/how-to-choose-a-trt-clinic/,2026-06-26,page,theindustryguides.com,content/_live/published_urls.json
https://theindustryguides.com/trt/community-questions/how-to-know-if-i-need-testosterone-therapy-or-if-i-m-just-burnt-out/,/trt/community-questions/how-to-know-if-i-need-testosterone-therapy-or-if-i-m-just-burnt-out/,2026-06-26,page,theindustryguides.com,content/_live/published_urls.json
https://theindustryguides.com/trt/community-questions/how-to-naturally-raise-testosterone-before-considering-trt/,/trt/community-questions/how-to-naturally-raise-testosterone-before-considering-trt/,2026-06-26,page,theindustryguides.com,content/_live/published_urls.json
https://theindustryguides.com/trt/community-questions/how-to-read-your-testosterone-lab-results-free-total-shbg-estradiol-explained/,/trt/community-questions/how-to-read-your-testosterone-lab-results-free-total-shbg-estradiol-explained/,2026-06-26,page,theindustryguides.com,content/_live/published_urls.json
https://theindustryguides.com/trt/community-questions/how-to-spot-a-bad-peptide-clinic/,/trt/community-questions/how-to-spot-a-bad-peptide-clinic/,2026-06-26,page,theindustryguides.com,content/_live/published_urls.json
https://theindustryguides.com/trt/community-questions/how-to-talk-to-my-doctor-about-starting-trt-if-my-levels-are-in-range-but-low/,/trt/community-questions/how-to-talk-to-my-doctor-about-starting-trt-if-my-levels-are-in-range-but-low/,2026-06-26,page,theindustryguides.com,content/_live/published_urls.json
https://theindustryguides.com/trt/community-questions/is-my-hair-loss-hormonal-or-aesthetic-how-to-tell-the-difference/,/trt/community-questions/is-my-hair-loss-hormonal-or-aesthetic-how-to-tell-the-difference/,2026-06-26,page,theindustryguides.com,content/_live/published_urls.json
https://theindustryguides.com/trt/community-questions/microneedling-frequency-and-depth-guide-for-hair-regrowth-at-home-vs-clinic/,/trt/community-questions/microneedling-frequency-and-depth-guide-for-hair-regrowth-at-home-vs-clinic/,2026-06-26,page,theindustryguides.com,content/_live/published_urls.json
https://theindustryguides.com/trt/community-questions/peptide-clinic-red-flags-to-avoid/,/trt/community-questions/peptide-clinic-red-flags-to-avoid/,2026-06-26,page,theindustryguides.com,content/_live/published_urls.json
https://theindustryguides.com/trt/community-questions/peptide-therapy-for-hair-loss-bpc-157-and-ghk-cu-what-the-evidence-shows/,/trt/community-questions/peptide-therapy-for-hair-loss-bpc-157-and-ghk-cu-what-the-evidence-shows/,2026-06-26,page,theindustryguides.com,content/_live/published_urls.json
https://theindustryguides.com/trt/community-questions/peptides-vs-trt-for-anti-aging-which-is-better/,/trt/community-questions/peptides-vs-trt-for-anti-aging-which-is-better/,2026-06-26,page,theindustryguides.com,content/_live/published_urls.json
https://theindustryguides.com/trt/community-questions/peptides-vs-trt-which-is-better-for-men/,/trt/community-questions/peptides-vs-trt-which-is-better-for-men/,2026-06-26,page,theindustryguides.com,content/_live/published_urls.json
https://theindustryguides.com/trt/community-questions/prp-vs-microneedling-for-hair-loss-which-works-better/,/trt/community-questions/prp-vs-microneedling-for-hair-loss-which-works-better/,2026-06-26,page,theindustryguides.com,content/_live/published_urls.json
https://theindustryguides.com/trt/community-questions/red-flags-to-avoid-when-choosing-a-trt-clinic/,/trt/community-questions/red-flags-to-avoid-when-choosing-a-trt-clinic/,2026-06-26,page,theindustryguides.com,content/_live/published_urls.json
https://theindustryguides.com/trt/community-questions/sperm-banking-before-starting-trt-what-you-need-to-know/,/trt/community-questions/sperm-banking-before-starting-trt-what-you-need-to-know/,2026-06-26,page,theindustryguides.com,content/_live/published_urls.json
https://theindustryguides.com/trt/community-questions/starting-trt-injections-i-ve-been-on-trt-gel-for-about-6-months-now-without-improvements-s/,/trt/community-questions/starting-trt-injections-i-ve-been-on-trt-gel-for-about-6-months-now-without-improvements-s/,2026-06-26,page,theindustryguides.com,content/_live/published_urls.json
https://theindustryguides.com/trt/community-questions/switching-providers-how-do-you-switch-providers-specifically-online-providers-like-petermd/,/trt/community-questions/switching-providers-how-do-you-switch-providers-specifically-online-providers-like-petermd/,2026-06-26,page,theindustryguides.com,content/_live/published_urls.json
https://theindustryguides.com/trt/community-questions/symptoms-of-low-t-in-men-over-40-that-aren-t-just-low-libido/,/trt/community-questions/symptoms-of-low-t-in-men-over-40-that-aren-t-just-low-libido/,2026-06-26,page,theindustryguides.com,content/_live/published_urls.json
https://theindustryguides.com/trt/community-questions/testosterone-and-anxiety-in-men-over-40-what-the-research-actually-says/,/trt/community-questions/testosterone-and-anxiety-in-men-over-40-what-the-research-actually-says/,2026-06-26,page,theindustryguides.com,content/_live/published_urls.json
https://theindustryguides.com/trt/community-questions/trt-and-sleep-quality-does-testosterone-therapy-improve-sleep-apnea-or-make-it-worse/,/trt/community-questions/trt-and-sleep-quality-does-testosterone-therapy-improve-sleep-apnea-or-make-it-worse/,2026-06-26,page,theindustryguides.com,content/_live/published_urls.json
https://theindustryguides.com/trt/community-questions/trt-clinic-near-me-atlanta/,/trt/community-questions/trt-clinic-near-me-atlanta/,2026-06-26,page,theindustryguides.com,content/_live/published_urls.json
https://theindustryguides.com/trt/community-questions/trt-clinic-near-me-chicago-il/,/trt/community-questions/trt-clinic-near-me-chicago-il/,2026-06-26,page,theindustryguides.com,content/_live/published_urls.json
https://theindustryguides.com/trt/community-questions/trt-clinic-near-me-dallas-tx/,/trt/community-questions/trt-clinic-near-me-dallas-tx/,2026-06-26,page,theindustryguides.com,content/_live/published_urls.json
https://theindustryguides.com/trt/community-questions/trt-clinic-near-me-houston-tx/,/trt/community-questions/trt-clinic-near-me-houston-tx/,2026-06-26,page,theindustryguides.com,content/_live/published_urls.json
https://theindustryguides.com/trt/community-questions/trt-clinic-vs-online-testosterone-therapy-telehealth-pros-and-cons/,/trt/community-questions/trt-clinic-vs-online-testosterone-therapy-telehealth-pros-and-cons/,2026-06-26,page,theindustryguides.com,content/_live/published_urls.json
https://theindustryguides.com/trt/community-questions/trt-injections-vs-pellets-vs-cream-which-delivery-method-is-right-for-you/,/trt/community-questions/trt-injections-vs-pellets-vs-cream-which-delivery-method-is-right-for-you/,2026-06-26,page,theindustryguides.com,content/_live/published_urls.json
https://theindustryguides.com/trt/community-questions/trt-providers-ask-us-anything-37-peptides-and-getting-summer-ready-98-month-pricing-welcom/,/trt/community-questions/trt-providers-ask-us-anything-37-peptides-and-getting-summer-ready-98-month-pricing-welcom/,2026-06-26,page,theindustryguides.com,content/_live/published_urls.json
https://theindustryguides.com/trt/community-questions/what-happens-when-you-stop-trt-timeline-and-recovery-what-to-expect/,/trt/community-questions/what-happens-when-you-stop-trt-timeline-and-recovery-what-to-expect/,2026-06-26,page,theindustryguides.com,content/_live/published_urls.json
https://theindustryguides.com/trt/community-questions/what-is-the-sweet-spot-for-free-t-levels-for-building-muscle-and-mood/,/trt/community-questions/what-is-the-sweet-spot-for-free-t-levels-for-building-muscle-and-mood/,2026-06-26,page,theindustryguides.com,content/_live/published_urls.json
https://theindustryguides.com/trt/community-questions/what-markers-should-i-ask-for-in-a-full-hormone-panel-besides-just-testosterone/,/trt/community-questions/what-markers-should-i-ask-for-in-a-full-hormone-panel-besides-just-testosterone/,2026-06-26,page,theindustryguides.com,content/_live/published_urls.json
https://theindustryguides.com/trt/community-questions/what-to-expect-in-the-first-90-days-of-trt/,/trt/community-questions/what-to-expect-in-the-first-90-days-of-trt/,2026-06-26,page,theindustryguides.com,content/_live/published_urls.json
https://theindustryguides.com/trt/community-questions/why-is-my-free-testosterone-low-but-my-total-testosterone-is-normal/,/trt/community-questions/why-is-my-free-testosterone-low-but-my-total-testosterone-is-normal/,2026-06-26,page,theindustryguides.com,content/_live/published_urls.json
https://theindustryguides.com/trt/community-questions/why-is-my-hematocrit-high-on-trt-and-how-do-i-lower-it-without-donating-blood/,/trt/community-questions/why-is-my-hematocrit-high-on-trt-and-how-do-i-lower-it-without-donating-blood/,2026-06-26,page,theindustryguides.com,content/_live/published_urls.json
https://theindustryguides.com/trt/cost-insurance/,/trt/cost-insurance/,2026-06-24,page,theindustryguides.com,content/_live/published_urls.json
https://theindustryguides.com/trt/fertility-pct/,/trt/fertility-pct/,2026-06-26,page,theindustryguides.com,content/_live/published_urls.json
https://theindustryguides.com/trt/hair-loss-cost/,/trt/hair-loss-cost/,2026-06-26,page,theindustryguides.com,content/_live/published_urls.json
https://theindustryguides.com/trt/hair-loss-provider/,/trt/hair-loss-provider/,2026-06-26,page,theindustryguides.com,content/_live/published_urls.json
https://theindustryguides.com/trt/labs-dosing/,/trt/labs-dosing/,2026-06-26,page,theindustryguides.com,content/_live/published_urls.json
https://theindustryguides.com/trt/medication-costs/,/trt/medication-costs/,2026-06-26,page,theindustryguides.com,content/_live/published_urls.json
https://theindustryguides.com/trt/peptide-clinic-selection/,/trt/peptide-clinic-selection/,2026-06-26,page,theindustryguides.com,content/_live/published_urls.json
https://theindustryguides.com/trt/peptide-cost-safety/,/trt/peptide-cost-safety/,2026-06-26,page,theindustryguides.com,content/_live/published_urls.json
https://theindustryguides.com/trt/peptide-red-flags/,/trt/peptide-red-flags/,2026-06-24,page,theindustryguides.com,content/_live/published_urls.json
https://theindustryguides.com/trt/peptide-types-uses/,/trt/peptide-types-uses/,2026-06-26,page,theindustryguides.com,content/_live/published_urls.json
https://theindustryguides.com/trt/safety-red-flags/,/trt/safety-red-flags/,2026-06-26,page,theindustryguides.com,content/_live/published_urls.json
https://theindustryguides.com/trt/side-effects-monitoring/,/trt/side-effects-monitoring/,2026-06-26,page,theindustryguides.com,content/_live/published_urls.json
https://theindustryguides.com/trt/states/alabama/telehealth-trt-rules/,/trt/states/alabama/telehealth-trt-rules/,2026-06-26,page,theindustryguides.com,content/_live/published_urls.json
https://theindustryguides.com/trt/states/alabama/trt-legality/,/trt/states/alabama/trt-legality/,2026-06-26,page,theindustryguides.com,content/_live/published_urls.json
https://theindustryguides.com/trt/states/alaska/telehealth-trt-rules/,/trt/states/alaska/telehealth-trt-rules/,2026-06-26,page,theindustryguides.com,content/_live/published_urls.json
https://theindustryguides.com/trt/states/alaska/trt-legality/,/trt/states/alaska/trt-legality/,2026-06-26,page,theindustryguides.com,content/_live/published_urls.json
https://theindustryguides.com/trt/states/arizona/telehealth-trt-rules/,/trt/states/arizona/telehealth-trt-rules/,2026-06-26,page,theindustryguides.com,content/_live/published_urls.json
https://theindustryguides.com/trt/states/arizona/trt-legality/,/trt/states/arizona/trt-legality/,2026-06-26,page,theindustryguides.com,content/_live/published_urls.json
https://theindustryguides.com/trt/states/arkansas/telehealth-trt-rules/,/trt/states/arkansas/telehealth-trt-rules/,2026-06-26,page,theindustryguides.com,content/_live/published_urls.json
https://theindustryguides.com/trt/states/arkansas/trt-legality/,/trt/states/arkansas/trt-legality/,2026-06-26,page,theindustryguides.com,content/_live/published_urls.json
https://theindustryguides.com/trt/states/california/telehealth-trt-rules/,/trt/states/california/telehealth-trt-rules/,2026-06-26,page,theindustryguides.com,content/_live/published_urls.json
https://theindustryguides.com/trt/states/california/trt-legality/,/trt/states/california/trt-legality/,2026-06-26,page,theindustryguides.com,content/_live/published_urls.json
https://theindustryguides.com/trt/states/colorado/telehealth-trt-rules/,/trt/states/colorado/telehealth-trt-rules/,2026-06-26,page,theindustryguides.com,content/_live/published_urls.json
https://theindustryguides.com/trt/states/colorado/trt-legality/,/trt/states/colorado/trt-legality/,2026-06-26,page,theindustryguides.com,content/_live/published_urls.json
https://theindustryguides.com/trt/states/connecticut/telehealth-trt-rules/,/trt/states/connecticut/telehealth-trt-rules/,2026-06-26,page,theindustryguides.com,content/_live/published_urls.json
https://theindustryguides.com/trt/states/connecticut/trt-legality/,/trt/states/connecticut/trt-legality/,2026-06-26,page,theindustryguides.com,content/_live/published_urls.json
https://theindustryguides.com/trt/states/delaware/telehealth-trt-rules/,/trt/states/delaware/telehealth-trt-rules/,2026-06-26,page,theindustryguides.com,content/_live/published_urls.json
https://theindustryguides.com/trt/states/delaware/trt-legality/,/trt/states/delaware/trt-legality/,2026-06-26,page,theindustryguides.com,content/_live/published_urls.json
https://theindustryguides.com/trt/states/florida/telehealth-trt-rules/,/trt/states/florida/telehealth-trt-rules/,2026-06-26,page,theindustryguides.com,content/_live/published_urls.json
https://theindustryguides.com/trt/states/florida/trt-legality/,/trt/states/florida/trt-legality/,2026-06-26,page,theindustryguides.com,content/_live/published_urls.json
https://theindustryguides.com/trt/states/georgia/telehealth-trt-rules/,/trt/states/georgia/telehealth-trt-rules/,2026-06-26,page,theindustryguides.com,content/_live/published_urls.json
https://theindustryguides.com/trt/states/georgia/trt-legality/,/trt/states/georgia/trt-legality/,2026-06-26,page,theindustryguides.com,content/_live/published_urls.json
https://theindustryguides.com/trt/states/hawaii/telehealth-trt-rules/,/trt/states/hawaii/telehealth-trt-rules/,2026-06-26,page,theindustryguides.com,content/_live/published_urls.json
https://theindustryguides.com/trt/states/hawaii/trt-legality/,/trt/states/hawaii/trt-legality/,2026-06-26,page,theindustryguides.com,content/_live/published_urls.json
https://theindustryguides.com/trt/states/idaho/telehealth-trt-rules/,/trt/states/idaho/telehealth-trt-rules/,2026-06-26,page,theindustryguides.com,content/_live/published_urls.json
https://theindustryguides.com/trt/states/idaho/trt-legality/,/trt/states/idaho/trt-legality/,2026-06-26,page,theindustryguides.com,content/_live/published_urls.json
https://theindustryguides.com/trt/states/illinois/telehealth-trt-rules/,/trt/states/illinois/telehealth-trt-rules/,2026-06-26,page,theindustryguides.com,content/_live/published_urls.json
https://theindustryguides.com/trt/states/illinois/trt-legality/,/trt/states/illinois/trt-legality/,2026-06-26,page,theindustryguides.com,content/_live/published_urls.json
https://theindustryguides.com/trt/states/indiana/telehealth-trt-rules/,/trt/states/indiana/telehealth-trt-rules/,2026-06-26,page,theindustryguides.com,content/_live/published_urls.json
https://theindustryguides.com/trt/states/indiana/trt-legality/,/trt/states/indiana/trt-legality/,2026-06-26,page,theindustryguides.com,content/_live/published_urls.json
https://theindustryguides.com/trt/states/iowa/telehealth-trt-rules/,/trt/states/iowa/telehealth-trt-rules/,2026-06-26,page,theindustryguides.com,content/_live/published_urls.json
https://theindustryguides.com/trt/states/iowa/trt-legality/,/trt/states/iowa/trt-legality/,2026-06-26,page,theindustryguides.com,content/_live/published_urls.json
https://theindustryguides.com/trt/states/kansas/telehealth-trt-rules/,/trt/states/kansas/telehealth-trt-rules/,2026-06-26,page,theindustryguides.com,content/_live/published_urls.json
https://theindustryguides.com/trt/states/kansas/trt-legality/,/trt/states/kansas/trt-legality/,2026-06-26,page,theindustryguides.com,content/_live/published_urls.json
https://theindustryguides.com/trt/states/kentucky/telehealth-trt-rules/,/trt/states/kentucky/telehealth-trt-rules/,2026-06-26,page,theindustryguides.com,content/_live/published_urls.json
https://theindustryguides.com/trt/states/kentucky/trt-legality/,/trt/states/kentucky/trt-legality/,2026-06-26,page,theindustryguides.com,content/_live/published_urls.json
https://theindustryguides.com/trt/states/louisiana/telehealth-trt-rules/,/trt/states/louisiana/telehealth-trt-rules/,2026-06-26,page,theindustryguides.com,content/_live/published_urls.json
https://theindustryguides.com/trt/states/louisiana/trt-legality/,/trt/states/louisiana/trt-legality/,2026-06-26,page,theindustryguides.com,content/_live/published_urls.json
https://theindustryguides.com/trt/states/maine/telehealth-trt-rules/,/trt/states/maine/telehealth-trt-rules/,2026-06-26,page,theindustryguides.com,content/_live/published_urls.json
https://theindustryguides.com/trt/states/maine/trt-legality/,/trt/states/maine/trt-legality/,2026-06-26,page,theindustryguides.com,content/_live/published_urls.json
https://theindustryguides.com/trt/states/maryland/telehealth-trt-rules/,/trt/states/maryland/telehealth-trt-rules/,2026-06-26,page,theindustryguides.com,content/_live/published_urls.json
https://theindustryguides.com/trt/states/maryland/trt-legality/,/trt/states/maryland/trt-legality/,2026-06-26,page,theindustryguides.com,content/_live/published_urls.json
https://theindustryguides.com/trt/states/massachusetts/telehealth-trt-rules/,/trt/states/massachusetts/telehealth-trt-rules/,2026-06-26,page,theindustryguides.com,content/_live/published_urls.json
https://theindustryguides.com/trt/states/massachusetts/trt-legality/,/trt/states/massachusetts/trt-legality/,2026-06-26,page,theindustryguides.com,content/_live/published_urls.json
https://theindustryguides.com/trt/states/michigan/telehealth-trt-rules/,/trt/states/michigan/telehealth-trt-rules/,2026-06-26,page,theindustryguides.com,content/_live/published_urls.json
https://theindustryguides.com/trt/states/michigan/trt-legality/,/trt/states/michigan/trt-legality/,2026-06-26,page,theindustryguides.com,content/_live/published_urls.json
https://theindustryguides.com/trt/states/minnesota/telehealth-trt-rules/,/trt/states/minnesota/telehealth-trt-rules/,2026-06-26,page,theindustryguides.com,content/_live/published_urls.json
https://theindustryguides.com/trt/states/minnesota/trt-legality/,/trt/states/minnesota/trt-legality/,2026-06-26,page,theindustryguides.com,content/_live/published_urls.json
https://theindustryguides.com/trt/states/mississippi/telehealth-trt-rules/,/trt/states/mississippi/telehealth-trt-rules/,2026-06-26,page,theindustryguides.com,content/_live/published_urls.json
https://theindustryguides.com/trt/states/mississippi/trt-legality/,/trt/states/mississippi/trt-legality/,2026-06-26,page,theindustryguides.com,content/_live/published_urls.json
https://theindustryguides.com/trt/states/missouri/telehealth-trt-rules/,/trt/states/missouri/telehealth-trt-rules/,2026-06-26,page,theindustryguides.com,content/_live/published_urls.json
https://theindustryguides.com/trt/states/missouri/trt-legality/,/trt/states/missouri/trt-legality/,2026-06-26,page,theindustryguides.com,content/_live/published_urls.json
https://theindustryguides.com/trt/states/montana/telehealth-trt-rules/,/trt/states/montana/telehealth-trt-rules/,2026-06-26,page,theindustryguides.com,content/_live/published_urls.json
https://theindustryguides.com/trt/states/montana/trt-legality/,/trt/states/montana/trt-legality/,2026-06-26,page,theindustryguides.com,content/_live/published_urls.json
https://theindustryguides.com/trt/states/nebraska/telehealth-trt-rules/,/trt/states/nebraska/telehealth-trt-rules/,2026-06-26,page,theindustryguides.com,content/_live/published_urls.json
https://theindustryguides.com/trt/states/nebraska/trt-legality/,/trt/states/nebraska/trt-legality/,2026-06-26,page,theindustryguides.com,content/_live/published_urls.json
https://theindustryguides.com/trt/states/nevada/telehealth-trt-rules/,/trt/states/nevada/telehealth-trt-rules/,2026-06-26,page,theindustryguides.com,content/_live/published_urls.json
https://theindustryguides.com/trt/states/nevada/trt-legality/,/trt/states/nevada/trt-legality/,2026-06-26,page,theindustryguides.com,content/_live/published_urls.json
https://theindustryguides.com/trt/states/new-hampshire/telehealth-trt-rules/,/trt/states/new-hampshire/telehealth-trt-rules/,2026-06-26,page,theindustryguides.com,content/_live/published_urls.json
https://theindustryguides.com/trt/states/new-hampshire/trt-legality/,/trt/states/new-hampshire/trt-legality/,2026-06-26,page,theindustryguides.com,content/_live/published_urls.json
https://theindustryguides.com/trt/states/new-jersey/telehealth-trt-rules/,/trt/states/new-jersey/telehealth-trt-rules/,2026-06-26,page,theindustryguides.com,content/_live/published_urls.json
https://theindustryguides.com/trt/states/new-jersey/trt-legality/,/trt/states/new-jersey/trt-legality/,2026-06-26,page,theindustryguides.com,content/_live/published_urls.json
https://theindustryguides.com/trt/states/new-mexico/telehealth-trt-rules/,/trt/states/new-mexico/telehealth-trt-rules/,2026-06-26,page,theindustryguides.com,content/_live/published_urls.json
https://theindustryguides.com/trt/states/new-mexico/trt-legality/,/trt/states/new-mexico/trt-legality/,2026-06-26,page,theindustryguides.com,content/_live/published_urls.json
https://theindustryguides.com/trt/states/new-york/telehealth-trt-rules/,/trt/states/new-york/telehealth-trt-rules/,2026-06-26,page,theindustryguides.com,content/_live/published_urls.json
https://theindustryguides.com/trt/states/new-york/trt-legality/,/trt/states/new-york/trt-legality/,2026-06-26,page,theindustryguides.com,content/_live/published_urls.json
https://theindustryguides.com/trt/states/north-carolina/telehealth-trt-rules/,/trt/states/north-carolina/telehealth-trt-rules/,2026-06-26,page,theindustryguides.com,content/_live/published_urls.json
https://theindustryguides.com/trt/states/north-carolina/trt-legality/,/trt/states/north-carolina/trt-legality/,2026-06-26,page,theindustryguides.com,content/_live/published_urls.json
https://theindustryguides.com/trt/states/north-dakota/telehealth-trt-rules/,/trt/states/north-dakota/telehealth-trt-rules/,2026-06-26,page,theindustryguides.com,content/_live/published_urls.json
https://theindustryguides.com/trt/states/north-dakota/trt-legality/,/trt/states/north-dakota/trt-legality/,2026-06-26,page,theindustryguides.com,content/_live/published_urls.json
https://theindustryguides.com/trt/states/ohio/telehealth-trt-rules/,/trt/states/ohio/telehealth-trt-rules/,2026-06-26,page,theindustryguides.com,content/_live/published_urls.json
https://theindustryguides.com/trt/states/ohio/trt-legality/,/trt/states/ohio/trt-legality/,2026-06-26,page,theindustryguides.com,content/_live/published_urls.json
https://theindustryguides.com/trt/states/oklahoma/telehealth-trt-rules/,/trt/states/oklahoma/telehealth-trt-rules/,2026-06-26,page,theindustryguides.com,content/_live/published_urls.json
https://theindustryguides.com/trt/states/oklahoma/trt-legality/,/trt/states/oklahoma/trt-legality/,2026-06-26,page,theindustryguides.com,content/_live/published_urls.json
https://theindustryguides.com/trt/states/oregon/telehealth-trt-rules/,/trt/states/oregon/telehealth-trt-rules/,2026-06-26,page,theindustryguides.com,content/_live/published_urls.json
https://theindustryguides.com/trt/states/oregon/trt-legality/,/trt/states/oregon/trt-legality/,2026-06-26,page,theindustryguides.com,content/_live/published_urls.json
https://theindustryguides.com/trt/states/pennsylvania/telehealth-trt-rules/,/trt/states/pennsylvania/telehealth-trt-rules/,2026-06-26,page,theindustryguides.com,content/_live/published_urls.json
https://theindustryguides.com/trt/states/pennsylvania/trt-legality/,/trt/states/pennsylvania/trt-legality/,2026-06-26,page,theindustryguides.com,content/_live/published_urls.json
https://theindustryguides.com/trt/states/rhode-island/telehealth-trt-rules/,/trt/states/rhode-island/telehealth-trt-rules/,2026-06-26,page,theindustryguides.com,content/_live/published_urls.json
https://theindustryguides.com/trt/states/rhode-island/trt-legality/,/trt/states/rhode-island/trt-legality/,2026-06-26,page,theindustryguides.com,content/_live/published_urls.json
https://theindustryguides.com/trt/states/south-carolina/telehealth-trt-rules/,/trt/states/south-carolina/telehealth-trt-rules/,2026-06-26,page,theindustryguides.com,content/_live/published_urls.json
https://theindustryguides.com/trt/states/south-carolina/trt-legality/,/trt/states/south-carolina/trt-legality/,2026-06-26,page,theindustryguides.com,content/_live/published_urls.json
https://theindustryguides.com/trt/states/south-dakota/telehealth-trt-rules/,/trt/states/south-dakota/telehealth-trt-rules/,2026-06-26,page,theindustryguides.com,content/_live/published_urls.json
https://theindustryguides.com/trt/states/south-dakota/trt-legality/,/trt/states/south-dakota/trt-legality/,2026-06-26,page,theindustryguides.com,content/_live/published_urls.json
https://theindustryguides.com/trt/states/tennessee/telehealth-trt-rules/,/trt/states/tennessee/telehealth-trt-rules/,2026-06-26,page,theindustryguides.com,content/_live/published_urls.json
https://theindustryguides.com/trt/states/tennessee/trt-legality/,/trt/states/tennessee/trt-legality/,2026-06-26,page,theindustryguides.com,content/_live/published_urls.json
https://theindustryguides.com/trt/states/texas/telehealth-trt-rules/,/trt/states/texas/telehealth-trt-rules/,2026-06-26,page,theindustryguides.com,content/_live/published_urls.json
https://theindustryguides.com/trt/states/texas/trt-legality/,/trt/states/texas/trt-legality/,2026-06-26,page,theindustryguides.com,content/_live/published_urls.json
https://theindustryguides.com/trt/states/utah/telehealth-trt-rules/,/trt/states/utah/telehealth-trt-rules/,2026-06-26,page,theindustryguides.com,content/_live/published_urls.json
https://theindustryguides.com/trt/states/utah/trt-legality/,/trt/states/utah/trt-legality/,2026-06-26,page,theindustryguides.com,content/_live/published_urls.json
https://theindustryguides.com/trt/states/vermont/telehealth-trt-rules/,/trt/states/vermont/telehealth-trt-rules/,2026-06-26,page,theindustryguides.com,content/_live/published_urls.json
https://theindustryguides.com/trt/states/vermont/trt-legality/,/trt/states/vermont/trt-legality/,2026-06-26,page,theindustryguides.com,content/_live/published_urls.json
https://theindustryguides.com/trt/states/virginia/telehealth-trt-rules/,/trt/states/virginia/telehealth-trt-rules/,2026-06-26,page,theindustryguides.com,content/_live/published_urls.json
https://theindustryguides.com/trt/states/virginia/trt-legality/,/trt/states/virginia/trt-legality/,2026-06-26,page,theindustryguides.com,content/_live/published_urls.json
https://theindustryguides.com/trt/states/washington/telehealth-trt-rules/,/trt/states/washington/telehealth-trt-rules/,2026-06-26,page,theindustryguides.com,content/_live/published_urls.json
https://theindustryguides.com/trt/states/washington/trt-legality/,/trt/states/washington/trt-legality/,2026-06-26,page,theindustryguides.com,content/_live/published_urls.json
https://theindustryguides.com/trt/states/west-virginia/telehealth-trt-rules/,/trt/states/west-virginia/telehealth-trt-rules/,2026-06-26,page,theindustryguides.com,content/_live/published_urls.json
https://theindustryguides.com/trt/states/west-virginia/trt-legality/,/trt/states/west-virginia/trt-legality/,2026-06-26,page,theindustryguides.com,content/_live/published_urls.json
https://theindustryguides.com/trt/states/wisconsin/telehealth-trt-rules/,/trt/states/wisconsin/telehealth-trt-rules/,2026-06-26,page,theindustryguides.com,content/_live/published_urls.json
https://theindustryguides.com/trt/states/wisconsin/trt-legality/,/trt/states/wisconsin/trt-legality/,2026-06-26,page,theindustryguides.com,content/_live/published_urls.json
https://theindustryguides.com/trt/states/wyoming/telehealth-trt-rules/,/trt/states/wyoming/telehealth-trt-rules/,2026-06-26,page,theindustryguides.com,content/_live/published_urls.json
https://theindustryguides.com/trt/states/wyoming/trt-legality/,/trt/states/wyoming/trt-legality/,2026-06-26,page,theindustryguides.com,content/_live/published_urls.json
https://theindustryguides.com/uscis-medical-exam-vs-physical/,/uscis-medical-exam-vs-physical/,2026-06-26,page,theindustryguides.com,content/_live/published_urls.json
https://theindustryguides.com/uscis-medical/,/uscis-medical/,2026-06-26,page,theindustryguides.com,content/_live/published_urls.json
https://theindustryguides.com/uscis-medical/after-exam-filing/,/uscis-medical/after-exam-filing/,2026-06-26,page,theindustryguides.com,content/_live/published_urls.json
https://theindustryguides.com/uscis-medical/civil-surgeon-near-me/,/uscis-medical/civil-surgeon-near-me/,2026-06-26,page,theindustryguides.com,content/_live/published_urls.json
https://theindustryguides.com/uscis-medical/community-questions/1-month-since-biometrics-case-still-showing-uscis-is-processing-your-case-hi-everyone-it-h/,/uscis-medical/community-questions/1-month-since-biometrics-case-still-showing-uscis-is-processing-your-case-hi-everyone-it-h/,2026-06-26,page,theindustryguides.com,content/_live/published_urls.json
https://theindustryguides.com/uscis-medical/community-questions/can-i-bring-an-interpreter-to-my-i-693-appointment/,/uscis-medical/community-questions/can-i-bring-an-interpreter-to-my-i-693-appointment/,2026-06-26,page,theindustryguides.com,content/_live/published_urls.json
https://theindustryguides.com/uscis-medical/community-questions/do-i-need-to-fast-before-the-immigration-blood-test/,/uscis-medical/community-questions/do-i-need-to-fast-before-the-immigration-blood-test/,2026-06-26,page,theindustryguides.com,content/_live/published_urls.json
https://theindustryguides.com/uscis-medical/community-questions/does-health-insurance-cover-the-immigration-medical-exam/,/uscis-medical/community-questions/does-health-insurance-cover-the-immigration-medical-exam/,2026-06-26,page,theindustryguides.com,content/_live/published_urls.json
https://theindustryguides.com/uscis-medical/community-questions/does-the-i-693-medical-exam-still-expire-after-two-years/,/uscis-medical/community-questions/does-the-i-693-medical-exam-still-expire-after-two-years/,2026-06-26,page,theindustryguides.com,content/_live/published_urls.json
https://theindustryguides.com/uscis-medical/community-questions/how-long-is-the-i-693-medical-exam-valid-for-green-card-application/,/uscis-medical/community-questions/how-long-is-the-i-693-medical-exam-valid-for-green-card-application/,2026-06-26,page,theindustryguides.com,content/_live/published_urls.json
https://theindustryguides.com/uscis-medical/community-questions/how-much-does-the-i-693-medical-exam-cost-in-2026/,/uscis-medical/community-questions/how-much-does-the-i-693-medical-exam-cost-in-2026/,2026-06-26,page,theindustryguides.com,content/_live/published_urls.json
https://theindustryguides.com/uscis-medical/community-questions/how-to-avoid-rfe-delays-after-submitting-i-693-medical-exam/,/uscis-medical/community-questions/how-to-avoid-rfe-delays-after-submitting-i-693-medical-exam/,2026-06-26,page,theindustryguides.com,content/_live/published_urls.json
https://theindustryguides.com/uscis-medical/community-questions/how-to-choose-a-civil-surgeon-for-uscis-medical-exam/,/uscis-medical/community-questions/how-to-choose-a-civil-surgeon-for-uscis-medical-exam/,2026-06-26,page,theindustryguides.com,content/_live/published_urls.json
https://theindustryguides.com/uscis-medical/community-questions/how-to-find-a-uscis-authorized-civil-surgeon-near-me/,/uscis-medical/community-questions/how-to-find-a-uscis-authorized-civil-surgeon-near-me/,2026-06-26,page,theindustryguides.com,content/_live/published_urls.json
https://theindustryguides.com/uscis-medical/community-questions/how-to-get-the-sealed-i-693-medical-exam-envelope-safely/,/uscis-medical/community-questions/how-to-get-the-sealed-i-693-medical-exam-envelope-safely/,2026-06-26,page,theindustryguides.com,content/_live/published_urls.json
https://theindustryguides.com/uscis-medical/community-questions/how-to-verify-a-civil-surgeon-is-authorized-by-uscis/,/uscis-medical/community-questions/how-to-verify-a-civil-surgeon-is-authorized-by-uscis/,2026-06-26,page,theindustryguides.com,content/_live/published_urls.json
https://theindustryguides.com/uscis-medical/community-questions/is-the-covid-19-vaccine-still-required-for-uscis-medical-exam-in-2026/,/uscis-medical/community-questions/is-the-covid-19-vaccine-still-required-for-uscis-medical-exam-in-2026/,2026-06-26,page,theindustryguides.com,content/_live/published_urls.json
https://theindustryguides.com/uscis-medical/community-questions/list-of-items-to-bring-to-uscis-medical-exam-appointment/,/uscis-medical/community-questions/list-of-items-to-bring-to-uscis-medical-exam-appointment/,2026-06-26,page,theindustryguides.com,content/_live/published_urls.json
https://theindustryguides.com/uscis-medical/community-questions/red-flags-to-watch-out-for-when-filing-i-693-after-medical-exam/,/uscis-medical/community-questions/red-flags-to-watch-out-for-when-filing-i-693-after-medical-exam/,2026-06-26,page,theindustryguides.com,content/_live/published_urls.json
https://theindustryguides.com/uscis-medical/community-questions/updates-amp-where-best-to-look-first-hello-uscis-fam-what-should-i-know/,/uscis-medical/community-questions/updates-amp-where-best-to-look-first-hello-uscis-fam-what-should-i-know/,2026-06-26,page,theindustryguides.com,content/_live/published_urls.json
https://theindustryguides.com/uscis-medical/community-questions/what-are-the-requirements-for-the-i-693-medical-exam/,/uscis-medical/community-questions/what-are-the-requirements-for-the-i-693-medical-exam/,2026-06-26,page,theindustryguides.com,content/_live/published_urls.json
https://theindustryguides.com/uscis-medical/community-questions/what-does-the-mental-health-evaluation-for-immigration-involve/,/uscis-medical/community-questions/what-does-the-mental-health-evaluation-for-immigration-involve/,2026-06-26,page,theindustryguides.com,content/_live/published_urls.json
https://theindustryguides.com/uscis-medical/community-questions/what-happens-if-i-need-a-tb-test-for-my-uscis-medical-exam/,/uscis-medical/community-questions/what-happens-if-i-need-a-tb-test-for-my-uscis-medical-exam/,2026-06-26,page,theindustryguides.com,content/_live/published_urls.json
https://theindustryguides.com/uscis-medical/community-questions/what-happens-if-there-is-a-mistake-on-my-i-693-form/,/uscis-medical/community-questions/what-happens-if-there-is-a-mistake-on-my-i-693-form/,2026-06-26,page,theindustryguides.com,content/_live/published_urls.json
https://theindustryguides.com/uscis-medical/community-questions/what-is-the-new-i-693-validity-rule-from-june-2025/,/uscis-medical/community-questions/what-is-the-new-i-693-validity-rule-from-june-2025/,2026-06-26,page,theindustryguides.com,content/_live/published_urls.json
https://theindustryguides.com/uscis-medical/community-questions/what-is-the-uscis-medical-exam-and-who-performs-it/,/uscis-medical/community-questions/what-is-the-uscis-medical-exam-and-who-performs-it/,2026-06-26,page,theindustryguides.com,content/_live/published_urls.json
https://theindustryguides.com/uscis-medical/community-questions/what-specific-questions-does-the-civil-surgeon-ask-during-the-interview/,/uscis-medical/community-questions/what-specific-questions-does-the-civil-surgeon-ask-during-the-interview/,2026-06-26,page,theindustryguides.com,content/_live/published_urls.json
https://theindustryguides.com/uscis-medical/community-questions/what-vaccinations-are-required-for-uscis-immigration-medical-exam/,/uscis-medical/community-questions/what-vaccinations-are-required-for-uscis-immigration-medical-exam/,2026-06-26,page,theindustryguides.com,content/_live/published_urls.json
https://theindustryguides.com/uscis-medical/community-questions/when-was-the-covid-vaccine-requirement-removed-for-i-693/,/uscis-medical/community-questions/when-was-the-covid-vaccine-requirement-removed-for-i-693/,2026-06-26,page,theindustryguides.com,content/_live/published_urls.json
https://theindustryguides.com/uscis-medical/correction-mistakes/,/uscis-medical/correction-mistakes/,2026-06-26,page,theindustryguides.com,content/_live/published_urls.json
https://theindustryguides.com/uscis-medical/cost/,/uscis-medical/cost/,2026-06-26,page,theindustryguides.com,content/_live/published_urls.json
https://theindustryguides.com/uscis-medical/delays-rfe/,/uscis-medical/delays-rfe/,2026-06-26,page,theindustryguides.com,content/_live/published_urls.json
https://theindustryguides.com/uscis-medical/exam-day-documents/,/uscis-medical/exam-day-documents/,2026-06-26,page,theindustryguides.com,content/_live/published_urls.json
https://theindustryguides.com/uscis-medical/guides/after-exam-next-steps/,/uscis-medical/guides/after-exam-next-steps/,2026-06-19,page,theindustryguides.com,content/_live/published_urls.json
https://theindustryguides.com/uscis-medical/guides/correction-and-rejection-workflow/,/uscis-medical/guides/correction-and-rejection-workflow/,2026-06-19,page,theindustryguides.com,content/_live/published_urls.json
https://theindustryguides.com/uscis-medical/guides/fees-and-questions-to-ask/,/uscis-medical/guides/fees-and-questions-to-ask/,2026-06-19,page,theindustryguides.com,content/_live/published_urls.json
https://theindustryguides.com/uscis-medical/guides/how-to-use-the-civil-surgeon-locator/,/uscis-medical/guides/how-to-use-the-civil-surgeon-locator/,2026-06-19,page,theindustryguides.com,content/_live/published_urls.json
https://theindustryguides.com/uscis-medical/guides/i-693-cost/,/uscis-medical/guides/i-693-cost/,2026-06-19,page,theindustryguides.com,content/_live/published_urls.json
https://theindustryguides.com/uscis-medical/guides/i-693-expiration/,/uscis-medical/guides/i-693-expiration/,2026-06-19,page,theindustryguides.com,content/_live/published_urls.json
https://theindustryguides.com/uscis-medical/guides/i-693-form-explained/,/uscis-medical/guides/i-693-form-explained/,2026-06-19,page,theindustryguides.com,content/_live/published_urls.json
https://theindustryguides.com/uscis-medical/guides/timeline-and-scheduling/,/uscis-medical/guides/timeline-and-scheduling/,2026-06-19,page,theindustryguides.com,content/_live/published_urls.json
https://theindustryguides.com/uscis-medical/guides/vaccines-required-2026/,/uscis-medical/guides/vaccines-required-2026/,2026-06-19,page,theindustryguides.com,content/_live/published_urls.json
https://theindustryguides.com/uscis-medical/guides/what-to-bring/,/uscis-medical/guides/what-to-bring/,2026-06-19,page,theindustryguides.com,content/_live/published_urls.json
https://theindustryguides.com/uscis-medical/process-documents/,/uscis-medical/process-documents/,2026-06-26,page,theindustryguides.com,content/_live/published_urls.json
https://theindustryguides.com/uscis-medical/states/alabama/civil-surgeon/,/uscis-medical/states/alabama/civil-surgeon/,2026-06-26,page,theindustryguides.com,content/_live/published_urls.json
https://theindustryguides.com/uscis-medical/states/alaska/civil-surgeon/,/uscis-medical/states/alaska/civil-surgeon/,2026-06-26,page,theindustryguides.com,content/_live/published_urls.json
https://theindustryguides.com/uscis-medical/states/arizona/civil-surgeon/,/uscis-medical/states/arizona/civil-surgeon/,2026-06-26,page,theindustryguides.com,content/_live/published_urls.json
https://theindustryguides.com/uscis-medical/states/arkansas/civil-surgeon/,/uscis-medical/states/arkansas/civil-surgeon/,2026-06-26,page,theindustryguides.com,content/_live/published_urls.json
https://theindustryguides.com/uscis-medical/states/california/civil-surgeon/,/uscis-medical/states/california/civil-surgeon/,2026-06-26,page,theindustryguides.com,content/_live/published_urls.json
https://theindustryguides.com/uscis-medical/states/colorado/civil-surgeon/,/uscis-medical/states/colorado/civil-surgeon/,2026-06-26,page,theindustryguides.com,content/_live/published_urls.json
https://theindustryguides.com/uscis-medical/states/connecticut/civil-surgeon/,/uscis-medical/states/connecticut/civil-surgeon/,2026-06-26,page,theindustryguides.com,content/_live/published_urls.json
https://theindustryguides.com/uscis-medical/states/delaware/civil-surgeon/,/uscis-medical/states/delaware/civil-surgeon/,2026-06-26,page,theindustryguides.com,content/_live/published_urls.json
https://theindustryguides.com/uscis-medical/states/florida/civil-surgeon/,/uscis-medical/states/florida/civil-surgeon/,2026-06-26,page,theindustryguides.com,content/_live/published_urls.json
https://theindustryguides.com/uscis-medical/states/georgia/civil-surgeon/,/uscis-medical/states/georgia/civil-surgeon/,2026-06-26,page,theindustryguides.com,content/_live/published_urls.json
https://theindustryguides.com/uscis-medical/states/hawaii/civil-surgeon/,/uscis-medical/states/hawaii/civil-surgeon/,2026-06-26,page,theindustryguides.com,content/_live/published_urls.json
https://theindustryguides.com/uscis-medical/states/idaho/civil-surgeon/,/uscis-medical/states/idaho/civil-surgeon/,2026-06-26,page,theindustryguides.com,content/_live/published_urls.json
https://theindustryguides.com/uscis-medical/states/illinois/civil-surgeon/,/uscis-medical/states/illinois/civil-surgeon/,2026-06-26,page,theindustryguides.com,content/_live/published_urls.json
https://theindustryguides.com/uscis-medical/states/indiana/civil-surgeon/,/uscis-medical/states/indiana/civil-surgeon/,2026-06-26,page,theindustryguides.com,content/_live/published_urls.json
https://theindustryguides.com/uscis-medical/states/iowa/civil-surgeon/,/uscis-medical/states/iowa/civil-surgeon/,2026-06-26,page,theindustryguides.com,content/_live/published_urls.json
https://theindustryguides.com/uscis-medical/states/kansas/civil-surgeon/,/uscis-medical/states/kansas/civil-surgeon/,2026-06-26,page,theindustryguides.com,content/_live/published_urls.json
https://theindustryguides.com/uscis-medical/states/kentucky/civil-surgeon/,/uscis-medical/states/kentucky/civil-surgeon/,2026-06-26,page,theindustryguides.com,content/_live/published_urls.json
https://theindustryguides.com/uscis-medical/states/louisiana/civil-surgeon/,/uscis-medical/states/louisiana/civil-surgeon/,2026-06-26,page,theindustryguides.com,content/_live/published_urls.json
https://theindustryguides.com/uscis-medical/states/maine/civil-surgeon/,/uscis-medical/states/maine/civil-surgeon/,2026-06-26,page,theindustryguides.com,content/_live/published_urls.json
https://theindustryguides.com/uscis-medical/states/maryland/civil-surgeon/,/uscis-medical/states/maryland/civil-surgeon/,2026-06-26,page,theindustryguides.com,content/_live/published_urls.json
https://theindustryguides.com/uscis-medical/states/massachusetts/civil-surgeon/,/uscis-medical/states/massachusetts/civil-surgeon/,2026-06-26,page,theindustryguides.com,content/_live/published_urls.json
https://theindustryguides.com/uscis-medical/states/michigan/civil-surgeon/,/uscis-medical/states/michigan/civil-surgeon/,2026-06-26,page,theindustryguides.com,content/_live/published_urls.json
https://theindustryguides.com/uscis-medical/states/minnesota/civil-surgeon/,/uscis-medical/states/minnesota/civil-surgeon/,2026-06-26,page,theindustryguides.com,content/_live/published_urls.json
https://theindustryguides.com/uscis-medical/states/mississippi/civil-surgeon/,/uscis-medical/states/mississippi/civil-surgeon/,2026-06-26,page,theindustryguides.com,content/_live/published_urls.json
https://theindustryguides.com/uscis-medical/states/missouri/civil-surgeon/,/uscis-medical/states/missouri/civil-surgeon/,2026-06-26,page,theindustryguides.com,content/_live/published_urls.json
https://theindustryguides.com/uscis-medical/states/montana/civil-surgeon/,/uscis-medical/states/montana/civil-surgeon/,2026-06-26,page,theindustryguides.com,content/_live/published_urls.json
https://theindustryguides.com/uscis-medical/states/nebraska/civil-surgeon/,/uscis-medical/states/nebraska/civil-surgeon/,2026-06-26,page,theindustryguides.com,content/_live/published_urls.json
https://theindustryguides.com/uscis-medical/states/nevada/civil-surgeon/,/uscis-medical/states/nevada/civil-surgeon/,2026-06-26,page,theindustryguides.com,content/_live/published_urls.json
https://theindustryguides.com/uscis-medical/states/new-hampshire/civil-surgeon/,/uscis-medical/states/new-hampshire/civil-surgeon/,2026-06-26,page,theindustryguides.com,content/_live/published_urls.json
https://theindustryguides.com/uscis-medical/states/new-jersey/civil-surgeon/,/uscis-medical/states/new-jersey/civil-surgeon/,2026-06-26,page,theindustryguides.com,content/_live/published_urls.json
https://theindustryguides.com/uscis-medical/states/new-mexico/civil-surgeon/,/uscis-medical/states/new-mexico/civil-surgeon/,2026-06-26,page,theindustryguides.com,content/_live/published_urls.json
https://theindustryguides.com/uscis-medical/states/new-york/civil-surgeon/,/uscis-medical/states/new-york/civil-surgeon/,2026-06-26,page,theindustryguides.com,content/_live/published_urls.json
https://theindustryguides.com/uscis-medical/states/north-carolina/civil-surgeon/,/uscis-medical/states/north-carolina/civil-surgeon/,2026-06-26,page,theindustryguides.com,content/_live/published_urls.json
https://theindustryguides.com/uscis-medical/states/north-dakota/civil-surgeon/,/uscis-medical/states/north-dakota/civil-surgeon/,2026-06-26,page,theindustryguides.com,content/_live/published_urls.json
https://theindustryguides.com/uscis-medical/states/ohio/civil-surgeon/,/uscis-medical/states/ohio/civil-surgeon/,2026-06-26,page,theindustryguides.com,content/_live/published_urls.json
https://theindustryguides.com/uscis-medical/states/oklahoma/civil-surgeon/,/uscis-medical/states/oklahoma/civil-surgeon/,2026-06-26,page,theindustryguides.com,content/_live/published_urls.json
https://theindustryguides.com/uscis-medical/states/oregon/civil-surgeon/,/uscis-medical/states/oregon/civil-surgeon/,2026-06-26,page,theindustryguides.com,content/_live/published_urls.json
https://theindustryguides.com/uscis-medical/states/pennsylvania/civil-surgeon/,/uscis-medical/states/pennsylvania/civil-surgeon/,2026-06-26,page,theindustryguides.com,content/_live/published_urls.json
https://theindustryguides.com/uscis-medical/states/rhode-island/civil-surgeon/,/uscis-medical/states/rhode-island/civil-surgeon/,2026-06-26,page,theindustryguides.com,content/_live/published_urls.json
https://theindustryguides.com/uscis-medical/states/south-carolina/civil-surgeon/,/uscis-medical/states/south-carolina/civil-surgeon/,2026-06-26,page,theindustryguides.com,content/_live/published_urls.json
https://theindustryguides.com/uscis-medical/states/south-dakota/civil-surgeon/,/uscis-medical/states/south-dakota/civil-surgeon/,2026-06-26,page,theindustryguides.com,content/_live/published_urls.json
https://theindustryguides.com/uscis-medical/states/tennessee/civil-surgeon/,/uscis-medical/states/tennessee/civil-surgeon/,2026-06-26,page,theindustryguides.com,content/_live/published_urls.json
https://theindustryguides.com/uscis-medical/states/texas/civil-surgeon/,/uscis-medical/states/texas/civil-surgeon/,2026-06-26,page,theindustryguides.com,content/_live/published_urls.json
https://theindustryguides.com/uscis-medical/states/utah/civil-surgeon/,/uscis-medical/states/utah/civil-surgeon/,2026-06-26,page,theindustryguides.com,content/_live/published_urls.json
https://theindustryguides.com/uscis-medical/states/vermont/civil-surgeon/,/uscis-medical/states/vermont/civil-surgeon/,2026-06-26,page,theindustryguides.com,content/_live/published_urls.json
https://theindustryguides.com/uscis-medical/states/virginia/civil-surgeon/,/uscis-medical/states/virginia/civil-surgeon/,2026-06-26,page,theindustryguides.com,content/_live/published_urls.json
https://theindustryguides.com/uscis-medical/states/washington/civil-surgeon/,/uscis-medical/states/washington/civil-surgeon/,2026-06-26,page,theindustryguides.com,content/_live/published_urls.json
https://theindustryguides.com/uscis-medical/states/west-virginia/civil-surgeon/,/uscis-medical/states/west-virginia/civil-surgeon/,2026-06-26,page,theindustryguides.com,content/_live/published_urls.json
https://theindustryguides.com/uscis-medical/states/wisconsin/civil-surgeon/,/uscis-medical/states/wisconsin/civil-surgeon/,2026-06-26,page,theindustryguides.com,content/_live/published_urls.json
https://theindustryguides.com/uscis-medical/states/wyoming/civil-surgeon/,/uscis-medical/states/wyoming/civil-surgeon/,2026-06-26,page,theindustryguides.com,content/_live/published_urls.json
https://theindustryguides.com/uscis-medical/timeline-validity/,/uscis-medical/timeline-validity/,2026-06-26,page,theindustryguides.com,content/_live/published_urls.json
https://theindustryguides.com/uscis-medical/vaccines-labs/,/uscis-medical/vaccines-labs/,2026-06-26,page,theindustryguides.com,content/_live/published_urls.json
